:0200000460009A
:100000004643464200000156000000000103030081
:1000100000000000000000000000000000000000E0
:1000200000000000000000000000000000000000D0
:1000300000000000000000000000000000000000C0
:1000400000000000010408000000000000000000A3
:100050000000800000000000000000000000000020
:100060000000000000000000000000000000000090
:100070000000000000000000000000000000000080
:10008000EB04180A063204260000000000000000FD
:10009000050404240000000000000000000000002F
:1000A0000000000000000000000000000000000050
:1000B0000604000000000000000000000000000036
:1000C0000000000000000000000000000000000030
:1000D00020041808000000000000000000000000DC
:1000E0000000000000000000000000000000000010
:1000F0000000000000000000000000000000000000
:10010000D8041808000000000000000000000000F3
:100110000204180804200000000000000000000095
:1001200000000000000000000000000000000000CF
:10013000600400000000000000000000000000005B
:1001400000000000000000000000000000000000AF
:10015000000000000000000000000000000000009F
:10016000000000000000000000000000000000008F
:10017000000000000000000000000000000000007F
:10018000000000000000000000000000000000006F
:10019000000000000000000000000000000000005F
:1001A000000000000000000000000000000000004F
:1001B000000000000000000000000000000000003F
:1001C000000100000010000001000000000000001D
:1001D000000001000000000000000000000000001E
:1001E000000000000000000000000000000000000F
:1001F00000000000000000000000000000000000FF
:10020000FFFFFFFFFFFFFFFFFFFFFFFFFFFFFFFFFE
:10021000FFFFFFFFFFFFFFFFFFFFFFFFFFFFFFFFEE
:10022000FFFFFFFFFFFFFFFFFFFFFFFFFFFFFFFFDE
:10023000FFFFFFFFFFFFFFFFFFFFFFFFFFFFFFFFCE
:10024000FFFFFFFFFFFFFFFFFFFFFFFFFFFFFFFFBE
:10025000FFFFFFFFFFFFFFFFFFFFFFFFFFFFFFFFAE
:10026000FFFFFFFFFFFFFFFFFFFFFFFFFFFFFFFF9E
:10027000FFFFFFFFFFFFFFFFFFFFFFFFFFFFFFFF8E
:10028000FFFFFFFFFFFFFFFFFFFFFFFFFFFFFFFF7E
:10029000FFFFFFFFFFFFFFFFFFFFFFFFFFFFFFFF6E
:1002A000FFFFFFFFFFFFFFFFFFFFFFFFFFFFFFFF5E
:1002B000FFFFFFFFFFFFFFFFFFFFFFFFFFFFFFFF4E
:1002C000FFFFFFFFFFFFFFFFFFFFFFFFFFFFFFFF3E
:1002D000FFFFFFFFFFFFFFFFFFFFFFFFFFFFFFFF2E
:1002E000FFFFFFFFFFFFFFFFFFFFFFFFFFFFFFFF1E
:1002F000FFFFFFFFFFFFFFFFFFFFFFFFFFFFFFFF0E
:10030000FFFFFFFFFFFFFFFFFFFFFFFFFFFFFFFFFD
:10031000FFFFFFFFFFFFFFFFFFFFFFFFFFFFFFFFED
:10032000FFFFFFFFFFFFFFFFFFFFFFFFFFFFFFFFDD
:10033000FFFFFFFFFFFFFFFFFFFFFFFFFFFFFFFFCD
:10034000FFFFFFFFFFFFFFFFFFFFFFFFFFFFFFFFBD
:10035000FFFFFFFFFFFFFFFFFFFFFFFFFFFFFFFFAD
:10036000FFFFFFFFFFFFFFFFFFFFFFFFFFFFFFFF9D
:10037000FFFFFFFFFFFFFFFFFFFFFFFFFFFFFFFF8D
:10038000FFFFFFFFFFFFFFFFFFFFFFFFFFFFFFFF7D
:10039000FFFFFFFFFFFFFFFFFFFFFFFFFFFFFFFF6D
:1003A000FFFFFFFFFFFFFFFFFFFFFFFFFFFFFFFF5D
:1003B000FFFFFFFFFFFFFFFFFFFFFFFFFFFFFFFF4D
:1003C000FFFFFFFFFFFFFFFFFFFFFFFFFFFFFFFF3D
:1003D000FFFFFFFFFFFFFFFFFFFFFFFFFFFFFFFF2D
:1003E000FFFFFFFFFFFFFFFFFFFFFFFFFFFFFFFF1D
:1003F000FFFFFFFFFFFFFFFFFFFFFFFFFFFFFFFF0D
:10040000FFFFFFFFFFFFFFFFFFFFFFFFFFFFFFFFFC
:10041000FFFFFFFFFFFFFFFFFFFFFFFFFFFFFFFFEC
:10042000FFFFFFFFFFFFFFFFFFFFFFFFFFFFFFFFDC
:10043000FFFFFFFFFFFFFFFFFFFFFFFFFFFFFFFFCC
:10044000FFFFFFFFFFFFFFFFFFFFFFFFFFFFFFFFBC
:10045000FFFFFFFFFFFFFFFFFFFFFFFFFFFFFFFFAC
:10046000FFFFFFFFFFFFFFFFFFFFFFFFFFFFFFFF9C
:10047000FFFFFFFFFFFFFFFFFFFFFFFFFFFFFFFF8C
:10048000FFFFFFFFFFFFFFFFFFFFFFFFFFFFFFFF7C
:10049000FFFFFFFFFFFFFFFFFFFFFFFFFFFFFFFF6C
:1004A000FFFFFFFFFFFFFFFFFFFFFFFFFFFFFFFF5C
:1004B000FFFFFFFFFFFFFFFFFFFFFFFFFFFFFFFF4C
:1004C000FFFFFFFFFFFFFFFFFFFFFFFFFFFFFFFF3C
:1004D000FFFFFFFFFFFFFFFFFFFFFFFFFFFFFFFF2C
:1004E000FFFFFFFFFFFFFFFFFFFFFFFFFFFFFFFF1C
:1004F000FFFFFFFFFFFFFFFFFFFFFFFFFFFFFFFF0C
:10050000FFFFFFFFFFFFFFFFFFFFFFFFFFFFFFFFFB
:10051000FFFFFFFFFFFFFFFFFFFFFFFFFFFFFFFFEB
:10052000FFFFFFFFFFFFFFFFFFFFFFFFFFFFFFFFDB
:10053000FFFFFFFFFFFFFFFFFFFFFFFFFFFFFFFFCB
:10054000FFFFFFFFFFFFFFFFFFFFFFFFFFFFFFFFBB
:10055000FFFFFFFFFFFFFFFFFFFFFFFFFFFFFFFFAB
:10056000FFFFFFFFFFFFFFFFFFFFFFFFFFFFFFFF9B
:10057000FFFFFFFFFFFFFFFFFFFFFFFFFFFFFFFF8B
:10058000FFFFFFFFFFFFFFFFFFFFFFFFFFFFFFFF7B
:10059000FFFFFFFFFFFFFFFFFFFFFFFFFFFFFFFF6B
:1005A000FFFFFFFFFFFFFFFFFFFFFFFFFFFFFFFF5B
:1005B000FFFFFFFFFFFFFFFFFFFFFFFFFFFFFFFF4B
:1005C000FFFFFFFFFFFFFFFFFFFFFFFFFFFFFFFF3B
:1005D000FFFFFFFFFFFFFFFFFFFFFFFFFFFFFFFF2B
:1005E000FFFFFFFFFFFFFFFFFFFFFFFFFFFFFFFF1B
:1005F000FFFFFFFFFFFFFFFFFFFFFFFFFFFFFFFF0B
:10060000FFFFFFFFFFFFFFFFFFFFFFFFFFFFFFFFFA
:10061000FFFFFFFFFFFFFFFFFFFFFFFFFFFFFFFFEA
:10062000FFFFFFFFFFFFFFFFFFFFFFFFFFFFFFFFDA
:10063000FFFFFFFFFFFFFFFFFFFFFFFFFFFFFFFFCA
:10064000FFFFFFFFFFFFFFFFFFFFFFFFFFFFFFFFBA
:10065000FFFFFFFFFFFFFFFFFFFFFFFFFFFFFFFFAA
:10066000FFFFFFFFFFFFFFFFFFFFFFFFFFFFFFFF9A
:10067000FFFFFFFFFFFFFFFFFFFFFFFFFFFFFFFF8A
:10068000FFFFFFFFFFFFFFFFFFFFFFFFFFFFFFFF7A
:10069000FFFFFFFFFFFFFFFFFFFFFFFFFFFFFFFF6A
:1006A000FFFFFFFFFFFFFFFFFFFFFFFFFFFFFFFF5A
:1006B000FFFFFFFFFFFFFFFFFFFFFFFFFFFFFFFF4A
:1006C000FFFFFFFFFFFFFFFFFFFFFFFFFFFFFFFF3A
:1006D000FFFFFFFFFFFFFFFFFFFFFFFFFFFFFFFF2A
:1006E000FFFFFFFFFFFFFFFFFFFFFFFFFFFFFFFF1A
:1006F000FFFFFFFFFFFFFFFFFFFFFFFFFFFFFFFF0A
:10070000FFFFFFFFFFFFFFFFFFFFFFFFFFFFFFFFF9
:10071000FFFFFFFFFFFFFFFFFFFFFFFFFFFFFFFFE9
:10072000FFFFFFFFFFFFFFFFFFFFFFFFFFFFFFFFD9
:10073000FFFFFFFFFFFFFFFFFFFFFFFFFFFFFFFFC9
:10074000FFFFFFFFFFFFFFFFFFFFFFFFFFFFFFFFB9
:10075000FFFFFFFFFFFFFFFFFFFFFFFFFFFFFFFFA9
:10076000FFFFFFFFFFFFFFFFFFFFFFFFFFFFFFFF99
:10077000FFFFFFFFFFFFFFFFFFFFFFFFFFFFFFFF89
:10078000FFFFFFFFFFFFFFFFFFFFFFFFFFFFFFFF79
:10079000FFFFFFFFFFFFFFFFFFFFFFFFFFFFFFFF69
:1007A000FFFFFFFFFFFFFFFFFFFFFFFFFFFFFFFF59
:1007B000FFFFFFFFFFFFFFFFFFFFFFFFFFFFFFFF49
:1007C000FFFFFFFFFFFFFFFFFFFFFFFFFFFFFFFF39
:1007D000FFFFFFFFFFFFFFFFFFFFFFFFFFFFFFFF29
:1007E000FFFFFFFFFFFFFFFFFFFFFFFFFFFFFFFF19
:1007F000FFFFFFFFFFFFFFFFFFFFFFFFFFFFFFFF09
:10080000FFFFFFFFFFFFFFFFFFFFFFFFFFFFFFFFF8
:10081000FFFFFFFFFFFFFFFFFFFFFFFFFFFFFFFFE8
:10082000FFFFFFFFFFFFFFFFFFFFFFFFFFFFFFFFD8
:10083000FFFFFFFFFFFFFFFFFFFFFFFFFFFFFFFFC8
:10084000FFFFFFFFFFFFFFFFFFFFFFFFFFFFFFFFB8
:10085000FFFFFFFFFFFFFFFFFFFFFFFFFFFFFFFFA8
:10086000FFFFFFFFFFFFFFFFFFFFFFFFFFFFFFFF98
:10087000FFFFFFFFFFFFFFFFFFFFFFFFFFFFFFFF88
:10088000FFFFFFFFFFFFFFFFFFFFFFFFFFFFFFFF78
:10089000FFFFFFFFFFFFFFFFFFFFFFFFFFFFFFFF68
:1008A000FFFFFFFFFFFFFFFFFFFFFFFFFFFFFFFF58
:1008B000FFFFFFFFFFFFFFFFFFFFFFFFFFFFFFFF48
:1008C000FFFFFFFFFFFFFFFFFFFFFFFFFFFFFFFF38
:1008D000FFFFFFFFFFFFFFFFFFFFFFFFFFFFFFFF28
:1008E000FFFFFFFFFFFFFFFFFFFFFFFFFFFFFFFF18
:1008F000FFFFFFFFFFFFFFFFFFFFFFFFFFFFFFFF08
:10090000FFFFFFFFFFFFFFFFFFFFFFFFFFFFFFFFF7
:10091000FFFFFFFFFFFFFFFFFFFFFFFFFFFFFFFFE7
:10092000FFFFFFFFFFFFFFFFFFFFFFFFFFFFFFFFD7
:10093000FFFFFFFFFFFFFFFFFFFFFFFFFFFFFFFFC7
:10094000FFFFFFFFFFFFFFFFFFFFFFFFFFFFFFFFB7
:10095000FFFFFFFFFFFFFFFFFFFFFFFFFFFFFFFFA7
:10096000FFFFFFFFFFFFFFFFFFFFFFFFFFFFFFFF97
:10097000FFFFFFFFFFFFFFFFFFFFFFFFFFFFFFFF87
:10098000FFFFFFFFFFFFFFFFFFFFFFFFFFFFFFFF77
:10099000FFFFFFFFFFFFFFFFFFFFFFFFFFFFFFFF67
:1009A000FFFFFFFFFFFFFFFFFFFFFFFFFFFFFFFF57
:1009B000FFFFFFFFFFFFFFFFFFFFFFFFFFFFFFFF47
:1009C000FFFFFFFFFFFFFFFFFFFFFFFFFFFFFFFF37
:1009D000FFFFFFFFFFFFFFFFFFFFFFFFFFFFFFFF27
:1009E000FFFFFFFFFFFFFFFFFFFFFFFFFFFFFFFF17
:1009F000FFFFFFFFFFFFFFFFFFFFFFFFFFFFFFFF07
:100A0000FFFFFFFFFFFFFFFFFFFFFFFFFFFFFFFFF6
:100A1000FFFFFFFFFFFFFFFFFFFFFFFFFFFFFFFFE6
:100A2000FFFFFFFFFFFFFFFFFFFFFFFFFFFFFFFFD6
:100A3000FFFFFFFFFFFFFFFFFFFFFFFFFFFFFFFFC6
:100A4000FFFFFFFFFFFFFFFFFFFFFFFFFFFFFFFFB6
:100A5000FFFFFFFFFFFFFFFFFFFFFFFFFFFFFFFFA6
:100A6000FFFFFFFFFFFFFFFFFFFFFFFFFFFFFFFF96
:100A7000FFFFFFFFFFFFFFFFFFFFFFFFFFFFFFFF86
:100A8000FFFFFFFFFFFFFFFFFFFFFFFFFFFFFFFF76
:100A9000FFFFFFFFFFFFFFFFFFFFFFFFFFFFFFFF66
:100AA000FFFFFFFFFFFFFFFFFFFFFFFFFFFFFFFF56
:100AB000FFFFFFFFFFFFFFFFFFFFFFFFFFFFFFFF46
:100AC000FFFFFFFFFFFFFFFFFFFFFFFFFFFFFFFF36
:100AD000FFFFFFFFFFFFFFFFFFFFFFFFFFFFFFFF26
:100AE000FFFFFFFFFFFFFFFFFFFFFFFFFFFFFFFF16
:100AF000FFFFFFFFFFFFFFFFFFFFFFFFFFFFFFFF06
:100B0000FFFFFFFFFFFFFFFFFFFFFFFFFFFFFFFFF5
:100B1000FFFFFFFFFFFFFFFFFFFFFFFFFFFFFFFFE5
:100B2000FFFFFFFFFFFFFFFFFFFFFFFFFFFFFFFFD5
:100B3000FFFFFFFFFFFFFFFFFFFFFFFFFFFFFFFFC5
:100B4000FFFFFFFFFFFFFFFFFFFFFFFFFFFFFFFFB5
:100B5000FFFFFFFFFFFFFFFFFFFFFFFFFFFFFFFFA5
:100B6000FFFFFFFFFFFFFFFFFFFFFFFFFFFFFFFF95
:100B7000FFFFFFFFFFFFFFFFFFFFFFFFFFFFFFFF85
:100B8000FFFFFFFFFFFFFFFFFFFFFFFFFFFFFFFF75
:100B9000FFFFFFFFFFFFFFFFFFFFFFFFFFFFFFFF65
:100BA000FFFFFFFFFFFFFFFFFFFFFFFFFFFFFFFF55
:100BB000FFFFFFFFFFFFFFFFFFFFFFFFFFFFFFFF45
:100BC000FFFFFFFFFFFFFFFFFFFFFFFFFFFFFFFF35
:100BD000FFFFFFFFFFFFFFFFFFFFFFFFFFFFFFFF25
:100BE000FFFFFFFFFFFFFFFFFFFFFFFFFFFFFFFF15
:100BF000FFFFFFFFFFFFFFFFFFFFFFFFFFFFFFFF05
:100C0000FFFFFFFFFFFFFFFFFFFFFFFFFFFFFFFFF4
:100C1000FFFFFFFFFFFFFFFFFFFFFFFFFFFFFFFFE4
:100C2000FFFFFFFFFFFFFFFFFFFFFFFFFFFFFFFFD4
:100C3000FFFFFFFFFFFFFFFFFFFFFFFFFFFFFFFFC4
:100C4000FFFFFFFFFFFFFFFFFFFFFFFFFFFFFFFFB4
:100C5000FFFFFFFFFFFFFFFFFFFFFFFFFFFFFFFFA4
:100C6000FFFFFFFFFFFFFFFFFFFFFFFFFFFFFFFF94
:100C7000FFFFFFFFFFFFFFFFFFFFFFFFFFFFFFFF84
:100C8000FFFFFFFFFFFFFFFFFFFFFFFFFFFFFFFF74
:100C9000FFFFFFFFFFFFFFFFFFFFFFFFFFFFFFFF64
:100CA000FFFFFFFFFFFFFFFFFFFFFFFFFFFFFFFF54
:100CB000FFFFFFFFFFFFFFFFFFFFFFFFFFFFFFFF44
:100CC000FFFFFFFFFFFFFFFFFFFFFFFFFFFFFFFF34
:100CD000FFFFFFFFFFFFFFFFFFFFFFFFFFFFFFFF24
:100CE000FFFFFFFFFFFFFFFFFFFFFFFFFFFFFFFF14
:100CF000FFFFFFFFFFFFFFFFFFFFFFFFFFFFFFFF04
:100D0000FFFFFFFFFFFFFFFFFFFFFFFFFFFFFFFFF3
:100D1000FFFFFFFFFFFFFFFFFFFFFFFFFFFFFFFFE3
:100D2000FFFFFFFFFFFFFFFFFFFFFFFFFFFFFFFFD3
:100D3000FFFFFFFFFFFFFFFFFFFFFFFFFFFFFFFFC3
:100D4000FFFFFFFFFFFFFFFFFFFFFFFFFFFFFFFFB3
:100D5000FFFFFFFFFFFFFFFFFFFFFFFFFFFFFFFFA3
:100D6000FFFFFFFFFFFFFFFFFFFFFFFFFFFFFFFF93
:100D7000FFFFFFFFFFFFFFFFFFFFFFFFFFFFFFFF83
:100D8000FFFFFFFFFFFFFFFFFFFFFFFFFFFFFFFF73
:100D9000FFFFFFFFFFFFFFFFFFFFFFFFFFFFFFFF63
:100DA000FFFFFFFFFFFFFFFFFFFFFFFFFFFFFFFF53
:100DB000FFFFFFFFFFFFFFFFFFFFFFFFFFFFFFFF43
:100DC000FFFFFFFFFFFFFFFFFFFFFFFFFFFFFFFF33
:100DD000FFFFFFFFFFFFFFFFFFFFFFFFFFFFFFFF23
:100DE000FFFFFFFFFFFFFFFFFFFFFFFFFFFFFFFF13
:100DF000FFFFFFFFFFFFFFFFFFFFFFFFFFFFFFFF03
:100E0000FFFFFFFFFFFFFFFFFFFFFFFFFFFFFFFFF2
:100E1000FFFFFFFFFFFFFFFFFFFFFFFFFFFFFFFFE2
:100E2000FFFFFFFFFFFFFFFFFFFFFFFFFFFFFFFFD2
:100E3000FFFFFFFFFFFFFFFFFFFFFFFFFFFFFFFFC2
:100E4000FFFFFFFFFFFFFFFFFFFFFFFFFFFFFFFFB2
:100E5000FFFFFFFFFFFFFFFFFFFFFFFFFFFFFFFFA2
:100E6000FFFFFFFFFFFFFFFFFFFFFFFFFFFFFFFF92
:100E7000FFFFFFFFFFFFFFFFFFFFFFFFFFFFFFFF82
:100E8000FFFFFFFFFFFFFFFFFFFFFFFFFFFFFFFF72
:100E9000FFFFFFFFFFFFFFFFFFFFFFFFFFFFFFFF62
:100EA000FFFFFFFFFFFFFFFFFFFFFFFFFFFFFFFF52
:100EB000FFFFFFFFFFFFFFFFFFFFFFFFFFFFFFFF42
:100EC000FFFFFFFFFFFFFFFFFFFFFFFFFFFFFFFF32
:100ED000FFFFFFFFFFFFFFFFFFFFFFFFFFFFFFFF22
:100EE000FFFFFFFFFFFFFFFFFFFFFFFFFFFFFFFF12
:100EF000FFFFFFFFFFFFFFFFFFFFFFFFFFFFFFFF02
:100F0000FFFFFFFFFFFFFFFFFFFFFFFFFFFFFFFFF1
:100F1000FFFFFFFFFFFFFFFFFFFFFFFFFFFFFFFFE1
:100F2000FFFFFFFFFFFFFFFFFFFFFFFFFFFFFFFFD1
:100F3000FFFFFFFFFFFFFFFFFFFFFFFFFFFFFFFFC1
:100F4000FFFFFFFFFFFFFFFFFFFFFFFFFFFFFFFFB1
:100F5000FFFFFFFFFFFFFFFFFFFFFFFFFFFFFFFFA1
:100F6000FFFFFFFFFFFFFFFFFFFFFFFFFFFFFFFF91
:100F7000FFFFFFFFFFFFFFFFFFFFFFFFFFFFFFFF81
:100F8000FFFFFFFFFFFFFFFFFFFFFFFFFFFFFFFF71
:100F9000FFFFFFFFFFFFFFFFFFFFFFFFFFFFFFFF61
:100FA000FFFFFFFFFFFFFFFFFFFFFFFFFFFFFFFF51
:100FB000FFFFFFFFFFFFFFFFFFFFFFFFFFFFFFFF41
:100FC000FFFFFFFFFFFFFFFFFFFFFFFFFFFFFFFF31
:100FD000FFFFFFFFFFFFFFFFFFFFFFFFFFFFFFFF21
:100FE000FFFFFFFFFFFFFFFFFFFFFFFFFFFFFFFF11
:100FF000FFFFFFFFFFFFFFFFFFFFFFFFFFFFFFFF01
:10100000D1002043F1150060000000000000000046
:10101000201000600010006000C4026000000000AA
:101020000000006000D0020000000000FFFFFFFF92
:10103000FFFFFFFFFFFFFFFFFFFFFFFFFFFFFFFFC0
:10104000FFFFFFFFFFFFFFFFFFFFFFFFFFFFFFFFB0
:10105000FFFFFFFFFFFFFFFFFFFFFFFFFFFFFFFFA0
:10106000FFFFFFFFFFFFFFFFFFFFFFFFFFFFFFFF90
:10107000FFFFFFFFFFFFFFFFFFFFFFFFFFFFFFFF80
:10108000FFFFFFFFFFFFFFFFFFFFFFFFFFFFFFFF70
:10109000FFFFFFFFFFFFFFFFFFFFFFFFFFFFFFFF60
:1010A000FFFFFFFFFFFFFFFFFFFFFFFFFFFFFFFF50
:1010B000FFFFFFFFFFFFFFFFFFFFFFFFFFFFFFFF40
:1010C000FFFFFFFFFFFFFFFFFFFFFFFFFFFFFFFF30
:1010D000FFFFFFFFFFFFFFFFFFFFFFFFFFFFFFFF20
:1010E000FFFFFFFFFFFFFFFFFFFFFFFFFFFFFFFF10
:1010F000FFFFFFFFFFFFFFFFFFFFFFFFFFFFFFFF00
:10110000FFFFFFFFFFFFFFFFFFFFFFFFFFFFFFFFEF
:10111000FFFFFFFFFFFFFFFFFFFFFFFFFFFFFFFFDF
:10112000FFFFFFFFFFFFFFFFFFFFFFFFFFFFFFFFCF
:10113000FFFFFFFFFFFFFFFFFFFFFFFFFFFFFFFFBF
:10114000FFFFFFFFFFFFFFFFFFFFFFFFFFFFFFFFAF
:10115000FFFFFFFFFFFFFFFFFFFFFFFFFFFFFFFF9F
:10116000FFFFFFFFFFFFFFFFFFFFFFFFFFFFFFFF8F
:10117000FFFFFFFFFFFFFFFFFFFFFFFFFFFFFFFF7F
:10118000FFFFFFFFFFFFFFFFFFFFFFFFFFFFFFFF6F
:10119000FFFFFFFFFFFFFFFFFFFFFFFFFFFFFFFF5F
:1011A000FFFFFFFFFFFFFFFFFFFFFFFFFFFFFFFF4F
:1011B000FFFFFFFFFFFFFFFFFFFFFFFFFFFFFFFF3F
:1011C000FFFFFFFFFFFFFFFFFFFFFFFFFFFFFFFF2F
:1011D000FFFFFFFFFFFFFFFFFFFFFFFFFFFFFFFF1F
:1011E000FFFFFFFFFFFFFFFFFFFFFFFFFFFFFFFF0F
:1011F000FFFFFFFFFFFFFFFFFFFFFFFFFFFFFFFFFF
:10120000FFFFFFFFFFFFFFFFFFFFFFFFFFFFFFFFEE
:10121000FFFFFFFFFFFFFFFFFFFFFFFFFFFFFFFFDE
:10122000FFFFFFFFFFFFFFFFFFFFFFFFFFFFFFFFCE
:10123000FFFFFFFFFFFFFFFFFFFFFFFFFFFFFFFFBE
:10124000FFFFFFFFFFFFFFFFFFFFFFFFFFFFFFFFAE
:10125000FFFFFFFFFFFFFFFFFFFFFFFFFFFFFFFF9E
:10126000FFFFFFFFFFFFFFFFFFFFFFFFFFFFFFFF8E
:10127000FFFFFFFFFFFFFFFFFFFFFFFFFFFFFFFF7E
:10128000FFFFFFFFFFFFFFFFFFFFFFFFFFFFFFFF6E
:10129000FFFFFFFFFFFFFFFFFFFFFFFFFFFFFFFF5E
:1012A000FFFFFFFFFFFFFFFFFFFFFFFFFFFFFFFF4E
:1012B000FFFFFFFFFFFFFFFFFFFFFFFFFFFFFFFF3E
:1012C000FFFFFFFFFFFFFFFFFFFFFFFFFFFFFFFF2E
:1012D000FFFFFFFFFFFFFFFFFFFFFFFFFFFFFFFF1E
:1012E000FFFFFFFFFFFFFFFFFFFFFFFFFFFFFFFF0E
:1012F000FFFFFFFFFFFFFFFFFFFFFFFFFFFFFFFFFE
:10130000FFFFFFFFFFFFFFFFFFFFFFFFFFFFFFFFED
:10131000FFFFFFFFFFFFFFFFFFFFFFFFFFFFFFFFDD
:10132000FFFFFFFFFFFFFFFFFFFFFFFFFFFFFFFFCD
:10133000FFFFFFFFFFFFFFFFFFFFFFFFFFFFFFFFBD
:10134000FFFFFFFFFFFFFFFFFFFFFFFFFFFFFFFFAD
:10135000FFFFFFFFFFFFFFFFFFFFFFFFFFFFFFFF9D
:10136000FFFFFFFFFFFFFFFFFFFFFFFFFFFFFFFF8D
:10137000FFFFFFFFFFFFFFFFFFFFFFFFFFFFFFFF7D
:10138000FFFFFFFFFFFFFFFFFFFFFFFFFFFFFFFF6D
:10139000FFFFFFFFFFFFFFFFFFFFFFFFFFFFFFFF5D
:1013A000FFFFFFFFFFFFFFFFFFFFFFFFFFFFFFFF4D
:1013B000FFFFFFFFFFFFFFFFFFFFFFFFFFFFFFFF3D
:1013C000FFFFFFFFFFFFFFFFFFFFFFFFFFFFFFFF2D
:1013D000FFFFFFFFFFFFFFFFFFFFFFFFFFFFFFFF1D
:1013E000FFFFFFFFFFFFFFFFFFFFFFFFFFFFFFFF0D
:1013F000FFFFFFFFFFFFFFFFFFFFFFFFFFFFFFFFFD
:10140000824205D051F8043B40F8043B8242F9D8AF
:10141000704700BF044A05494FF0000342F8043BFF
:101420009142FBD8704700BFC03E0020400503201A
:1014300008B5BFF34F8F00F075F9544C544B08209A
:101440005449C3F85401544AC3F800115348C3F82F
:10145000F0405349FFF7D4FF524A53495348FFF72E
:10146000CFFF534CFFF7D6FF4FF470004FF0E02151
:101470000023504AC1F8880D44F823200133B02BD3
:10148000FAD14D4B80214D4A03F8011B9342FBD109
:101490004FF0E0254A4E4B4A4FF0FF31C5F8084D5A
:1014A000D5F8243D43F4E023C5F8243DF36923F047
:1014B0007F0343F04003F361736A23F07F0343F03B
:1014C000400373629166D1661167516700F032F98B
:1014D0003D4A3E4BA2636322E36300246A61032317
:1014E0003B4AAC612B61C5F8202DD5F8FC2D394B5A
:1014F00042F080723849C5F8FC2D1A6842F00102AA
:101500001A605B680B6000F0D9FA344800F060FCA8
:10151000F16E334B334A41F44051F1661C60C3F81D
:101520000841C3F81841C3F82841C3F83841936B08
:10153000DB0708D442F615632B4951651365936B9D
:1015400043F001039363274A284C936843F0011347
:10155000936000F079F900F05FF800F025FC00F0EE
:10156000DDFA00F0E1F82368132BFCD900F06EFBE4
:101570002368B3F5967FFBD300F0DAF800F0D6F8D5
:1015800000F01EFC00F008FC30BFFDE70C0D11134D
:1015900000800D401B101820E862020000000000CF
:1015A000001F0060C03E0020EC81026000000020AF
:1015B000003C00204936010000E400E0A0E400E027
:1015C00000C00F4000C00A40552A0100592A0100FE
:1015D00000002020001000E0300403200046C32358
:1015E0000040084000400D400000C0563404032075
:1015F000054B4FF42A01054A05485A641864054A08
:1016000099639546FFF714FF00C00A40FFABAAAAF2
:101610000700200000800520104BA020104AD96E42
:1016200041F4403110B4D96640F23764D96E41F4C8
:101630004071D96654649064936C1B06FCD4094ACB
:1016400040F23761A02351649364936C13F08003DC
:10165000FBD1054A13705DF8044B704700C00F4082
:1016600000400C4000800C40F40403202B4A002171
:10167000012310B4C2F8A000C2F8A410C2F8B03020
:101680005369DB07FCD501234FF4803423495361B0
:10169000C2F8A000C2F8A440C2F8B0304B69DC0721
:1016A000FCD501234FF400341C4A4B61C1F8A00063
:1016B000C1F8A440C1F8B0305369D907FCD5012363
:1016C000174C16495361C2F8A000C2F8A440C2F8F2
:1016D000B0304B69DB07FCD5D1F8003145F60D5031
:1016E00021249AB24C61824214D045F69D518A421F
:1016F0000CD1C3F34253032B0CD0A3F104035DF8C8
:10170000044BB3FA83F35B091801704700205DF8BE
:10171000044B704708205DF8044B704700402A4096
:1017200004000300704700BF704700BF704700BF50
:1017300000BF704710B44FF0E0230021102432485E
:10174000C3F8941DC3F89C4D1124C3F8A00D2F4875
:10175000C3F89C4D1224C3F8A00D2D48C3F89C4D2E
:101760002C4AC3F8A00D2C4C42F015022B48C3F8AC
:101770009C4DC3F8A00D2A4C2A48C3F89C4DC3F8D1
:10178000A00D294CC3F89C2D2848294AC3F8A04D28
:10179000C3F89C0DC3F8A02D02F5A022254C0C32F5
:1017A0002548C3F89C4DC3F8A02D244AC3F89C0DCE
:1017B000C3F8A02D02F14062214C02322148C3F847
:1017C0009C4DC3F8A02D0A32C3F89C0DC3F8A02D80
:1017D00000BF00BF00BF00BF00BF0122C3F8942DAF
:1017E000BFF34F8FBFF36F8FC3F8501FBFF34F8FFF
:1017F000BFF36F8FD3F8142D5DF8044B42F44032E1
:10180000C3F8142D704700BF3F00001025000807E3
:1018100009001000400503201300200021000207EA
:1018200014000020250008130900001016002020D5
:1018300027000B1317000040180000602F000B0753
:10184000190000701A000080F0B5824B83B0824C02
:101850001822824F0121C3F85C42814DC3F86072A7
:101860008048C3F86442A4F530447F4EC3F8684210
:101870004FF0FF34C3F86C02C3F87002C3F874026F
:10188000C3F87802DA661A675A679A67DA67C3F8A4
:101890008020C3F88420C3F88820C5F82C13734A2D
:1018A000C5F83013C5F83413C5F83813C5F83C1320
:1018B000C5F8501348F20C75B1696D4B0A406D487C
:1018C0006D4913436D4AB361D6F8843043F00C037D
:1018D000C6F88430036843F00203036003682B40BA
:1018E00021251A43664B026044608A68654C1340A8
:1018F000654A43F000538360C36823F07803C360F4
:10190000036A234013430362036A23405F4C13437B
:10191000002243628462C46240F20564D1F8B830A8
:1019200023F03F0343F00103C0F8B830D1F8BC30D6
:10193000574923F03F0343F00103C0F8BC30026174
:101940000567C0F880404567C0F8844002240368FA
:1019500023F00203036081614E4B4F49C46143F899
:10196000042B8B42FBD1434D2B6843F001032B60CA
:101970002C6814F00104FBD14549022340F2F562C2
:101980002046A96140F29941EB6140F26643C5F8F7
:10199000002242F20142C5F81032404BC5F8201235
:1019A000C5F8303240F23543C5F834223C49C5F819
:1019B00040323C4BC5F850123B4AC5F8543242F213
:1019C0000123C5F86022C5F86432FFF74FFE0646D2
:1019D000002836D083024FF480222B660123C5F8FD
:1019E000A040244CC5F8A420C5F8B0306369DA07DC
:1019F000FCD50125370565613846FFF737FE3218FB
:101A00002A4BD2B21A7078B180024FF48023194960
:101A10006066C4F8A070C4F8A430C4F8B0504B6934
:101A2000DB07FCD501234B61214900242148012318
:101A30000094401A00EB02521F4800F0B1F903B0C5
:101A4000F0BD1D4B194A18601070D860C3E9010041
:101A500003B0F0BD00801F40F9B00100F910010093
:101A600000841F40F970010000C00F40FFFCFF1F01
:101A70000003008000402A4000802A401200FFFF3F
:101A8000FF37F70000FFF07C40000080FF000F836D
:101A9000F05AF05A00422A4000432A409F0418306E
:101AA000EB06180A063201263806180AF504032048
:101AB0000000007000000070B803032070B4164AE4
:101AC0004FF480564FF400554FF440444FF48030AB
:101AD00043F24201136913F0020F0ED113F4005FB9
:101AE0000FD013F4805F0ED0002BF3DA13F4803F95
:101AF0000BD15B060DD570BC70479461506191614C
:101B0000E8E75561E6E75661E4E74FF48033936117
:101B1000E0E740235361DDE700800D403F4A0320AA
:101B20003F49F3EE095AD2F880304FF0000C9FED98
:101B30003D6A23F001039FED3C5A30B4C2F8803077
:101B4000C2F89000D1F8E010384DCBB2384C39488B
:101B50002B6007EE903A0B0DC1F30B21F8EEE77AFC
:101B600006EE903A07EE101A334BB8EEC77A2160B2
:101B7000F8EEE66A314937EEC66A37EEC55A76EEB8
:101B8000C76A77EEE57A26EE266AC3ED006A25EE8F
:101B9000265AD2F8803067EEA64AC0ED007AC6EE2B
:101BA000275A274885EE276AC4EEA76A75EE875A3A
:101BB000FCEEE55A36EE076A15EE904ABCEEC66AB0
:101BC00043EA045376EE877AC2F8803016EE103A74
:101BD000D2F89041FCEEE77A01EA0341214317EE87
:101BE000903AC2F89011C3F30B03D2F890110B4353
:101BF0001449C2F89031D2F8803043F00203C2F8A1
:101C00008030114B80F840C0C1F840314FF0E023E4
:101C1000012230BCC3F80821704700BF00810D408D
:101C200000441F400000AA420000B44220040320E8
:101C30001C04032024040320280403200000FF0FB9
:101C400000E400E0003C002029380100314B40F660
:101C5000617210B5C3F8202140F2044400F0A8F8E6
:101C60002D4A2E49D2F880302D4843F00303C2F8A4
:101C700080302C4BC1F8604102681A4203D1D1F880
:101C8000A8319A071BD0254A4FF00041244B5963D5
:101C9000D2F8403143F00203C2F84031D2F840316B
:101CA0009B07FBD44FF400304FF0E0211C4B4FF06A
:101CB0000042C1F88C0219209A6300F07DF8184B9D
:101CC00000214FF08042154C0A209A634FF4207295
:101CD0001960154BC4F8A801184600F075F84FF4C8
:101CE000800203464FF4810040F243111860C4F8AB
:101CF00058311A640D4B0E4AC4F84811C3F8042237
:101D00004FF0E0224FF400310123C2F80C11C4F867
:101D1000403110BD00800D4000C00F4000002E403B
:101D200000900D40001C1E0000000020003C002020
:101D30000D3A010008B50E4B1B6E9B0700D4FBBE8D
:101D400072B60C4B00200C4AC3F8400103F160430B
:101D50000A49A3F55F2311649D46BFF34F8F4FF4EB
:101D60000013074A0748DB6902609B68984700BF79
:101D700000441F4000002E4000C00A400300200025
:101D8000000012EB00802020F8B500BFF8BC08BCB2
:101D90009E467047000000005FF800F0212F010010
:101DA0005FF800F0194C01005FF800F0D94A01001B
:101DB0005FF800F0794101005FF800F0DD330100C9
:101DC0005FF800F00D0002005FF800F081FC0100F8
:101DD0005FF800F0E530010045000000D917000071
:101DE000FD6B0000B17A000029B10000A1260100BE
:081DF0007D5001008963010030
:101DF800160355005300420020005300650072008E
:101E0800690061006C00000018035400650065005B
:101E18006E00730079006400750069006E006F0041
:101E28000403090409026200030100C032080B0020
:101E38000202020100090400000102020100052457
:101E480000100105240101010424020605240600EE
:101E5800010705820310001009040100020A0000AE
:101E6800000705030240000007058402400000093E
:101E780004020002FF6AFF00070581024000010713
:101E8800050102400001000009026200030100C0D0
:101E980032080B00020202010009040000010202DC
:101EA8000100052400100105240101010424020693
:101EB8000524060001070582031000050904010036
:101EC800020A000000070503020002000705840259
:101ED8000002000904020002FF6AC7000705810228
:101EE8000002010705010200020100000A060002C3
:081EF800EF02014001000000AF
:101F000000000000000000000000000000000000D1
:101F100000000000000000000000000000000000C1
:101F20000548064B1B1AD90F01EBA301491002D03B
:101F3000034B03B118477047C03E0020C03E00204D
:101F40000000000008B5054B1BB105490548AFF37B
:101F50000080BDE80840FFF7E3BF00BF00000000BD
:101F6000CC03032000D0026010B4044C027024683B
:101F7000C0E901415DF8044B704700BF3404032001
:101F80000E4B426819688A4209D8196810B4891A38
:101F90008468A14205D200205DF8044B7047002000
:101FA00070470CB1017829B11B68436001205DF8CE
:101FB000044B704722444260F8E700BF340403201A
:101FC000014B1B684360704734040320000000008D
:101FD0009FED077B4FF08071002280ED027B80ED4A
:101FE000047B80ED067BC16580F86020704700BFF0
:101FF000000000000000000010B5B5EEC00B016548
:10200000294904464265836500239DF80820F1EEC6
:1020100010FA41664FF0807103664FF00003C1650E
:1020200080F85D204FF000029FED1B7BC0E902238A
:10203000C0E9042380ED1E7BC0E90623C0E91C2310
:1020400022D4B5EEC01BF1EE10FA1DD4B5EEC02BB4
:10205000F1EE10FA18D4B5EE401BF1EE10FA01D1F2
:10206000C0E900239FED0E7B84ED041B84ED020B81
:1020700082EE076B21EE071B84ED062B84ED0E0B21
:1020800084ED101B84ED126B13F07EF9626E034633
:1020900020469B1AA36610BD0000000000E06F40C0
:1020A0009A9999999999B93FA0860100000000007A
:1020B00090F85C300BB90020704710B504462DED48
:1020C000088B13F061F994F85C10A26E03460229A4
:1020D000A0EB020206D0616E914203D90020BDEC54
:1020E000088B10BD206DA16D94F85D2090ED001B54
:1020F00094ED245B91ED007B012A31EE455B37EED8
:10210000417B7CD094F85E2094ED22BB94ED0E4B85
:1021100084ED207B37EE4BBB24EE076B002A69D0A1
:10212000012A24EE054B00F08780B6EE003B26EE38
:10213000036B24EE034B36EE44AB94F85F2094ED32
:10214000109B94ED123B84ED08AB29EE070B84ED58
:102150000A0B002A6AD12BEE033B94F8602094ED21
:102160001E8B94ED1C2B94ED005B84ED0C3B002A40
:1021700055D130EE077BA9EE07ABB4EEC8ABF1EE5C
:1021800010FA41DDB5EEC0BBF1EE10FA3CDDB5EE64
:10219000409BF1EE10FA54D130EE055B35EE445B16
:1021A000B4EEC25BF1EE10FA43D4B4EEC85BF1EECC
:1021B00010FA38FE055B36EE056B626D84ED005B50
:1021C00036EE036BB4EEC26BF1EE10FA05D4B4EE4A
:1021D000C86BF1EE10FA38FE062B82ED002B94ED61
:1021E000207BBDEC088B0120A36684ED241B84EDCD
:1021F000227B10BD9FED1C4BB0EE46AB9DE7B1EED0
:10220000455BB1EE477B7DE7B4EEC2ABF1EE10FA71
:10221000C2D5B5EEC0BBF1EE10FABDD5B7E7022AC4
:1022200030EE055BBAD135EE445BC4E723EE453BA7
:1022300093E7B0EE425BBEE79FED0B6B36EE44AB2F
:102240007BE7B1EE487BB4EEC7ABF1EE10FA05D4F4
:10225000B4EEC8ABF1EE10FA38FE0A7B37EE055B40
:1022600084ED0A7B9AE700BF000000000000000038
:10227000B1B107EE901AD0ED196A4166B8EE673B2E
:10228000B8EE666B90ED124B83EE065B90ED107B23
:1022900084EE056B27EE057B80ED107B80ED126BE5
:1022A000704700BFC0E902320022002341600021D4
:1022B000C0E90623C0E90823C0E90A23009B0160A6
:1022C00001614361704700BF30B585B00025044609
:1022D0009DF82010019500914FF41671C06807F029
:1022E000CFFD0DF10E01E06807F096FD0DF10F0135
:1022F000E06807F097FD9DF80E209DF80F30521B07
:1023000018BF01225B1B18BF01236274A37405B0C0
:1023100030BD00BF30B583B0002504469DF81810CD
:10232000019500916921C06807F0AAFD04F1100130
:10233000E06803B0BDE8304007F046BB30B583B07D
:10234000002504469DF818100195009140F2B161F6
:10235000C06807F095FD04F11801E06807F07CFD06
:1023600004F12001E06803B0BDE8304007F060BD33
:1023700003680160CB1A07EE903A90ED063BB8EE89
:10238000677B9FED092B90ED085B9FED094B90ED6E
:102390000A6B25EE035B87EE023B83EE047BA7EE20
:1023A000056B80ED0A6B70470000000000408F4015
:1023B000000000000020AC4030B5044615468DB04A
:1023C000D0F83C0107F01CFD2946D4F83C0107F089
:1023D0000BFD082340F2022102AA8DF804300023ED
:1023E000D4F83C0100918DF810309FED157B8DEDF8
:1023F000027B09F023F8EE468DF804000DF1180C6D
:10240000D4F83451BEE80F00ACE80F009EE803009A
:102410008CE8030006A86B689847EC460DF1180E8F
:10242000D4F83841BCE80F00AEE80F009CE8030088
:102430008EE8030006A8636898470DB030BD00BF62
:10244000000000000000000030B583B00025044605
:102450009DF8181001950091A621D0F83C0107F0D5
:102460000FFD04F58871D4F83C0103B0BDE830409D
:1024700007F0B6BA30B583B0002504469DF81810B1
:1024800001950091A721D0F83C0107F0F9FC04F573
:102490008471D4F83C0103B0BDE8304007F0D4BAF1
:1024A00090ED447B90ED426B27EE067B80ED107B38
:1024B000704700BF30B583B0002504469DF8181062
:1024C00001950091A521D0F83C0107F0D9FC04F159
:1024D000E801D4F83C0103B0BDE8304007F07ABA17
:1024E000B0F9E83005EE103A03680160B8EEC55B5C
:1024F000C91A9FED0D0B07EE901A85EE002BB8EE72
:10250000677B9FED0B3B9FED0C1B9FED0D4B90ED03
:102510003C6B87EE015B82EE037B27EE047BA5EE2E
:10252000076B80ED3C6B70470000000000004E40E0
:10253000B81E85EB51B810400000000000408F40ED
:10254000F7031E1840F8F63F10B52DED028B9FEDF6
:10255000308B04468CB0D0F83C01B0EE480B07F04D
:10256000A7FAB0EE480BD4F83C0107F0D1FA0021ED
:10257000D4F83C0107F0C4FA0021D4F83C0107F07C
:1025800001FB2179D4F83C0107F0EAFAA179D4F8EB
:102590003C0107F0F1FA6179D4F83C0107F0E6FA62
:1025A0000823C02102AA8DF804300023D4F83C018E
:1025B00000918DF810309FED187B8DED027B08F0B7
:1025C0003DFFEE468DF804000DF1180CBEE80F003B
:1025D000ACE80F009EE80300D4F834318CE8030027
:1025E00006A85B689847EC460DF1180ED4F8384100
:1025F000BCE80F00AEE80F009CE803008EE8030083
:1026000006A8636898470CB0BDEC028B10BD00BFF4
:1026100000000000000000000000000000000000BA
:10262000D0F83031B2EE041B93ED285B9FED523BA6
:1026300090ED467B85EE012B9FED516B9FED524B4C
:10264000F0B504462DED028B8DB0A2EE437BB4EEC7
:10265000C67BF1EE10FA37FE065BB4EEC45BF1EE1A
:1026600010FA40F38580B0F9E82002EE102A9FEDC1
:10267000488BB8EEC22B9FED481B82EE087B9FED86
:10268000483B37EE077B27EE017BB4EEC47BF1EECF
:1026900010FA37FE047B85EE074B80ED0E4B93ED71
:1026A000007B27EE037BB4EEC74BF1EE10FA37FE4A
:1026B000047B30EE470BB4EEC60BF1EE10FA30FEA1
:1026C000060BD4F83C01002607F0F2F9D4F83031BB
:1026D000D4F83C01002706AD93ED000B07F018FA83
:1026E0000021D4F83C0107F00BFA0021D4F83C019A
:1026F00007F048FA2179D4F83C0107F031FAA179C2
:10270000D4F83C0107F038FA6179D4F83C0107F0BD
:102710002DFA0823C02102AA8DF804300023D4F832
:102720003C0100918DF81030CDE902676E4608F04B
:1027300085FE8DF80400D4F834710FCE0FC596E8ED
:10274000030085E8030006A87B689847EC46D4F8A8
:10275000387106ACBCE80F000FC496E8030085E8AA
:10276000030006A87B6898470DB0BDEC028BF0BD56
:1027700080ED0E6BA5E700BF0000000000408F4019
:1027800000000000000000008DEDB5A0F7C6B03ECF
:102790000000000000004E40182D4454FB21094069
:1027A0009A9999999999B93F30B504468DB01546D3
:1027B000D0F83C0107F0ECF90121D4F83C0107F016
:1027C000F3F9D4F83C0129B207F0E8F90823C02155
:1027D00002AA8DF804300023D4F83C0100918DF852
:1027E00010309FED157B8DED027B08F027FEEE4645
:1027F0008DF804000DF1180CD4F83451BEE80F0028
:10280000ACE80F009EE803008CE8030006A86B68A4
:102810009847EC460DF1180ED4F83841BCE80F008B
:10282000AEE80F009CE803008EE8030006A863688A
:1028300098470DB030BD00BF000000000000000050
:102840002DE9F0471F46012304460025904600224B
:1028500000F1500689462DED028BA8B0436005605B
:10286000B0EE408A856085629DF8C8A0C0E9073354
:102870004FF4967383610223436200233046C4E918
:102880000423C4E90E23C4E91023C4E9122338A3A6
:10289000D3E90023C4E90C23FFF79AFB339B2046BE
:1028A00084ED408AC4F83031349BC4F82871C4F8F0
:1028B0003431359B84F804A0C4F83831369BC4E920
:1028C0004898C4F83C31FFF73FFED4F83031204639
:1028D0006F2193ED145B93ED0A6B93ED1E7BFCEE81
:1028E000C55BFCEEC68BBCEEC78B15EE902AFFF7DE
:1028F0005BFF18EE902A20468021FFF755FF18EE67
:10290000102A20467F21FFF74FFFD4ED086A94ED8F
:10291000060A2B46B8EEE62BD4ED076AB8EEC00BDC
:1029200004F11002B8EEE61B04F1380102A800958C
:102930009FED0D7B82EE072B81EE071B80EE070BD0
:10294000FFF75AFB982202A9304613F06DFF30467C
:1029500041F28831FFF78CFC204628B0BDEC028B99
:10296000BDE8F087AFF30080000000000000594090
:102970007B14AE47E17A743F08B512F0DBFA80B2FF
:1029800008BD00BFF8B5634C0546E37C002B31D091
:1029900072B6E37CDE0708D54FF0E0216069D1F81C
:1029A00080210240A262C1F88021980708D54FF02B
:1029B000E021A069D1F884210240E262C1F88421BB
:1029C000590708D54FF0E021E069D1F8882102408D
:1029D0002263C1F888211A0708D54FF0E021206A48
:1029E000D1F88C2102406263C1F88C21DF0600F12E
:1029F000838062B64849A3688B4200F08780474BCA
:102A0000A1609B69464AC3F30116C3F3826345483C
:102A100052F826200133B2FBF3F2824257D800224B
:102A2000E260236800210320AD001961586245F07F
:102A300060051A6407223C4EEDB21A660122307816
:102A40001A6112F0CBFC23685D66DA6D12F4F81F90
:102A5000FBD00022596F5A66DA6D12F4F81FFBD0D2
:102A60005F6F0022FFB25A66DA6D12F4F81FFBD0D6
:102A7000012130785D6F12F0B1FCE37CEDB213B34D
:102A8000DE0704D5A16A4FF0E022C2F800119807D2
:102A900004D5E16A4FF0E022C2F80411590704D5C9
:102AA000216B4FF0E022C2F808111A0704D5616BC0
:102AB0004FF0E022C2F80C11DB0604D5A26B4FF0F8
:102AC000E023C3F81021280940EA0710F8BD174B8E
:102AD000A3FB02039B0CB2FBF3F28A4288BF0133D3
:102AE000B3F5817F14D2022B99D9023B5A0802EB2D
:102AF000022243EA022293E74FF0E022616AD2F811
:102B000090310B40A363C2F8903172E7E26888E726
:102B1000074A85E7F4FE022040420F0000C00F4044
:102B2000D00C00203F420F00CE3B002083DE1B4331
:102B3000FF7F7F0008B50348FFF722FA003818BF6F
:102B4000012008BD6004032008B50348FFF718FA08
:102B5000003818BF012008BD8404032008B50348CD
:102B6000FFF70EFA003818BF012008BD4804032003
:102B700008B50348FFF704FA003818BF012008BD64
:102B80007804032008B50348FFF7FAF9003818BFA6
:102B9000012008BD3C04032008B50348FFF7F0F905
:102BA000003818BF012008BD6C04032038B5054665
:102BB00000F5707400E01C46E06804F114039842CC
:102BC00003D06169013112F037F9AC42A4F1280356
:102BD000F1D1204638BD00BF10B5074C0121207847
:102BE00012F038FC2078012112F0F8FB0348BDE810
:102BF000104011F093BB00BFCE3B0020F4FE02203A
:102C000070B586B0314C32496846324E12F008F841
:102C1000694603A8256812F021F803A8A84703A86D
:102C200012F038F82C4903A8256811F0F9FF03A821
:102C3000A84703A812F02EF80025684612F02AF8DB
:102C400001210420357012F005FC336A01210520B2
:102C5000D3F83021214B93ED287BBCEEC77B17EED8
:102C6000103A9BB203EB83038B4007EE903AB8EE29
:102C7000E77B82ED287B12F0EDFB0121062012F0AC
:102C8000E9FB2946052012F0A9FB2946062012F08F
:102C9000A5FB1349684611F0C3FF694603A82568E0
:102CA00011F0DCFF03A8A84703A811F0F3FF0A49BD
:102CB00003A8246811F0B4FF03A8A04703A811F0EB
:102CC000E9FF684611F0E6FF06B070BDA0030320DF
:102CD0001C190020A4040320BC1C002088F402203E
:102CE0002819002000000000F0B5B94E87B0327EF0
:102CF00073683078002A00F062819847B7EE007B55
:102D000006EE900A738B3081B8EEE64B06EE103A71
:102D100096ED045BB8EEC66B37EE457B27EE047B81
:102D2000A5EE067BBCEEC77B17EE103A98B2A94D14
:102D300070832A7E6B682878002A00F03E819847CD
:102D4000B7EE007B06EE900A6B8B2881B8EEE64B5F
:102D500006EE103A95ED045BB8EEC66B37EE457B98
:102D600027EE047BA5EE067BBCEEC77B17EE103A80
:102D700098B2994F68833A7E7B683878002A00F0D1
:102D80001A819847B7EE007B06EE900A7B8B38815C
:102D9000B8EEE64B06EE103A97ED045BB8EEC66B64
:102DA00037EE457B27EE047BA5EE067BBCEEC77BAA
:102DB00017EE103A98B2894C718BE3696A8B78836D
:102DC0005D8A1980A9425A80988080F0D5800121BF
:102DD00093ED0C7B83F84910AA4280F0AD8001226C
:102DE00083F849201A8A824203D3DA89824240F268
:102DF0003881012283F848209FED736BB4EEC67BC7
:102E0000F1EE10FA6AD593ED0E5BB4EEC65BF1EE0F
:102E100010FA63D50022A3F8492093F84820002A2D
:102E200000F0EE8000200021C3E910016C4D2A7EE5
:102E30006B682878002A00F09C809847B7EE007BEA
:102E400006EE900A6B8B2881B8EEE64B06EE103A40
:102E500095ED045BB8EEC66B37EE457B27EE047B41
:102E6000A5EE067BBCEEC77B17EE103A99B20023A5
:102E70005A4869831A4600F08BFF584800F0C8FF93
:102E8000564801F02BF8554801F09CF85548FFF7DB
:102E900077F8002840F08C815348FFF771F800283C
:102EA00040F00B81514D606A2968FFF761FA206A92
:102EB000FFF7F6FA2968206AFFF712FB206A503004
:102EC000FFF7F6F82378062B34D8DFE813F010006C
:102ED000C201970278015F021902470293F8492064
:102EE000002A9FD193F84820002A9BD188E0012135
:102EF0003A4800F049FE002800F0D8823C4C684671
:102F00003C4911F08DFE694603A8256811F0A6FE24
:102F100003A8A84703A811F0BDFE374903A82468F9
:102F200011F07EFE03A8A04703A811F0B3FE684687
:102F300011F0B0FE07B0F0BD198CD3ED076A521A3C
:102F400006EE102AB8EEC66A26EE266AB5EEC06A0C
:102F5000F1EE10FA00F1AC80F7EE006AB4EEE66A2A
:102F6000F1EE10FA40F35E820026244FC3E90E67AB
:102F700038E7984701467AE71E8BD3ED057A891B1F
:102F800007EE101AB8EEC77A27EE277AB5EEC07AA8
:102F9000F1EE10FA00F18580F7EE007AB4EEE77AF0
:102FA000F1EE10FA40F34382B7EE006BB0EE467BD1
:102FB00083ED0C6B10E79847FDE69847D9E69847F4
:102FC000B5E600BFAFF300809A9999999999B93FF6
:102FD000084100202841002048410020A40403208B
:102FE000E0F9022060040320780403203404032065
:102FF000A003032060190020BC1C00200000F03F4B
:1030000093F84A20002A7FF40DAF93ED0E6B9FEDED
:10301000AC4B37EE465BB0EEC55BB4EEC45BF1EE95
:1030200010FA40F1808236EE076BB6EE007B26EE9A
:10303000076BB4EEC46B83ED106BF1EE10FA7FF703
:10304000F5AE93ED0A7BB4EEC47BF1EE10FA7FF798
:10305000EDAE002000210122C3E9100183F84A20CF
:10306000E4E699890022D3ED026A411A83F84820E8
:1030700006EE101AB8EEC66A26EE266AB5EEC06AEB
:10308000F1EE10FA00F1D881F7EE006AB4EEE66ACC
:10309000F1EE10FA40F34F8200208D49C3E90A0196
:1030A000AAE69FED896BB0EE467B83ED0C6B93E651
:1030B00000260027C3E90E6794E6864800F0B8FFB3
:1030C000E16984488B884A88098801F00DF88148B5
:1030D000814D01F061F98149684611F0A1FD694611
:1030E00003A82E6811F0BAFD03A8B04703A811F099
:1030F000D1FD684611F0CEFDE3690A2268461988C1
:1031000011F0FCFD694603A82E6811F0A7FD03A885
:10311000B04703A811F0BEFD684611F0BBFD704931
:10312000684611F07DFD694603A82E6811F096FDF2
:1031300003A8B04703A811F0ADFD684611F0AAFD41
:10314000E3690A226846598811F0D8FD694603A848
:103150002E6811F083FD03A8B04703A811F09AFD73
:10316000684611F097FD5F49684611F059FD6946C0
:1031700003A82E6811F072FD03A8B04703A811F050
:1031800089FD684611F086FDE3690A226846998840
:1031900011F0B4FD694603A82D6811F05FFD03A886
:1031A000A84703A811F076FD684611F073FD79E693
:1031B000484801F099F8474800F0DEFF6CE64A48BD
:1031C000FEF7DEFE002840F03182484B206A93ED86
:1031D0003C6B93ED327BBCEEC66BBCEEC77B16EE50
:1031E000103A9AB217EE103A99B2FFF7E5F8A179C2
:1031F000042012F0F3F840F6670012F06FF8042193
:10320000344800F0C1FC002800F07581324D68465A
:10321000374911F005FD694603A82E6811F01EFD1F
:1032200003A8B04703A811F035FD324903A82D6863
:1032300011F0F6FC03A8A84703A811F02BFD68467F
:1032400011F028FD0420A17907B0BDE8F04012F08C
:10325000C5B82548FEF794FE002840F0E3811D48DC
:1032600000F076FD00283FF465AE0221194800F019
:103270008BFC002800F0DE81174C68461E4911F0D7
:10328000CFFC694603A8256811F0E8FC03A8A8470D
:1032900003A811F0FFFC174903A8256811F0C0FC32
:1032A00003A8A84703A811F0F5FC684611F0F2FC4A
:1032B0001249684611F0B4FC25E600BFAFF3008068
:1032C000333333333333D33F0000000000000000BA
:1032D0000000F03FA4040320A003032030190020C5
:1032E00040190020501900204804032088F40220CF
:1032F000C81A0020BC1C0020AC190020D0190020E6
:103300000621B74800F040FC00287FF413AEB54D0D
:103310006846B54911F084FC694603A82E6811F08F
:103320009DFC03A8B04703A811F0B4FC684611F057
:10333000B1FC0A22A188684611F0E0FC694603A8A6
:103340002C6811F08BFC03A8A04703A811F0A2FC85
:10335000A64903A82C6811F063FC0DE0237E002B26
:103360007FF4E8ADA249684611F05AFC9D4B6946CE
:1033700003A81C6811F072FC03A8A04703A811F071
:1033800089FC684611F086FC042189E0944800F02D
:10339000DFFC002855D09748FEF7F2FD002840F0EA
:1033A000CF809548FEF7ECFD00283FF4C3AD934A6B
:1033B000D4E908019FED884BD0F8303191ED067BC0
:1033C00093ED285B92ED326BB7EEC77B25EE045B85
:1033D000B7EEC77ABCEEC66B16EE103A85EE076BF9
:1033E00099B2BCEEC66B16EE103A9AB2FEF7E4FF45
:1033F000814807B0BDE8F040FEF7E2BD8048FEF727
:10340000BFFD002840F00A81754800F0A9FB0028A4
:1034100040F0A280724800F09BFC00287FF48AAD47
:1034200078490FE0B7EEC66A83ED0E6BDAE4B7EECB
:10343000C77A83ED0C7BCFE400200021C3E90A01A9
:10344000DAE47149674D684611F0EAFB694603A862
:103450002E6811F003FC03A8B04703A811F01AFC72
:10346000684611F017FC0A22A188684611F046FC54
:10347000694603A82C6811F0F1FB03A8A04703A834
:1034800011F008FC594903A82C6811F0C9FB03A8E6
:10349000A04703A811F0FEFB684611F0FBFB0121D9
:1034A0004F4807B0BDE8F04000F06EBB57494D4DA6
:1034B000684611F0B5FB694603A82E6811F0CEFBF3
:1034C00003A8B04703A811F0E5FB684611F0E2FB42
:1034D0000A22A188684611F011FC694603A82C68ED
:1034E00011F0BCFB03A8A04703A811F0D3FB3F4990
:1034F00003A82C6814E5464968463A4D11F090FB44
:10350000694603A82E6811F0A9FB03A8B04703A8D9
:1035100011F0C0FB684611F0BDFB0A22A188684685
:1035200011F0ECFB77E6002000210122C3E9100135
:1035300083F849207AE4B7EEC66A83ED0A6B5BE450
:10354000E26AD4E9073092ED000B93ED107B20EE98
:10355000070BFFF765F824E70321214800F014FB6F
:10356000002869D02B4968461E4D11F059FB694669
:1035700003A82E6811F072FB03A8B04703A811F04E
:1035800089FB1A4903A82E6811F04AFB03A8B0472B
:1035900003A811F07FFB684611F07CFB1E496846CA
:1035A00011F03EFB694603A82E6811F057FB03A8F3
:1035B000B04703A811F06EFB0C4903A82D6811F069
:1035C0002FFB03A8A84703A811F064FB684611F07D
:1035D00061FB1FE7AFF300800000000000408F4058
:1035E000A4040320A00303202C1B0020BC1C0020EB
:1035F000481B00206C0403205404032088F402209C
:1036000048040320941A0020001B00209419002075
:10361000D81A0020241A0020481A0020206AFEF739
:1036200093FFF1E6206AFEF78FFF18E6206AFEF7A7
:103630008BFFCAE50C493AE70C4968460C4D11F07E
:10364000EFFA694603A82E6811F008FB03A8B047FB
:1036500003A811F01FFB684611F01CFB0A22A18889
:10366000684611F04BFB9DE7EC190020601A002022
:10367000A0030320F0B500F1080783B0076031B361
:10368000044608460E461EF0BBFE0F280546019074
:103690000CD8012807D133782372002320466560B7
:1036A0007B5503B0F0BD0028F7D008E0002201A947
:1036B000204613F06BFB019B07462060A3602A465F
:1036C0003846314613F0B0F8019D2768E5E7014818
:1036D00013F064FA581B00202DE9F04F01224FF43B
:1036E0007A71C5480A25C54C0026C54F2DED028BC1
:1036F0008DB0FEF739FC01224FF4FA71C148FEF794
:1037000033FC01226421C048FEF72EFC0122642113
:10371000BE48FEF729FC01223221BD48FEF724FCF9
:1037200001220A21BB48FEF71FFC01220521BA48ED
:10373000FEF71AFC002240F6A701B848FEF714FC79
:10374000B74904F10C002572A1A3D3E90023C4E911
:1037500000230BAAFFF78EFFB24904F1340084F86E
:1037600030509DA3D3E90023C4E90A230BAAFFF735
:1037700081FFAD4904F15C0084F8585098A3D3E967
:103780000023C4E914230BAAFFF774FFA74904F12F
:10379000840084F8805094A3D3E90023C4E91E2355
:1037A0000BAAFFF767FF0020A1490BAA84F8A850D5
:1037B0000125C4E928019F4904F1AC00FFF75AFF35
:1037C0009D4B00229D4904F1D40084F8D050C4E9F7
:1037D00032230BAAFFF74EFF0BAA994904F1FC0014
:1037E00084F8F85004F57A75C4E93C67FFF742FFA6
:1037F000002704F58C732822184600211EF0C0F91A
:10380000034600F114020775283343F81C2CAB4221
:10381000F1D18C4A01258C494FF00A08774813F002
:10382000B7F90021894806F075F8DFF8A8B2884A90
:103830000021884802F008F9854A0121864802F0F3
:1038400003F90221854A584602F0FEF8844E854A63
:10385000DFF88492177086F800801576DFF87CA276
:103860009FED638B82ED048BFFF7B6F97E4B7D4AAB
:1038700086F800801D701D76C2F8049083ED048BDD
:10388000FFF7AAF9784B022286F80080C3F804906B
:10389000764B83ED048B1D761A70FFF79DF9734B01
:1038A000734AC3F804906C4BCDF80CB00097CDF878
:1038B00010A070499FED700A7048CDE90143704B2C
:1038C0009360704BC2E903136F4B7049536140F62C
:1038D0002E3313836E4BD36140F2492313846D4B17
:1038E0006D4AFEF7ADFF6D4B5246444900936C485C
:1038F000584BFEF7D7FC584B604A0393554BCDF815
:1039000010B000945A496748674CCDE901A3674B52
:103910000693674B0593624B00F00AF90323404678
:103920002946237086F80080277611F093FD2946FA
:10393000307811F053FD5F4810F0F0FC5E4E10231C
:103940005E495F4A5F488E46C4F8049033705E4C0F
:103950005E4BDFF88CC1377627760F7617761F76A9
:1039600007764FF02807C0F804C007700990272099
:10397000C1F804C020701420C2F804C008702921C6
:10398000089211702622C6F804C0C4F804C0C3F817
:1039900004C09C461A704E4D0FCE0FC596E80F001E
:1039A00005F1100B05F1300A05F1500905F1700819
:1039B00005F1900785E80F000FCCABE80F0094E805
:1039C0000F008BE80F00BEE80F008BE0AFF3008024
:1039D0000000000000C06740000000000070B74019
:1039E000000000000058BB40000000000088B34009
:1039F00090D19AF91F60EF3F6004032088F4022001
:103A000000C082408404032048040320540403209F
:103A1000780403203C0403206C0403209403032057
:103A20008C1B0020A01B0020BC1B0020D41B0020EE
:103A300000005440E81B002000004E40FC1B00200A
:103A4000141C002098380020AD0C0000A0030320B7
:103A500020A10700B8400020C8EE022040420F001D
:103A6000CE3B002008410020284100204841002092
:103A700070F80220180BD007187231BFE8EE022050
:103A800075CF023BA00F640008BAD23A710C000057
:103A9000BBF3543A990C0000850C0000490C00005F
:103AA000D8400020A404032080F902205D0C00000F
:103AB000350C0000F4FE0220E0F9022048F002205C
:103AC000A0F90220C0F9022000FA022028F002200A
:103AD000C0F8022068410020850A000068F002203A
:103AE000790A0000104CAAE80F009EE80F008AE84F
:103AF0000F000FCCA9E80F0094E80F0089E80F0031
:103B0000BCE80F00094CA8E80F009CE80F0088E80B
:103B10000F000FCC0FC794E80F0087E80F000DB01F
:103B2000BDEC028BBDE8F08FA0F90220C0F90220A5
:103B300043620023C0E9003383608361009BC3625A
:103B4000019B0363029B4363039B8363049BC0E964
:103B50000712C363DDE90523C0E90323704700BFF3
:103B60000346C07958B1DB699FED057B93ED0A6B85
:103B7000B4EEC76BF1EE10FACCBF01200020704705
:103B8000333333333333D33F38B5037804460A46EF
:103B9000062B0BD8DFE803F0121A3A5E8204C60047
:103BA000042A00F0A780062A00F0A4800023216ADE
:103BB00001224B71A3712270002038BD012A00F050
:103BC000B7804288002382800370F5E7022A79D10A
:103BD000436A197C022971D1997C00296ED05B7CE3
:103BE000002B6BD0036A9FED587B93ED426BB4EED4
:103BF000C76BF1EE10FA61DD01210520227011F092
:103C0000EDFB0121062011F0E9FB55E0032A59D113
:103C1000436A197C022951D1997C00294ED05B7CE2
:103C2000002B4BD0036A9FED487B93ED426BB4EEC3
:103C3000C76BF1EE10FA41DD0125052022702946FF
:103C4000A57111F0CBFB2946062011F0C7FB236AB2
:103C50005D7131E0042A46D1436A197C02293ED1C4
:103C6000997C00293BD05B7CCBB3036A9FED367B0C
:103C700093ED426BB4EEC76BF1EE10FA2FDD00232B
:103C8000227001210520A37111F0A8FB012106205B
:103C900011F0A4FB0122236A5A710DE0036A00258A
:103CA00005205D712946A57111F098FB2946062073
:103CB00011F094FB01232370012038BD012120461F
:103CC000FFF762FF6288012300210520A280237094
:103CD00011F084FB0021062011F080FB6CE701212C
:103CE0002046FFF751FF0025628801230520294661
:103CF000A571EBE7636A197C02290ED1997C61B149
:103D00005B7C53B1236A9FED107B93ED426BB4EE65
:103D1000C76BF1EE10FA00DD227001212046FFF79B
:103D200033FF43E7042A01D100F012F80123237086
:103D300000210520227011F051FB0021062011F016
:103D40004DFBB9E7AFF300800000000000007940B0
:103D500008B5436A1A7C022A0DD19A7C5AB15B7C61
:103D60004BB1026A9FED087B92ED426BB4EEC76BDC
:103D7000F1EE10FA03DC0121FFF706FF00231846DD
:103D800008BD00BFAFF300800000000000007940D4
:103D9000B1F5FA7F4FF0010394BF00210121437276
:103DA00001728372704700BF30B585B000250446AC
:103DB0009DF8201001950091D621006B06F060F867
:103DC0000DF10B01206B06F003F803A9206B05F041
:103DD000F9FF9DF80B10E36A1829DDED037A10D87E
:103DE00001EB8101B8EE676B03EBC1031A7A07EEB2
:103DF000102AB8EE477B86EE075B83ED005B05B0CB
:103E000030BD1922014812F0F9FE00BF301C00201D
:103E10002DE9F0470446406B8EB050F8083B9847B8
:103E200088B3636B0DF1080C0DF1200E03F1080946
:103E30009D6893F80C80E246D3E90467B9E80F0067
:103E4000ACE80F0099E803008CE80300BAE80F0023
:103E5000AEE80F009CE80300E36B8EE8030008A8BF
:103E60005B68984740F2B1639D420FD022D8692D1C
:103E700016D0B5F5167F06D1606A32463B46CDF8BE
:103E80000080FEF721FA0EB0BDE8F087606A324686
:103E90003B46CDF80080FEF751FA0EB0BDE8F08742
:103EA000606A32463B46CDF80080FEF733FA0EB02A
:103EB000BDE8F08740F2B3639D42E4D102AD08AEA5
:103EC000A46B0FCD0FC695E8030086E8030008A891
:103ED000636898470EB0BDE8F08700BF2DE9F04752
:103EE0000446806B8EB050F8083B984770B3A36BC4
:103EF0000DF1080C0DF1200E03F108099D6893F8EF
:103F00000C80E246D3E90467B9E80F00ACE80F0083
:103F100099E803008CE80300BAE80F00AEE80F0050
:103F20009CE80300E36B8EE8030008A85B689847F1
:103F3000A72D0ED02DD8A52D21D0A62D06D1206AD3
:103F400032463B46CDF80080FEF77EFA0EB0BDE863
:103F5000F08702AD32463B46CDF80080206A08AEBD
:103F6000FEF788FA646B0FCD0FC695E8030086E86C
:103F7000030008A8636898470EB0BDE8F087206A80
:103F800032463B46CDF80080FEF794FA0EB0BDE80D
:103F9000F087EB2DDAD100203B4632462946CDF89A
:103FA00000800190206B05F06BFF08A9206B05F0E5
:103FB00015FF9DF82030003B18BF0123E3710EB0C0
:103FC000BDE8F08770B50446C06B8EB050F8083B72
:103FD000984788B1E56B0DF1080C05F1080EAE6845
:103FE000BEE80F00C12EACE80F009EE803008CE88D
:103FF00003000CD0D62E01D00EB070BD297B204618
:10400000D5E904230091FFF7CFFE0EB070BD0DF18E
:10401000080C08ADA46BBCE80F000FC59CE80300BA
:1040200085E8030008A8636898470EB070BD00BF1C
:10403000C36910B593ED0C0B2DED028B9FED268B14
:1040400004468CB0006B20EE080B05F067FEE369B8
:10405000206B93ED0E0B20EE080B05F077FEE36965
:10406000206B93ED0A0B20EE080B05F087FE08236A
:10407000CC2102AA8DF804300023206B00918DF82A
:1040800010309FED177B8DED027B07F0D7F9EE46E0
:104090008DF804000DF1180CBEE80F00ACE80F001D
:1040A0009EE80300A36B8CE8030006A85B689847B2
:1040B000EC460DF1180EE46BBCE80F00AEE80F0003
:1040C0009CE803008EE8030006A8636898470CB0DC
:1040D000BDEC028B10BD00BF000000000000594085
:1040E000000000000000000070B5044616468CB0C9
:1040F0001D46006B05F0E8FD3146206B05F0EAFD3A
:104100002946206B05F0ECFD0823C42102AA8DF896
:1041100004300023206B00918DF810309FED147B4C
:104120008DED027B07F08AF9EE468DF804000DF163
:10413000180CA56BBEE80F00ACE80F009EE803006A
:104140008CE8030006A86B689847EC460DF1180E42
:10415000E46BBCE80F00AEE80F009CE803008EE8BB
:10416000030006A8636898470CB070BDAFF30080E9
:104170000000000000000000C36910B504468EB0C6
:1041800093F84A10006B05F07BFDE369206B93F810
:10419000491005F057FDE369206B93F8481005F0CE
:1041A00057FDE369206B93ED0A6B9FED4B7BB4EEFB
:1041B000C76BF1EE10FACCBF0121002105F04EFDD6
:1041C000617A206B05F056FDA17A206B05F04CFD5D
:1041D000217A206B05F01EFD636A206B997C05F047
:1041E0000DFD636A206B597C05F0FCFC0021206BFF
:1041F00005F0FEFC0021206B05F006FD0021206B80
:1042000005F00EFD0021206B05F016FD0121206B4D
:1042100005F00CFDA179206B05F044FD0121206B18
:1042200005F046FD0021206B05F0C4FC0021206B49
:1042300005F032FD236A206B597905F027FD002136
:10424000206B05F03BFDD4E90B3093ED007BFCEED9
:10425000C77BCDED017A9DF8041005F0B1FC6178C3
:10426000206B05F0B3FC2178206B05F0B5FC08232A
:10427000C32104AA8DF80C300023206B02918DF825
:1042800018309FED177B8DED047B07F0D7F80DF10B
:10429000080E8DF80C000DF1200CBEE80F00ACE804
:1042A0000F009EE80300A36B8CE8030008A85B687E
:1042B00098470DF1080C0DF1200EE46BBCE80F00DF
:1042C000AEE80F009CE803008EE8030008A86368CE
:1042D00098470EB010BD00BF333333333333D33F71
:1042E0000000000000000000274A284B1168A3FBD3
:1042F000013110B504468CB0C1F38F11006B05F08D
:10430000FBFC2349206B05F0F1FC0121206B05F03B
:10431000FFFC0021206B05F0F5FC0823C82102AA50
:104320008DF804300023206B00918DF810309FED44
:10433000147B8DED027B07F081F8EE468DF80400CA
:104340000DF1180CBEE80F00ACE80F009EE803006A
:10435000A36B8CE8030006A85B689847EC460DF158
:10436000180EE46BBCE80F00AEE80F009CE80300F9
:104370008EE8030006A8636898470CB010BD00BF24
:10438000000000000000000034040320D34D621040
:10439000EFBEADDE00000000036A93ED3C7B10B57C
:1043A000FCEEC77B04468CB0006B17EE901A05F04C
:1043B00003FD636A206B93ED0A7BFCEEC77B17EE6F
:1043C000901A05F0F3FC0823D02102AA8DF80430DE
:1043D0000023206B00918DF810309FED157B8DED43
:1043E000027B07F02BF8EE468DF804000DF1180C57
:1043F000BEE80F00ACE80F009EE80300A36B8CE85A
:10440000030006A85B689847EC460DF1180EE46BB4
:10441000BCE80F00AEE80F009CE803008EE8030044
:1044200006A8636898470CB010BD00BFAFF30080CA
:10443000000000000000000000207047034B1868D7
:1044400010B103681B681847704700BFF8FF0220CF
:10445000034B186810B103681B681847704700BF0A
:10446000FCFF0220034B186810B103681B68184753
:10447000704700BF000003202DE9F04100F56040C7
:1044800090B0514C9646514B0094C0F860141B6A92
:104490004F48C3F3012304686B4404F080741E7812
:1044A0004C4B03FB06F60368B6FBF1F2B6FBF2F5E4
:1044B00043F0A0434D1B03600368DF01FCD5052AD0
:1044C0004FF0000C22D96046831C0130B2FBF3F799
:1044D000192F07FB03F3F7D84FF00108B6FBF3F3EE
:1044E000CB1A002BB8BF5B42AB4268DB18BF4FF062
:1044F0000008A7F10C03062B02D8B8F1000F61D118
:10450000052FE1D80CF10103B2FBF3F2053A142AAE
:1045100048D8B5F5967F45DC02EB42022E4F6E4639
:10452000DFF8AC800DEB0205BEF1020F0FCF0FC616
:104530000FCF0FC60FCF0FC697E80F0007C626F89C
:10454000023B4FEA134333706B78AA784FEAC343B8
:1045500029784FEA024203F4601301F0070102F4E4
:10456000E02243EA020343EA010343F4800343EAFF
:104570000C6343F48043C8F80430D8F8043014BF07
:1045800023F0080343F00803C8F804303CB9104A8C
:10459000136823F0805313601368DB01FCD410B060
:1045A000BDE8F081002CFAD1094A136823F080534A
:1045B00013601368D901FCD410B0BDE8F0818446C3
:1045C0001D4696E784467FE73C18500000C00F4028
:1045D00000001D4040420F00700300202DE9F04113
:1045E00000F5604090B0514C9646514B0094C0F895
:1045F00060141B6A4F48C3F3012304686B4404F042
:1046000080741E784C4B03FB06F60368B6FBF1F290
:10461000B6FBF2F543F0A0434D1B03600368DF01D6
:10462000FCD5052A4FF0000C22D96046831C0130CE
:10463000B2FBF3F7192F07FB03F3F7D84FF001088C
:10464000B6FBF3F3CB1A002BB8BF5B42AB4268DB7F
:1046500018BF4FF00008A7F10C03062B02D8B8F1E1
:10466000000F61D1052FE1D80CF10103B2FBF3F289
:10467000053A142A48D8B5F5967F45DC02EB42028C
:104680002E4F6E46DFF8AC800DEB0205BEF1020F37
:104690000FCF0FC60FCF0FC60FCF0FC697E80F0073
:1046A00007C626F8023B4FEA134333706B78AA78AB
:1046B0004FEAC34329784FEA024203F4601301F042
:1046C000070102F4E02243EA020343EA010343F450
:1046D000800343EA0C6343F48043C8F80430D8F8FD
:1046E000043014BF23F0080343F00803C8F8043073
:1046F0003CB9104A136823F0805313601368DB0140
:10470000FCD410B0BDE8F081002CFAD1094A13683E
:1047100023F0805313601368D901FCD410B0BDE8B6
:10472000F08184461D4696E784467FE73C1850009A
:1047300000C00F4000401D4040420F0070030020A9
:104740002DE9F04100F5604090B0514C9646514B38
:104750000094C0F860141B6A4F48C3F30123046837
:104760006B4404F080741E784C4B03FB06F6036820
:10477000B6FBF1F2B6FBF2F543F0A0434D1B03602C
:104780000368DF01FCD5052A4FF0000C22D96046F2
:10479000831C0130B2FBF3F7192F07FB03F3F7D8A3
:1047A0004FF00108B6FBF3F3CB1A002BB8BF5B4206
:1047B000AB4268DB18BF4FF00008A7F10C03062BD3
:1047C00002D8B8F1000F61D1052FE1D80CF1010337
:1047D000B2FBF3F2053A142A48D8B5F5967F45DCCA
:1047E00002EB42022E4F6E46DFF8AC800DEB020565
:1047F000BEF1020F0FCF0FC60FCF0FC60FCF0FC6E0
:1048000097E80F0007C626F8023B4FEA13433370C0
:104810006B78AA784FEAC34329784FEA024203F43F
:10482000601301F0070102F4E02243EA020343EAC5
:10483000010343F4800343EA0C6343F48043C8F864
:104840000430D8F8043014BF23F0080343F0080301
:10485000C8F804303CB9104A136823F08053136041
:104860001368DB01FCD410B0BDE8F081002CFAD154
:10487000094A136823F0805313601368D901FCD4EC
:1048800010B0BDE8F08184461D4696E784467FE778
:104890003C18500000C00F4000801D4040420F00F7
:1048A00070030020002070470020704708207047E8
:1048B0000020704700207047082070470020704794
:1048C000002070470820704710490B68486B0A6841
:1048D000496B02F07F02C1F3036101320431B2EB94
:1048E000410F10D303F07F03C0F30360053B013099
:1048F000A3EB4003DBB2054A106800F07F000130F3
:10490000C01AC0B270470023F5E700BF00001D4089
:1049100010490B68486B0A68496B02F07F02C1F3CB
:10492000036101320431B2EB410F10D303F07F0376
:10493000C0F30360053B0130A3EB4003DBB2054A43
:10494000106800F07F000130C01AC0B27047002329
:10495000F5E700BF00401D4010490B68486B0A682E
:10496000496B02F07F02C1F3036101320431B2EB03
:10497000410F10D303F07F03C0F30360053B013008
:10498000A3EB4003DBB2054A106800F07F00013062
:10499000C01AC0B270470023F5E700BF00801D4079
:1049A000632970B50446154612D043F694030B44B0
:1049B00000EB83035B680BB11046984704F5604435
:1049C000D4F854331BB12846BDE87040184770BD79
:1049D00000F56044D4F85432002BF1D010469847CB
:1049E000EEE700BF632970B50446154612D043F6C2
:1049F00094030B4400EB83035B680BB110469847AC
:104A000004F56044D4F854331BB12846BDE8704027
:104A1000184770BD00F56044D4F85432002BF1D033
:104A200010469847EEE700BF632970B50446154667
:104A300012D043F694030B4400EB83035B680BB185
:104A40001046984704F56044D4F854331BB1284607
:104A5000BDE87040184770BD00F56044D4F854328A
:104A6000002BF1D010469847EEE700BF1F2810B486
:104A700022D80123164A83401363164B4FF000647B
:104A80000A7A034412051B011C60CC790868D4B172
:104A900020F0604042F4C0025860C8685DF8044BE2
:104AA00000BA9860086900BAD860C97A42EA01423F
:104AB00042F040621A607047A0F120040123044ACA
:104AC000A340D362D9E7044C04EA80405860E4E78D
:104AD00000801D4008D801040000FC1F2DE9F047AC
:104AE00000F560478CB0044697F8503213B90123A3
:104AF00087F85032238B9BB2002B57D1D7F85C2418
:104B000004F5C046704B02F01F0103EB5213012263
:104B10009B008A401A60B6F81E3C9BB283B3B6F87D
:104B20001A3C1A2206ADEC46C3F30903AE4602FB5B
:104B3000034347F2220203EB02089858D8F8041006
:104B4000D8F80820D8F80C300FC5D8F81000D8F8DD
:104B5000141003C5BEE80F009DF92C50ACE80F00FF
:104B60009EE803006B1C8CE8030052D0574B2B448B
:104B70001B011B6803F07063B3F1006F00F08A80C3
:104B8000D7F85C24524B02F01F0103EB52130122B1
:104B90009B008A4000211A60208BB6F81E3C80B230
:104BA0009BB243EA00300CB0BDE8F087A68A1A2316
:104BB000B4F814C006ADC6F309060CF1010C03FBF2
:104BC0000646CCF30A0CD6F81C04D6F82014D6F806
:104BD0002834D6F824240FC5D6F82C04D6F830147F
:104BE000A4F814C0238B9BB203C51BB1238B013BDC
:104BF0009BB2238306AD6E460FCD0FC695E803002A
:104C00006A4686E8030020469DF81410FFF7C8FEA8
:104C100074E7304D286810F0005053D0FFF79CFE29
:104C20002B6803F07F0301339842A9D20130DFF8EB
:104C3000A8A04FF0FF08DFF89C90C5B208E0D9F8B3
:104C400000306A1C03F07F030133AB42154697D94D
:104C50002B0153F80A3003F07063B3F1006FEED10B
:104C6000681E69468DF81480C0B2FFF7FFFEB6F8E3
:104C70001A3C0133C3F30A03A6F81A3CB6F81E3CEB
:104C80009BB2002BDBD0B6F81E3C013B9BB2A6F8D2
:104C90001E3CD4E76946E8B2FFF7E8FEB6F81A3CD6
:104CA0000133C3F30A03A6F81A3CB6F81E3C9BB2C4
:104CB000002B3FF465AFB6F81E3C013B9BB2A6F853
:104CC0001E3C5DE72B68B1E76038003808D8010466
:104CD0004038003800801D4070801D401F2810B4EF
:104CE00022D80123164A83401363164B4FF0006409
:104CF0000A7A034412051B011C60CC790868D4B100
:104D000020F0604042F4C0025860C8685DF8044B6F
:104D100000BA9860086900BAD860C97A42EA0142CC
:104D200042F040621A607047A0F120040123044A57
:104D3000A340D362D9E7044C04EA80405860E4E71A
:104D400000401D4008D401040000FC1F1F2810B4BF
:104D500022D80123164A83401363164B4FF0006498
:104D60000A7A034412051B011C60CC790868D4B18F
:104D700020F0604042F4C0025860C8685DF8044BFF
:104D800000BA9860086900BAD860C97A42EA01425C
:104D900042F040621A607047A0F120040123044AE7
:104DA000A340D362D9E7044C04EA80405860E4E7AA
:104DB00000001D4008D001040000FC1F2DE9F04751
:104DC00000F560478CB0044697F8503213B90123C0
:104DD00087F85032238B9BB2002B57D1D7F85C2435
:104DE00004F5C046704B02F01F0103EB5213012281
:104DF0009B008A401A60B6F81E3C9BB283B3B6F89B
:104E00001A3C1A2206ADEC46C3F30903AE4602FB78
:104E1000034347F2220203EB02089858D8F8041023
:104E2000D8F80820D8F80C300FC5D8F81000D8F8FA
:104E3000141003C5BEE80F009DF92C50ACE80F001C
:104E40009EE803006B1C8CE8030052D0574B2B44A8
:104E50001B011B6803F07063B3F1006F00F08A80E0
:104E6000D7F85C24524B02F01F0103EB52130122CE
:104E70009B008A4000211A60208BB6F81E3C80B24D
:104E80009BB243EA00300CB0BDE8F087A68A1A2333
:104E9000B4F814C006ADC6F309060CF1010C03FB0F
:104EA0000646CCF30A0CD6F81C04D6F82014D6F823
:104EB0002834D6F824240FC5D6F82C04D6F830149C
:104EC000A4F814C0238B9BB203C51BB1238B013BF9
:104ED0009BB2238306AD6E460FCD0FC695E8030047
:104EE0006A4686E8030020469DF81410FFF79CFDF3
:104EF00074E7304D286810F0005053D0FFF7E4FC01
:104F00002B6803F07F0301339842A9D20130DFF808
:104F1000A8A04FF0FF08DFF89C90C5B208E0D9F8D0
:104F200000306A1C03F07F030133AB42154697D96A
:104F30002B0153F80A3003F07063B3F1006FEED128
:104F4000681E69468DF81480C0B2FFF7FFFEB6F800
:104F50001A3C0133C3F30A03A6F81A3CB6F81E3C08
:104F60009BB2002BDBD0B6F81E3C013B9BB2A6F8EF
:104F70001E3CD4E76946E8B2FFF7E8FEB6F81A3CF3
:104F80000133C3F30A03A6F81A3CB6F81E3C9BB2E1
:104F9000002B3FF465AFB6F81E3C013B9BB2A6F870
:104FA0001E3C5DE72B68B1E76038003808D001048B
:104FB0004038003800001D4070001D402DE9F047CA
:104FC00000F560478CB0044697F8503213B90123BE
:104FD00087F85032238B9BB2002B57D1D7F85C2433
:104FE00004F5C046704B02F01F0103EB521301227F
:104FF0009B008A401A60B6F81E3C9BB283B3B6F899
:105000001A3C1A2206ADEC46C3F30903AE4602FB76
:10501000034347F2220203EB02089858D8F8041021
:10502000D8F80820D8F80C300FC5D8F81000D8F8F8
:10503000141003C5BEE80F009DF92C50ACE80F001A
:105040009EE803006B1C8CE8030052D0574B2B44A6
:105050001B011B6803F07063B3F1006F00F08A80DE
:10506000D7F85C24524B02F01F0103EB52130122CC
:105070009B008A4000211A60208BB6F81E3C80B24B
:105080009BB243EA00300CB0BDE8F087A68A1A2331
:10509000B4F814C006ADC6F309060CF1010C03FB0D
:1050A0000646CCF30A0CD6F81C04D6F82014D6F821
:1050B0002834D6F824240FC5D6F82C04D6F830149A
:1050C000A4F814C0238B9BB203C51BB1238B013BF7
:1050D0009BB2238306AD6E460FCD0FC695E8030045
:1050E0006A4686E8030020469DF81410FFF77AFC14
:1050F00074E7304D286810F0005053D0FFF708FCDB
:105100002B6803F07F0301339842A9D20130DFF806
:10511000A8A04FF0FF08DFF89C90C5B208E0D9F8CE
:1051200000306A1C03F07F030133AB42154697D968
:105130002B0153F80A3003F07063B3F1006FEED126
:10514000681E69468DF81480C0B2FFF7C7FDB6F837
:105150001A3C0133C3F30A03A6F81A3CB6F81E3C06
:105160009BB2002BDBD0B6F81E3C013B9BB2A6F8ED
:105170001E3CD4E76946E8B2FFF7B0FDB6F81A3C2A
:105180000133C3F30A03A6F81A3CB6F81E3C9BB2DF
:10519000002B3FF465AFB6F81E3C013B9BB2A6F86E
:1051A0001E3C5DE72B68B1E76038003808D4010485
:1051B0004038003800401D4070401D402DE9F04F40
:1051C000A74B83B0A7490022019307460B6AC3F39C
:1051D00001236B441B79C0E90122C0E90322002BA3
:1051E00000F0018100F560479E4924209E4B012478
:1051F0009E4A0225C7F85C041220C3F8D0208A6EAC
:105200009B4B42F470328A6641F2B00187F86544E4
:10521000984A994CC3F81C01C3F80C13E564C3F811
:105220002001C3F81013136823F0004313601368C0
:1052300043F0A04313601368D901FCD553688D492E
:1052400043F008035360136843F0804313600B6816
:10525000DB02FCD40A68874B42F000720A601C68CB
:1052600014F00074FBD1834B1A68D601FCD51A6880
:1052700042F400321A601A6842F480321A601A68E6
:1052800042F480521A601A6842F400521A601A6896
:1052900042F480021A601A6842F400221A601A6806
:1052A00022F408421A605A6B42F4E0225A631A68E8
:1052B00042F400121A601A6842F080621A6019689B
:1052C0001A6801F0807842F0A0421A60694A1368B7
:1052D000DD01FCD513680020684D23F000536849B8
:1052E000644E13605062906213680246CA600130D7
:1052F0008A604A6041F8102B45F8042B336803F0AC
:105300007F0301338342F1D8B2644FF0006B326106
:105310004FF0010AF26A336BDFF86091F262554D8B
:1053200033633368564E1BE02B6803F07F03013371
:10533000B4EB930F2CBF4FF08C634FF0806333605E
:105340006B6BC3F300439B07C9F800302B68013433
:10535000103609F1040903F07F0301339C4220D287
:105360002B6803F07F030133B4EB530FDCD3C6F893
:1053700000B02B68980004D5FFF7A6FAE3B2984274
:10538000E4D81F2C0AFA04F303D8AA6A1343AB62C9
:10539000DCE7A4F120036A6A0AFA03F313436B62A1
:1053A000D4E7B8F1000F07D12B68324A23F08053BD
:1053B0002B601368D901FCD42E4A136823F0805364
:1053C00013601368DB01FCD4D7F85C2401212D4B5A
:1053D00003EB521302F01F029B0001FA02F21A6063
:1053E00003B0BDE8F08F0B6A274A23F47F7310687F
:1053F00043F480730B6200282ED01E4A07F56047E5
:1054000003685268D7F86014C2F3C0025B685200A8
:1054100002F0020298471D4B186858B1154A0368FC
:105420005268D7F86014C2F3C0025B68520002F001
:1054300002029847164B186800283FF4D5AE0D4A73
:1054400003685268D7F86014C2F3C0025B68520068
:1054500002F002029847C7E607F56047DBE700BFA6
:105460003C18500000C00F40003C00203D250000CB
:1054700000801F4000001D4000841F4080081D4028
:1054800080001D4040380038F8FF0220FCFF022059
:10549000000003202DE9F04FA74B83B0A74900225D
:1054A000019307460B6AC3F301236B441B79C0E9E0
:1054B0000122C0E90322002B00F0018100F56047C2
:1054C0009E4925209E4B02249E4A0125C7F85C0474
:1054D0001020C3F8D4208A6E9B4B42F470128A6667
:1054E00041F2B00187F86544984A994CC3F8C4006A
:1054F000C3F8B4122565C3F8C800C3F8B81213681E
:1055000023F000431360136843F0A0431360136853
:10551000D901FCD553688D4943F0080353601368E3
:1055200043F0804313600B68DB02FCD40A68874BAE
:1055300042F000720A601C6814F00074FBD1834BC7
:105540001A68D601FCD51A6842F400321A601A684B
:1055500042F480321A601A6842F480521A601A6863
:1055600042F400521A601A6842F480021A601A6803
:1055700042F400221A601A6822F408421A605A6B38
:1055800042F4E0225A631A6842F400121A601A6860
:1055900042F080621A6019681A6801F0807842F05F
:1055A000A0421A60694A1368DD01FCD51368002027
:1055B000684D23F000536849644E13605062906256
:1055C00013680246CA6001308A604A6041F8102BB5
:1055D00045F8042B336803F07F0301338342F1D88D
:1055E000B2644FF0006B32614FF0010AF26A336B24
:1055F000DFF86091F262554D33633368564E1BE01D
:105600002B6803F07F030133B4EB930F2CBF4FF0F3
:105610008C634FF0806333606B6BC3F300439B0775
:10562000C9F800302B680134103609F1040903F081
:105630007F0301339C4220D22B6803F07F030133A8
:10564000B4EB530FDCD3C6F800B02B68980004D538
:10565000FFF75EF9E3B29842E4D81F2C0AFA04F38C
:1056600003D8AA6A1343AB62DCE7A4F120036A6A99
:105670000AFA03F313436B62D4E7B8F1000F07D1C2
:105680002B68324A23F080532B601368D901FCD475
:105690002E4A136823F0805313601368DB01FCD497
:1056A000D7F85C2401212D4B03EB521302F01F02AB
:1056B0009B0001FA02F21A6003B0BDE8F08F0B6A9A
:1056C000274A23F47F73106843F480730B62002829
:1056D0002ED01E4A07F5604703685268D7F8601459
:1056E000C2F3C0025B68520002F0020298471D4BF1
:1056F000186858B1154A03685268D7F86014C2F3A5
:10570000C0025B68520002F002029847164B18680C
:1057100000283FF4D5AE0D4A03685268D7F86014EC
:10572000C2F3C0025B68520002F002029847C7E66B
:1057300007F56047DBE700BF3C18500000C00F4092
:10574000003C00205125000000801F4000401D400B
:1057500000841F4080481D4080401D404038003874
:10576000F8FF0220FCFF0220000003202DE9F04F8B
:10577000A84B83B0A8490022019307460B6AC3F3E4
:1057800001236B441B79C0E90122C0E90322002BED
:1057900000F0048100F560479F499A209F4B032445
:1057A0009F4A0025C7F85C041920C3F8A822D1F845
:1057B00084209C4B42F47072C1F8842041F2B00105
:1057C00087F86544984A994CC3F8A400C3F894122A
:1057D000C4F88C53C3F8A800C3F89812136823F0D8
:1057E00000431360136843F0A04313601368D901AA
:1057F000FCD553688C4943F008035360136843F0A9
:10580000804313600B68DB02FCD40A68864B42F0CD
:1058100000720A601C6814F00074FBD1824B1A6895
:10582000D601FCD51A6842F400321A601A6842F4B4
:1058300080321A601A6842F480521A601A6842F480
:1058400000521A601A6842F480021A601A6842F420
:1058500000221A601A6822F408421A605A6B42F455
:10586000E0225A631A6842F400121A601A6842F081
:1058700080621A6019681A6801F0807842F0A042CC
:105880001A60694A1368DD01FCD513680020684D71
:1058900023F000536749644E1360506290621368AE
:1058A0000246CA6001308A604A6041F8102B45F810
:1058B000042B336803F07F0301338342F1D8B264D1
:1058C0004FF0006B32614FF0010AF26A336BDFF880
:1058D0006091F262544D33633368564E1BE02B687F
:1058E00003F07F030133B4EB930F2CBF4FF08C63B5
:1058F0004FF0806333606B6BC3F300439B07C9F8C1
:1059000000302B680134103609F1040903F07F03DD
:1059100001339C4220D22B6803F07F030133B4EBA8
:10592000530FDCD3C6F800B02B68980004D5FFF7FE
:1059300013F8E3B29842E4D81F2C0AFA04F303D810
:10594000AA6A1343AB62DCE7A4F120036A6A0AFA8D
:1059500003F313436B62D4E7B8F1000F07D12B6850
:10596000314A23F080532B601368D901FCD42E4AAE
:10597000136823F0805313601368DB01FCD4D7F85D
:105980005C2401212C4B03EB521302F01F029B00FD
:1059900001FA02F21A6003B0BDE8F08F0B6A274AE1
:1059A00023F47F73106843F480730B6200282ED0B9
:1059B0001D4A07F5604703685268D7F86014C2F3C0
:1059C000C0025B68520002F0020298471C4B186844
:1059D00058B1154A03685268D7F86014C2F3C00280
:1059E0005B68520002F002029847164B18680028C4
:1059F0003FF4D2AE0C4A03685268D7F86014C2F381
:105A0000C0025B68520002F002029847C4E607F544
:105A10006047DBE73C18500000C00F40003C00200E
:105A20006525000000801F4000801D4000841F404D
:105A300080881D4080801D4040380038F8FF0220DB
:105A4000FCFF022000000320F8B5082300271646BB
:105A500001294FF0000203734FF0000304468760F2
:105A60000776C0E904231FD002290D460ED059B98C
:105A70001448FFF7A3FB2A4631461248FEF7FCFC08
:105A8000114A124BC4E900232046F8BD1048FFF725
:105A90006DFE3A4631460E48FEF752FE0D4A0E4B59
:105AA0002046C4E90023F8BD0C48FFF7F3FC3A4652
:105AB00031460A48FEF792FD094A0A4B2046C4E9DE
:105AC0000023F8BD90410020B54700002D5600008E
:105AD000600A02206D5400004D590000F825012095
:105AE000114E0000BD57000000F55043D3F8503967
:105AF000DB006DD53C4A00234DF6501C2DE9F04FDC
:105B0000566B83B04DF6541B43F25468C6F30366DC
:105B1000F600083608E054F80C506D0F052D31D012
:105B20000133DAB296425AD903EB430200EBC204C6
:105B300054F80C5004EB0C076D0F012D11D054F8E4
:105B40000C506D0F022DE6D154F80B208A42E7D895
:105B50004DF65812A2588A42E2D3012003B0BDE8A4
:105B6000F08F520000243D68C5F3C215A54204F130
:105B7000010402EB0405D3D9454450F825508D4269
:105B8000F1D1EAE754F80C5015F4607FC8D04DF617
:105B9000641E4DF65019520043F2546AA644A144C3
:105BA0000196012406E0D9F80050C5F3C21501356D
:105BB000A5420FD91519DEF80060013455440E4096
:105BC00050F82550DEF800703D40AE42EBD1C4E7FE
:105BD000012070470133019EDAB29642A4D800201A
:105BE00003B0BDE8F08F00BF00001D4001EB410194
:105BF0004DF6504CF0B500EBC10454F80C30DB000E
:105C000049D554F80C305B0F012B0BD054F80C30F5
:105C10005B0F022B41D054F80C305B0F052B17D0D3
:105C20000020F0BD04EB0C0543F214764C00002379
:105C300004E0B44450F82C1091422CD02968C1F3F0
:105C4000C21C9C4503F1010304EB030CF1D8E7E708
:105C500054F80C3013F46073E2D04DF664454900FB
:105C6000A4444FF0010E254443F2147606E0DCF81C
:105C70000030C3F3C21301337345D1D901EB0E03D6
:105C80002C680EF1010E3344144050F823302F6875
:105C90003B409C42EBD10120F0BD4DF65443E3580C
:105CA0009342BDD84DF65843E058904234BF00208F
:105CB0000120F0BD00F55043D3F85039DB006DD51D
:105CC0003C4A00234DF6501C2DE9F04F566B83B033
:105CD0004DF6541B43F25468C6F30366F6000836CB
:105CE00008E054F80C506D0F052D31D00133DAB2B5
:105CF00096425AD903EB430200EBC20454F80C500D
:105D000004EB0C076D0F012D11D054F80C506D0FE2
:105D1000022DE6D154F80B208A42E7D84DF65812EE
:105D2000A2588A42E2D3012003B0BDE8F08F5200AE
:105D300000243D68C5F3C215A54204F1010402EB3D
:105D40000405D3D9454450F825508D42F1D1EAE7F6
:105D500054F80C5015F4607FC8D04DF6641E4DF613
:105D60005019520043F2546AA644A14401960124FA
:105D700006E0D9F80050C5F3C2150135A5420FD988
:105D80001519DEF80060013455440E4050F82550D6
:105D9000DEF800703D40AE42EBD1C4E70120704711
:105DA0000133019EDAB29642A4D8002003B0BDE8C8
:105DB000F08F00BF00401D4001EB41014DF6504CFB
:105DC000F0B500EBC10454F80C30DB0049D554F8B1
:105DD0000C305B0F012B0BD054F80C305B0F022BF7
:105DE00041D054F80C305B0F052B17D00020F0BDCC
:105DF00004EB0C0543F214764C00002304E0B44499
:105E000050F82C1091422CD02968C1F3C21C9C453B
:105E100003F1010304EB030CF1D8E7E754F80C306D
:105E200013F46073E2D04DF664454900A4444FF08A
:105E3000010E254443F2147606E0DCF80030C3F38B
:105E4000C21301337345D1D901EB0E032C680EF157
:105E5000010E3344144050F823302F683B409C42DD
:105E6000EBD10120F0BD4DF65443E3589342BDD829
:105E70004DF65843E058904234BF00200120F0BD59
:105E800000F55043D3F85039DB006DD53C4A002370
:105E90004DF6501C2DE9F04F566B83B04DF6541B58
:105EA00043F25468C6F30366F600083608E054F877
:105EB0000C506D0F052D31D00133DAB296425AD90C
:105EC00003EB430200EBC20454F80C5004EB0C0744
:105ED0006D0F012D11D054F80C506D0F022DE6D12D
:105EE00054F80B208A42E7D84DF65812A2588A423D
:105EF000E2D3012003B0BDE8F08F520000243D68DA
:105F0000C5F3C215A54204F1010402EB0405D3D97F
:105F1000454450F825508D42F1D1EAE754F80C5031
:105F200015F4607FC8D04DF6641E4DF6501952002E
:105F300043F2546AA644A1440196012406E0D9F82C
:105F40000050C5F3C2150135A5420FD91519DEF869
:105F50000060013455440E4050F82550DEF80070C2
:105F60003D40AE42EBD1C4E7012070470133019EB2
:105F7000DAB29642A4D8002003B0BDE8F08F00BF8B
:105F800000801D4001EB41014DF6504CF0B500EB97
:105F9000C10454F80C30DB0049D554F80C305B0FC9
:105FA000012B0BD054F80C305B0F022B41D054F86E
:105FB0000C305B0F052B17D00020F0BD04EB0C0557
:105FC00043F214764C00002304E0B44450F82C1043
:105FD00091422CD02968C1F3C21C9C4503F10103F6
:105FE00004EB030CF1D8E7E754F80C3013F46073BA
:105FF000E2D04DF664454900A4444FF0010E25441B
:1060000043F2147606E0DCF80030C3F3C213013328
:106010007345D1D901EB0E032C680EF1010E334408
:10602000144050F823302F683B409C42EBD10120B4
:10603000F0BD4DF65443E3589342BDD84DF6584356
:10604000E058904234BF00200120F0BD43884FF05B
:106050001A0CC3F3090310B50CFB03034FEA122E0D
:10606000044683F806E44388C3F309030CFB0303E7
:1060700083F807244088C0F309000CFB004000F5BA
:1060800081601BF0E5FC6288238892B29BB283F4A6
:1060900080639A4204D123880133C3F30A03238027
:1060A00063880133C3F30A036380A3889BB2B3F50B
:1060B000806F03D2A38801339BB2A38010BD00BFC1
:1060C0002DE9F04F8C468DB00E4607466C460546CE
:1060D00000F110084FF00109DFF89CA0BCE80F00A8
:1060E0000FC49CE8030084E8030055F8044F5CB13A
:1060F0009DF91420A36809FA02F1194223D02368FC
:10610000D3F800B0D34519D14545EED107F560432A
:1061100093F8503243B3306806AC7168B268F368E4
:106120000FC430691822716903C40DEB020107F135
:106130001400FFF78BFF0DB0BDE8F08F9DF8153010
:1061400069462046D847237C0B4A002BDCD02368C5
:10615000D3F800B09345D7D020469DF815304FF0C6
:10616000FF326946D847CFE73246317D3846FEF7E1
:106170005BFC0DB0BDE8F08F3925000000F56043F1
:1061800093F85132002B00F0EC80DFF89CC22DE92F
:10619000F04F0F4689B005460E4602AC0FCF0FC434
:1061A00097E8030084E80300DCF800309B0064D526
:1061B000DCF8343000274DF650182846C3F3036945
:1061C00043F254634FEAC90909F108090DE0520F7F
:1061D000022A54F8082000F0A680520F052A00F089
:1061E000E9800137FAB24A4546D296F91420632A6B
:1061F00042D007EB470100EBC10454F8082004EB40
:106200000805B2F1005FECD354F80820520F012AC0
:1062100054F80820DBD1C2F3004296F807C062456B
:10622000DFD154F8082012F4607FDAD04FEA410A37
:106230000024834604E02A68C2F3C212A24216D99F
:106240000134029A0AEB040119445BF821108A42D6
:10625000F1D1632202A958468DF81C20FFF730FFC8
:106260002A6843F25463C2F3C212A242E8D801374B
:106270005846FAB24A45B8D3054600236A4F8DF80E
:106280000E303C6814F0005439D0FEF71DFB3B681B
:10629000044603F07F03013398422DD24DF6504758
:1062A00043F21479DFF8808196F91430A3421BD0B1
:1062B00004EB440105EBC103DA5903EB070AB2F121
:1062C000005F11D3DA59F079C2F3C06282420BD178
:1062D000DA59520F012A45D0DA59520F022A10D04A
:1062E000DB595B0F052B5DD0D8F80030013403F08B
:1062F0007F030133A342D7D809B0BDE8F08F3B68D4
:10630000CCE74DF654429958029A8A42ECD34DF6A6
:1063100058415B589A42E7D802A928468DF81C409C
:10632000FFF7CEFEE0E7C2F30042F1798A427FF444
:1063300058AF4DF65412A158029A8A42FFF451AF59
:106340004DF6581161588A423FF64BAF632202A9BD
:1063500000908DF81C20FFF7B3FE009843F25463C1
:106360003FE77047DB5913F4607FBDD04FEA410B24
:10637000002305E0DAF80020C2F3C2129A42B3D932
:10638000013302990BEB03024A4455F82220914253
:10639000F0D102A9284600938DF81C40FFF790FE2B
:1063A000009BE7E7029AE1B22846FFF71FFC0028AE
:1063B0009AD0B1E754F8082012F4607F3FF411AF8F
:1063C0004DF6641BFDB24FF0010AA344CDE90076FF
:1063D00006460F4608E054F808100AF1010AC1F316
:1063E000C211013151451AD90AEB4701DBF80020EF
:1063F0000298194402EA000C56F82110DBF800203C
:1064000011408C45E7D1632130468DF80E508DF850
:106410001C1002A9FFF754FE43F25463DBE7304639
:10642000009F019EDDE600BF00001D40254A38B5F3
:10643000136813F0005342D0136805460C4613F45A
:10644000004302D1926A900639D41E4A136B13F0AE
:10645000200334D0D2F88030C3F30341A380E1722B
:10646000C3F30051D2F884202172C3F3405122F0CB
:106470006042E171990213494FEAD35358BF920C1D
:10648000226005F56042D1F8880000BAE060D1F8DA
:106490008C0000BA206192F86524A37163236275B1
:1064A00023750B681B0401D420230B632146284667
:1064B000FFF764FE21682846FFF716FB38BD184633
:1064C00038BD00BF00001D40784B1B682DE9F04728
:1064D00013F0005881468A4602D0FEF7F5F980464F
:1064E000724C09F56047236897F8640403F07F0352
:1064F0000133984200F2D48003266D4D55E0002A06
:106500005BD0B2FA82F3C3F14003984252DB2068B9
:1065100010F0005001D0FEF7D7F9013E87F864046F
:1065200016F0FF0600F0BC8023689A0006D580456F
:1065300004D908F1FF30C0B287F86404236803F07F
:106540007F03013398420CD3206810F0005001D033
:10655000FEF7BAF9013E87F8640416F0FF0600F072
:106560009F80D4F824C0C0F12001A36AA0F12002CA
:106570000CFA01F1C3402CFA02F20B431343DB0780
:1065800009D443191B011A68110104D402F03061C7
:10659000B1F1007F15D00130C0B287F864042368E0
:1065A00003F07F03013398427AD8E26A236B53EAFF
:1065B0000201A4D197F86404B6E7B3FA83F3203359
:1065C000A1E7C2F3005190028AF80810C2F34051CB
:1065D0008AF80710596821F0604158BF890CCAF841
:1065E000001002F07061B1F1C06F02D101218AF890
:1065F0000910C2F303418AF80B1097F86414481C81
:1066000087F864048AF81410AAF8042097F865241F
:106610009AF807108AF815209A6800298AF80F203E
:1066200008BF4FF080619A6818BF4FF08C61120A62
:106630008AF80E209A68120C8AF80D209A68120EB9
:106640008AF80C20DA688AF81320DA68120A8AF8C5
:106650001220DA68120C8AF81120DA68120E8AF811
:10666000102019609AF91420A368D3B21F2B11D8F7
:1066700001239340236351464846FFF77FFDDAF834
:1066800000209AF814104846FFF7B0FA58B997F866
:10669000640480E7203B012202FA03F3E362EAE7A5
:1066A0000020BDE8F0870120FBE700BF00001D408F
:1066B00008D0010410B50221044600200EF07CFA37
:1066C000C8B9134B1A68910015D59A6A920612D46C
:1066D0001B6B9B060FD50F490F48FFF7A7FE48B16C
:1066E0000C490B682360CA7A2271082ACB7923747B
:1066F00006D9012010BD07490748FFF7E5FEEEE780
:106700000C3104F1080010F08FF80120F2E700BF0F
:1067100000001D405C3B0020904100202DE9F04F1F
:106720008C468DB00E4607466C46054600F11008B3
:106730004FF00109DFF89CA0BCE80F000FC49CE8F3
:10674000030084E8030055F8044F5CB19DF9142060
:10675000A36809FA02F1194223D02368D3F800B0E4
:10676000D34519D14545EED107F5604393F8503232
:1067700043B3306806AC7168B268F3680FC430691F
:106780001822716903C40DEB020107F11400FFF731
:106790005DFC0DB0BDE8F08F9DF8153069462046D0
:1067A000D847237C0B4A002BDCD02368D3F800B0F9
:1067B0009345D7D020469DF815304FF0FF326946FB
:1067C000D847CFE73246317D3846FEF70BF90DB09A
:1067D000BDE8F08F3925000000F5604393F8513291
:1067E000002B00F0EC80DFF89CC22DE9F04F0F4643
:1067F00089B005460E4602AC0FCF0FC497E80300E0
:1068000084E80300DCF800309B0064D5DCF8343009
:1068100000274DF650182846C3F3036943F254632A
:106820004FEAC90909F108090DE0520F022A54F88C
:10683000082000F0A680520F052A00F0E9800137F9
:10684000FAB24A4546D296F91420632A42D007EBA1
:10685000470100EBC10454F8082004EB0805B2F12D
:10686000005FECD354F80820520F012A54F8082096
:10687000DBD1C2F3004296F807C06245DFD154F87D
:10688000082012F4607FDAD04FEA410A00248346E0
:1068900004E02A68C2F3C212A24216D90134029A55
:1068A0000AEB040119445BF821108A42F1D16322FA
:1068B00002A958468DF81C20FFF730FF2A6843F2E2
:1068C0005463C2F3C212A242E8D801375846FAB262
:1068D0004A45B8D3054600236A4F8DF80E303C6810
:1068E00014F0005439D0FEF713F83B68044603F067
:1068F0007F03013398422DD24DF6504743F214796D
:10690000DFF8808196F91430A3421BD004EB4401D8
:1069100005EBC103DA5903EB070AB2F1005F11D3AB
:10692000DA59F079C2F3C06282420BD1DA59520FC0
:10693000012A45D0DA59520F022A10D0DB595B0FD9
:10694000052B5DD0D8F80030013403F07F0301330C
:10695000A342D7D809B0BDE8F08F3B68CCE74DF62D
:1069600054429958029A8A42ECD34DF658415B58EA
:106970009A42E7D802A928468DF81C40FFF7CEFEC0
:10698000E0E7C2F30042F1798A427FF458AF4DF656
:106990005412A158029A8A42FFF451AF4DF6581191
:1069A00061588A423FF64BAF632202A900908DF8EE
:1069B0001C20FFF7B3FE009843F254633FE7704793
:1069C000DB5913F4607FBDD04FEA410B002305E093
:1069D000DAF80020C2F3C2129A42B3D90133029905
:1069E0000BEB03024A4455F822209142F0D102A950
:1069F000284600938DF81C40FFF790FE009BE7E7C8
:106A0000029AE1B22846FFF7D7F900289AD0B1E7F9
:106A100054F8082012F4607F3FF411AF4DF6641B68
:106A2000FDB24FF0010AA344CDE9007606460F46B9
:106A300008E054F808100AF1010AC1F3C21101314B
:106A400051451AD90AEB4701DBF800200298194496
:106A500002EA000C56F82110DBF8002011408C45AA
:106A6000E7D1632130468DF80E508DF81C1002A935
:106A7000FFF754FE43F25463DBE73046009F019E6C
:106A8000DDE600BF00401D40254A38B5136813F00D
:106A9000005342D0136805460C4613F4004302D15C
:106AA000926A900639D41E4A136B13F0200334D037
:106AB000D2F88030C3F30341A380E172C3F30051E5
:106AC000D2F884202172C3F3405122F06042E17178
:106AD000990213494FEAD35358BF920C226005F52F
:106AE0006042D1F8880000BAE060D1F88C0000BAAA
:106AF000206192F86524A3716323627523750B6886
:106B00001B0401D420230B6321462846FFF764FEB3
:106B100021682846FFF7CEF838BD184638BD00BFBB
:106B200000401D40784B1B682DE9F04713F00058DA
:106B300081468A4602D0FDF7EBFE8046724C09F58D
:106B40006047236897F8640403F07F030133984299
:106B500000F2D48003266D4D55E0002A5BD0B2FAD6
:106B600082F3C3F14003984252DB206810F00050DA
:106B700001D0FDF7CDFE013E87F8640416F0FF0654
:106B800000F0BC8023689A0006D5804504D908F13E
:106B9000FF30C0B287F86404236803F07F03013339
:106BA00098420CD3206810F0005001D0FDF7B0FEE1
:106BB000013E87F8640416F0FF0600F09F80D4F8C9
:106BC00024C0C0F12001A36AA0F120020CFA01F157
:106BD000C3402CFA02F20B431343DB0709D44319D9
:106BE0001B011A68110104D402F03061B1F1007F79
:106BF00015D00130C0B287F86404236803F07F0326
:106C0000013398427AD8E26A236B53EA0201A4D195
:106C100097F86404B6E7B3FA83F32033A1E7C2F32D
:106C2000005190028AF80810C2F340518AF8071008
:106C3000596821F0604158BF890CCAF8001002F071
:106C40007061B1F1C06F02D101218AF80910C2F35D
:106C500003418AF80B1097F86414481C87F8640401
:106C60008AF81410AAF8042097F865249AF80710F7
:106C70008AF815209A6800298AF80F2008BF4FF07B
:106C800080619A6818BF4FF08C61120A8AF80E2052
:106C90009A68120C8AF80D209A68120E8AF80C2055
:106CA000DA688AF81320DA68120A8AF81220DA6899
:106CB000120C8AF81120DA68120E8AF81020196076
:106CC0009AF91420A368D3B21F2B11D80123934043
:106CD000236351464846FFF77FFDDAF800209AF813
:106CE00014104846FFF768F858B997F8640480E72D
:106CF000203B012202FA03F3E362EAE70020BDE849
:106D0000F0870120FBE700BF00401D4008D40104CC
:106D100010B50221044600200DF04EFFC8B9134BF8
:106D20001A68910015D59A6A920612D41B6B9B06BD
:106D30000FD50F490F48FFF7A7FE48B10C490B6864
:106D40002360CA7A2271082ACB79237406D90120DC
:106D500010BD07490748FFF7E5FEEEE70C3104F1E7
:106D600008000FF061FD0120F2E700BF00401D4068
:106D7000743B0020F82501202DE9F04F8C468DB0A2
:106D80000E4607466C46054600F110084FF0010913
:106D9000DFF89CA0BCE80F000FC49CE8030084E867
:106DA000030055F8044F5CB19DF91420A36809FA5B
:106DB00002F1194223D02368D3F800B0D34519D18A
:106DC0004545EED107F5604393F8503243B3306840
:106DD00006AC7168B268F3680FC430691822716933
:106DE00003C40DEB020107F11400FFF72FF90DB0FA
:106DF000BDE8F08F9DF8153069462046D847237CC2
:106E00000B4A002BDCD02368D3F800B09345D7D0D1
:106E100020469DF815304FF0FF326946D847CFE73E
:106E20003246317D3846FDF7BBFD0DB0BDE8F08F31
:106E30003925000000F5604393F85132002B00F033
:106E4000EC80DFF89CC22DE9F04F0F4689B0054673
:106E50000E4602AC0FCF0FC497E8030084E803008E
:106E6000DCF800309B0064D5DCF8343000274DF6A8
:106E700050182846C3F3036943F254634FEAC90923
:106E800009F108090DE0520F022A54F8082000F019
:106E9000A680520F052A00F0E9800137FAB24A4570
:106EA00046D296F91420632A42D007EB470100EB43
:106EB000C10454F8082004EB0805B2F1005FECD3DC
:106EC00054F80820520F012A54F80820DBD1C2F3ED
:106ED000004296F807C06245DFD154F8082012F44A
:106EE000607FDAD04FEA410A0024834604E02A6832
:106EF000C2F3C212A24216D90134029A0AEB04016B
:106F000019445BF821108A42F1D1632202A9584644
:106F10008DF81C20FFF730FF2A6843F25463C2F358
:106F2000C212A242E8D801375846FAB24A45B8D34D
:106F3000054600236A4F8DF80E303C6814F000546B
:106F400039D0FDF709FD3B68044603F07F030133A8
:106F500098422DD24DF6504743F21479DFF88081E4
:106F600096F91430A3421BD004EB440105EBC10396
:106F7000DA5903EB070AB2F1005F11D3DA59F0795D
:106F8000C2F3C06282420BD1DA59520F012A45D0B6
:106F9000DA59520F022A10D0DB595B0F052B5DD056
:106FA000D8F80030013403F07F030133A342D7D86F
:106FB00009B0BDE8F08F3B68CCE74DF654429958D4
:106FC000029A8A42ECD34DF658415B589A42E7D870
:106FD00002A928468DF81C40FFF7CEFEE0E7C2F379
:106FE0000042F1798A427FF458AF4DF65412A1580D
:106FF000029A8A42FFF451AF4DF6581161588A4205
:107000003FF64BAF632202A900908DF81C20FFF7DA
:10701000B3FE009843F254633FE77047DB5913F423
:10702000607FBDD04FEA410B002305E0DAF8002075
:10703000C2F3C2129A42B3D9013302990BEB030295
:107040004A4455F822209142F0D102A928460093E3
:107050008DF81C40FFF790FE009BE7E7029AE1B233
:107060002846FEF78FFF00289AD0B1E754F8082091
:1070700012F4607F3FF411AF4DF6641BFDB24FF088
:10708000010AA344CDE9007606460F4608E054F80D
:1070900008100AF1010AC1F3C211013151451AD990
:1070A0000AEB4701DBF800200298194402EA000CC1
:1070B00056F82110DBF8002011408C45E7D1632100
:1070C00030468DF80E508DF81C1002A9FFF754FEC3
:1070D00043F25463DBE73046009F019EDDE600BFCC
:1070E00000801D40254A38B5136813F0005342D084
:1070F000136805460C4613F4004302D1926A9006C9
:1071000039D41E4A136B13F0200334D0D2F88030E8
:10711000C3F30341A380E172C3F30051D2F884208A
:107120002172C3F3405122F06042E1719902134988
:107130004FEAD35358BF920C226005F56042D1F854
:10714000880000BAE060D1F88C0000BA206192F8A3
:107150006524A3716323627523750B681B0401D436
:1071600020230B6321462846FFF764FE216828464A
:10717000FEF786FE38BD184638BD00BF00801D40B2
:10718000784B1B682DE9F04713F0005881468A467A
:1071900002D0FDF7E1FB8046724C09F56047236899
:1071A00097F8640403F07F030133984200F2D4801F
:1071B00003266D4D55E0002A5BD0B2FA82F3C3F18D
:1071C0004003984252DB206810F0005001D0FDF7D8
:1071D000C3FB013E87F8640416F0FF0600F0BC8094
:1071E00023689A0006D5804504D908F1FF30C0B263
:1071F00087F86404236803F07F03013398420CD3BB
:10720000206810F0005001D0FDF7A6FB013E87F882
:10721000640416F0FF0600F09F80D4F824C0C0F18B
:107220002001A36AA0F120020CFA01F1C3402CFA5C
:1072300002F20B431343DB0709D443191B011A68FD
:10724000110104D402F03061B1F1007F15D001309A
:10725000C0B287F86404236803F07F0301339842C7
:107260007AD8E26A236B53EA0201A4D197F8640446
:10727000B6E7B3FA83F32033A1E7C2F300519002DB
:107280008AF80810C2F340518AF80710596821F0B3
:10729000604158BF890CCAF8001002F07061B1F16A
:1072A000C06F02D101218AF80910C2F303418AF8A4
:1072B0000B1097F86414481C87F864048AF81410BB
:1072C000AAF8042097F865249AF807108AF8152080
:1072D0009A6800298AF80F2008BF4FF080619A68E9
:1072E00018BF4FF08C61120A8AF80E209A68120CAF
:1072F0008AF80D209A68120E8AF80C20DA688AF84B
:107300001320DA68120A8AF81220DA68120C8AF856
:107310001120DA68120E8AF8102019609AF91420E8
:10732000A368D3B21F2B11D8012393402363514686
:107330004846FFF77FFDDAF800209AF81410484617
:10734000FEF720FE58B997F8640480E7203B01223D
:1073500002FA03F3E362EAE70020BDE8F0870120C8
:10736000FBE700BF00801D4008D8010410B50221D2
:10737000044600200DF020FCC8B9134B1A68910098
:1073800015D59A6A920612D41B6B9B060FD50F492E
:107390000F48FFF7A7FE48B10C490B682360CA7A73
:1073A0002271082ACB79237406D9012010BD074920
:1073B0000748FFF7E5FEEEE70C3104F108000FF097
:1073C00033FA0120F2E700BF00801D408C3B002013
:1073D000600A02208B7DF0B50D468DB00446504EFC
:1073E000002B45D1336813F0005324D0FDF76CFA1D
:1073F0003268034602F07F02013282421DD9013316
:107400004848474EDAB206E0336803F07F030133A1
:1074100093420A4611D91301511C1B5803F07063A3
:10742000B3F1006FF0D1501E2946C0B2FDF78EFCBB
:1074300001200DB0F0BD3268E1E70FCDEC46384FCA
:107440006E46ACE80F0095E803008CE80300386A4C
:1074500010F02000ECD104F5C043B3F81E3C9BB201
:10746000B3F5806FE5D0FF2306AD8DF814303BE017
:10747000306810F000504AD0FDF726FA336803F068
:107480007F03013398423ED2274A254E06E03368F7
:10749000013003F07F030133834234D9030102EB4F
:1074A00000119B581B01F2D584460B6803F07063F2
:1074B000B3F1006F2DD0EE46194F6E460FCDAEE8FA
:1074C0000F0095E803008EE80300386A10F02000F2
:1074D000AED104F5C043B3F81E3C9BB2B3F5806F48
:1074E000A7D006AD8DF814C00FCE0FC596E80300E7
:1074F000182285E8030046F61A400DEB02012044ED
:10750000FEF7A4FD94E707494FF0FF3CCDE7336851
:10751000BAE729465FFA8CF0FDF718FC88E700BF50
:1075200000001D4070001D4080001D40034610B546
:1075300019680A4C93F804C01A7C04F10C0084F812
:107540000BC0216003F10801E2711A790FF06CF9A8
:1075500021460348FFF73EFF10BD00BF5C3B002003
:10756000904100208B7DF0B50D468DB00446504E05
:10757000002B45D1336813F0005324D0FDF7C8F930
:107580003268034602F07F02013282421DD9013384
:107590004848474EDAB206E0336803F07F03013310
:1075A00093420A4611D91301511C1B5803F0706312
:1075B000B3F1006FF0D1501E2946C0B2FDF78EFB2B
:1075C00001200DB0F0BD3268E1E70FCDEC46384F39
:1075D0006E46ACE80F0095E803008CE80300386ABB
:1075E00010F02000ECD104F5C043B3F81E3C9BB270
:1075F000B3F5806FE5D0FF2306AD8DF814303BE086
:10760000306810F000504AD0FDF782F9336803F07B
:107610007F03013398423ED2274A254E06E0336865
:10762000013003F07F030133834234D9030102EBBD
:1076300000119B581B01F2D584460B6803F0706360
:10764000B3F1006F2DD0EE46194F6E460FCDAEE868
:107650000F0095E803008EE80300386A10F0200060
:10766000AED104F5C043B3F81E3C9BB2B3F5806FB6
:10767000A7D006AD8DF814C00FCE0FC596E8030055
:10768000182285E8030046F61A400DEB020120445B
:10769000FEF7DCFC94E707494FF0FF3CCDE7336889
:1076A000BAE729465FFA8CF0FDF718FB88E700BFC0
:1076B00000401D4070401D4080401D40034610B5F5
:1076C00019680A4C93F804C01A7C04F10C0084F881
:1076D0000BC0216003F10801E2711A790FF0A4F8E0
:1076E00021460348FFF73EFF10BD00BF743B00205A
:1076F000F82501208B7DF0B50D468DB00446504E27
:10770000002B45D1336813F0005324D0FDF724F942
:107710003268034602F07F02013282421DD90133F2
:107720004848474EDAB206E0336803F07F0301337E
:1077300093420A4611D91301511C1B5803F0706380
:10774000B3F1006FF0D1501E2946C0B2FDF78EF99B
:1077500001200DB0F0BD3268E1E70FCDEC46384FA7
:107760006E46ACE80F0095E803008CE80300386A29
:1077700010F02000ECD104F5C043B3F81E3C9BB2DE
:10778000B3F5806FE5D0FF2306AD8DF814303BE0F4
:10779000306810F000504AD0FDF7DEF8336803F08F
:1077A0007F03013398423ED2274A254E06E03368D4
:1077B000013003F07F030133834234D9030102EB2C
:1077C00000119B581B01F2D584460B6803F07063CF
:1077D000B3F1006F2DD0EE46194F6E460FCDAEE8D7
:1077E0000F0095E803008EE80300386A10F02000CF
:1077F000AED104F5C043B3F81E3C9BB2B3F5806F25
:10780000A7D006AD8DF814C00FCE0FC596E80300C3
:10781000182285E8030046F61A400DEB02012044C9
:10782000FEF714FC94E707494FF0FF3CCDE73368BF
:10783000BAE729465FFA8CF0FDF718F988E700BF30
:1078400000801D4070801D4080801D40034610B5A3
:1078500019680A4C93F804C01A7C04F10C0084F8EF
:107860000BC0216003F10801E2711A790EF0DCFF10
:1078700021460348FFF73EFF10BD00BF8C3B0020B0
:10788000600A022083889BB20F2B03D883880133C0
:107890009BB283804288B0F802C0038802F00F02D6
:1078A0001FFA8CFC9BB2023283F0100340F82210C6
:1078B0009C4504D10388013303F01F0303804388F0
:1078C000013303F01F034380704700BF83889BB2DE
:1078D0000F2B03D8838801339BB283804288B0F892
:1078E00002C0038802F00F021FFA8CFC9BB200EB6F
:1078F000420283F01003D1809C4504D103880133F8
:1079000003F01F0303804388013303F01F03438008
:10791000704700BF2DE9F04F924D9BB0924E08ACDE
:1079200004900FCD0FC495E8030084E80300D6F857
:1079300024A0B16AD6F82C90306B3368029113F40E
:107940000043039003D13268940000F11581039B3A
:1079500043F00103B9F1000F00F00081B9FA89F397
:10796000814DC3F140032C68DBB214F00054019345
:1079700000F08D82FCF7F0FF2B68044603F07F03D4
:107980000133984280F0C080019B834240F2BC806A
:1079900043F6D606049BA4F12007DFF8CCB12644B9
:1079A000009703EB860603F5604305931AE0B1F1F7
:1079B000806F00F04981B1F1006F00F0D881009B29
:1079C0000134043601330093DBF8003003F07F0309
:1079D0000133A34240F298800135019BEDB2AB42E6
:1079E00040F29280C4F12001029BA4F12002E5B292
:1079F0000AFA01F0E34003432AFA02F00343D807EE
:107A0000DDD5039B09FA01F129FA02F2E3400B43A9
:107A10001343DB07D3D5554B4FEA041803EB04128D
:107A200058F8033003F0306003F07061B0F1007F6C
:107A3000BDD15068C3F3405C20F060408DF827C092
:107A400013F4001C08BF800CB1F1C06F089002D184
:107A500001218DF82910ADF82430C3F303438DF8CC
:107A60003440BCF1000F8DF82B30059B93F8653442
:107A70008DF8353093688DF82F3093684FEA1323D3
:107A80008DF82E3093684FEA13438DF82D309368AC
:107A90004FEA13638DF82C30D3688DF83330D368F8
:107AA0004FEA13238DF83230D3684FEA13438DF831
:107AB0003130D3682D4A4FEA13638DF830300CBF54
:107AC0004FF080634FF08C631F2C48F80230DBF8D6
:107AD00008304FF0010331D8A34029460498CBF871
:107AE0003030089AFEF74EFA002832D108A90498DF
:107AF000FFF7A0F908A8AFF3008008A8AFF3008053
:107B000008A8AFF300805AE7174E194D346A2A6867
:107B1000184B6240134043B1049B03F55043B3F844
:107B200024389BB20F2B40F2CD810F4A136A2343B6
:107B30001362BFF34F8F1BB0BDE8F08F009A294648
:107B400004989340CBF82C30089AFEF71BFA0028D3
:107B5000CCD008A90498FFF70FF9C7E7B3FA83F36D
:107B60002033FDE6B003002000801D4080801D40D2
:107B70007C000320BFFF07008A067FF5E8AE87067A
:107B80007FF5E5AED6F88020C24CC2F30341C2F3C4
:107B90000050ADF824208DF82B10D6F884109602F2
:107BA0008DF82800C2F3405021F060414FEAD252D4
:107BB0008DF827000CA858BF890C8DF826200022CC
:107BC0000891D4F88810D1400832202A00F8011D0D
:107BD000F7D10DA9AF48D0F88C20DA400833202B1C
:107BE00001F8012DF7D1049A02F5604292F865245C
:107BF0008DF8352063228DF8342082680363039B5F
:107C00005D0601D540230363039B1C0602D5A14BEF
:107C100080221A63049C08A92046FFF70BF908A8E4
:107C2000AFF3008008A8AFF3008008A8AFF300808E
:107C300008992046FEF724F900283FF488AE08A9E9
:107C40000498FFF799F882E651689F02C3F3405009
:107C5000ADF82430C3F3034321F060418DF8344084
:107C60008DF82B3058BF890C049B089103F56043B5
:107C70008DF8270019461F46336891F865148DF872
:107C8000351091688DF82F109168090A8DF82E1023
:107C90009168090C8DF82D109168090E8DF82C1043
:107CA000D1688DF83310D168090A8DF83210D16887
:107CB000090C8DF83110D268120E8DF830200BB1FE
:107CC00008A89847D7F858340BB108A898470499E2
:107CD00001F5C042B2F81E3C07929BB2002B00F0A7
:107CE000DB80B2F81A3C1A220DF1500CC3F30903E1
:107CF000E04602FB031347F222020EA998580F46F2
:107D000006919918BE460F464968BA68FB68ACE808
:107D10000F0038697969ACE80300B8E80F009DF9F5
:107D200064C0AEE80F00BCF1FF3F98E803008EE8A6
:107D3000030000F0E08064457FF441AE06992846D8
:107D4000FCF794FE079AB2F81A3C0133C3F30A0316
:107D5000A2F81A3CB2F81E3C9BB2002B3FF42FAEA7
:107D6000B2F81E3C013B9BB2A2F81E3C27E6C3F3CF
:107D700040505168ADF824308DF827009802C3F3C5
:107D8000034321F060418DF834408DF82B3058BF0B
:107D9000890C049B089103F5604319461F4633681C
:107DA00091F865148DF8351091688DF82F10916851
:107DB000090A8DF82E109168090C8DF82D10916824
:107DC000090E8DF82C10D1688DF83310D168090A8E
:107DD0008DF83210D168090C8DF83110D268120E6E
:107DE0008DF830200BB108A89847D7F858340BB15C
:107DF00008A89847049901F5C048B8F81E3C9BB202
:107E0000002B57D0B8F81A3C1A220DF1500CC3F3CE
:107E10000903CDF81CC002FB031347F222020EA98E
:107E200098580F4606919918BE460F464968BA6899
:107E3000FB68ACE80F0038697969079FACE803007C
:107E40000FCF9DF964C0AEE80F00BCF1FF3F97E88B
:107E500003008EE8030051D064457FF4B0AD06996D
:107E60002846FCF703FEB8F81A3C0133C3F30A03B3
:107E7000A8F81A3CB8F81E3C9BB2002B3FF49FAD0B
:107E8000B8F81E3C013B9BB2A8F81E3C97E52B6856
:107E90007EE500BF00801D401F2C4FF0010321D95B
:107EA000009A9340174AD3624FF00063164A48F88D
:107EB000023084E51F2C4FF0010317D8A340114A6C
:107EC00013637CE5049F4DF6200021463844FFF7FC
:107ED000D9FCF1694DF6E80089B23844FFF7F6FCA9
:107EE0002C6022E6A340074A1363DDE7009A934023
:107EF000044AD36263E58DF84CC01FE78DF84CC08F
:107F0000ADE700BF00801D4080801D402DE9F04F8F
:107F1000924D9BB0924E08AC04900FCD0FC495E8E3
:107F2000030084E80300D6F824A0B16AD6F82C90A8
:107F3000306B3368029113F40043039003D132682D
:107F4000940000F11581039B43F00103B9F1000F88
:107F500000F00081B9FA89F3814DC3F140032C6828
:107F6000DBB214F00054019300F08D82FCF7D0FCDA
:107F70002B68044603F07F030133984280F0C080F1
:107F8000019B834240F2BC8043F6D606049BA4F1D9
:107F90002007DFF8CCB12644009703EB860603F5F3
:107FA000604305931AE0B1F1806F00F04981B1F1AF
:107FB000006F00F0D881009B013404360133009338
:107FC000DBF8003003F07F030133A34240F29880D6
:107FD0000135019BEDB2AB4240F29280C4F1200129
:107FE000029BA4F12002E5B20AFA01F0E340034348
:107FF0002AFA02F00343D807DDD5039B09FA01F101
:1080000029FA02F2E3400B431343DB07D3D5554B68
:108010004FEA041803EB041258F8033003F0306001
:1080200003F07061B0F1007FBDD15068C3F3405CD4
:1080300020F060408DF827C013F4001C08BF800CAE
:10804000B1F1C06F089002D101218DF82910ADF86F
:108050002430C3F303438DF83440BCF1000F8DF896
:108060002B30059B93F865348DF8353093688DF887
:108070002F3093684FEA13238DF82E3093684FEA20
:1080800013438DF82D3093684FEA13638DF82C302D
:10809000D3688DF83330D3684FEA13238DF832302C
:1080A000D3684FEA13438DF83130D3682D4A4FEA35
:1080B00013638DF830300CBF4FF080634FF08C634A
:1080C0001F2C48F80230DBF808304FF0010331D89C
:1080D000A34029460498CBF83030089AFDF76CFE8F
:1080E000002832D108A90498FEF776FB08A8AFF360
:1080F000008008A8AFF3008008A8AFF300805AE71B
:10810000174E194D346A2A68184B6240134043B128
:10811000049B03F55043B3F824389BB20F2B40F275
:10812000CD810F4A136A23431362BFF34F8F1BB0F5
:10813000BDE8F08F009A294604989340CBF82C3084
:10814000089AFDF739FE0028CCD008A90498FEF75C
:10815000E5FAC7E7B3FA83F32033FDE6B003002066
:1081600000401D4080401D4078000320BFFF0700F5
:108170008A067FF5E8AE87067FF5E5AED6F8802063
:10818000C24CC2F30341C2F30050ADF824208DF875
:108190002B10D6F8841096028DF82800C2F34050B8
:1081A00021F060414FEAD2528DF827000CA858BF49
:1081B000890C8DF8262000220891D4F88810D1402F
:1081C0000832202A00F8011DF7D10DA9AF48D0F8D8
:1081D0008C20DA400833202B01F8012DF7D1049AC6
:1081E00002F5604292F865248DF8352063228DF8FF
:1081F000342082680363039B5D0601D5402303633B
:10820000039B1C0602D5A14B80221A63049C08A97B
:108210002046FEF7E1FA08A8AFF3008008A8AFF304
:10822000008008A8AFF3008008992046FDF742FDC2
:1082300000283FF488AE08A90498FEF76FFA82E69A
:1082400051689F02C3F34050ADF82430C3F3034399
:1082500021F060418DF834408DF82B3058BF890CE7
:10826000049B089103F560438DF8270019461F46CB
:10827000336891F865148DF8351091688DF82F10DA
:108280009168090A8DF82E109168090C8DF82D104F
:108290009168090E8DF82C10D1688DF83310D168D3
:1082A000090A8DF83210D168090C8DF83110D268A6
:1082B000120E8DF830200BB108A89847D7F8583423
:1082C0000BB108A89847049901F5C042B2F81E3CCA
:1082D00007929BB2002B00F0DB80B2F81A3C1A2206
:1082E0000DF1500CC3F30903E04602FB031347F200
:1082F00022020EA998580F4606919918BE460F46BD
:108300004968BA68FB68ACE80F0038697969ACE87D
:108310000300B8E80F009DF964C0AEE80F00BCF19F
:10832000FF3F98E803008EE8030000F0E08064451A
:108330007FF441AE06992846FCF7D0FC079AB2F8C4
:108340001A3C0133C3F30A03A2F81A3CB2F81E3CEC
:108350009BB2002B3FF42FAEB2F81E3C013B9BB208
:10836000A2F81E3C27E6C3F340505168ADF8243014
:108370008DF827009802C3F3034321F060418DF884
:1083800034408DF82B3058BF890C049B089103F5BD
:10839000604319461F46336891F865148DF835100F
:1083A00091688DF82F109168090A8DF82E10916848
:1083B000090C8DF82D109168090E8DF82C10D168DC
:1083C0008DF83310D168090A8DF83210D168090C84
:1083D0008DF83110D268120E8DF830200BB108A83C
:1083E0009847D7F858340BB108A89847049901F575
:1083F000C048B8F81E3C9BB2002B57D0B8F81A3CC6
:108400001A220DF1500CC3F30903CDF81CC002FB76
:10841000031347F222020EA998580F4606919918A5
:10842000BE460F464968BA68FB68ACE80F00386979
:108430007969079FACE803000FCF9DF964C0AEE8EF
:108440000F00BCF1FF3F97E803008EE8030051D016
:1084500064457FF4B0AD06992846FCF73FFCB8F8B8
:108460001A3C0133C3F30A03A8F81A3CB8F81E3CBF
:108470009BB2002B3FF49FADB8F81E3C013B9BB272
:10848000A8F81E3C97E52B687EE500BF00401D4024
:108490001F2C4FF0010321D9009A9340174AD36251
:1084A0004FF00063164A48F8023084E51F2C4FF065
:1084B000010317D8A340114A13637CE5049F4DF6CE
:1084C000200021463844FFF7DDF9F1694DF6E80058
:1084D00089B23844FFF7FAF92C6022E6A340074A34
:1084E0001363DDE7009A9340044AD36263E58DF895
:1084F0004CC01FE78DF84CC0ADE700BF00401D40E9
:1085000080401D402DE9F04F924D9BB0924E08AC3B
:1085100004900FCD0FC495E8030084E80300D6F85B
:1085200024A0B16AD6F82C90306B3368029113F412
:108530000043039003D13268940000F11581039B3E
:1085400043F00103B9F1000F00F00081B9FA89F39B
:10855000814DC3F140032C68DBB214F00054019349
:1085600000F08D82FCF7B0F92B68044603F07F031E
:108570000133984280F0C080019B834240F2BC806E
:1085800043F6D606049BA4F12007DFF8CCB12644BD
:10859000009703EB860603F5604305931AE0B1F1FB
:1085A000806F00F04981B1F1006F00F0D881009B2D
:1085B0000134043601330093DBF8003003F07F030D
:1085C0000133A34240F298800135019BEDB2AB42EA
:1085D00040F29280C4F12001029BA4F12002E5B296
:1085E0000AFA01F0E34003432AFA02F00343D807F2
:1085F000DDD5039B09FA01F129FA02F2E3400B43AE
:108600001343DB07D3D5554B4FEA041803EB041291
:1086100058F8033003F0306003F07061B0F1007F70
:10862000BDD15068C3F3405C20F060408DF827C096
:1086300013F4001C08BF800CB1F1C06F089002D188
:1086400001218DF82910ADF82430C3F303438DF8D0
:108650003440BCF1000F8DF82B30059B93F8653446
:108660008DF8353093688DF82F3093684FEA1323D7
:108670008DF82E3093684FEA13438DF82D309368B0
:108680004FEA13638DF82C30D3688DF83330D368FC
:108690004FEA13238DF83230D3684FEA13438DF835
:1086A0003130D3682D4A4FEA13638DF830300CBF58
:1086B0004FF080634FF08C631F2C48F80230DBF8DA
:1086C00008304FF0010331D8A34029460498CBF875
:1086D0003030089AFDF78AFA002832D108A90498A8
:1086E000FDF74CFD08A8AFF3008008A8AFF30080A9
:1086F00008A8AFF300805AE7174E194D346A2A686C
:10870000184B6240134043B1049B03F55043B3F848
:1087100024389BB20F2B40F2CD810F4A136A2343BA
:108720001362BFF34F8F1BB0BDE8F08F009A29464C
:1087300004989340CBF82C30089AFDF757FA00289C
:10874000CCD008A90498FDF7BBFCC7E7B3FA83F3C4
:108750002033FDE6B003002000001D4080001D40D6
:1087600074000320BFFF07008A067FF5E8AE870686
:108770007FF5E5AED6F88020C24CC2F30341C2F3C8
:108780000050ADF824208DF82B10D6F884109602F6
:108790008DF82800C2F3405021F060414FEAD252D8
:1087A0008DF827000CA858BF890C8DF826200022D0
:1087B0000891D4F88810D1400832202A00F8011D11
:1087C000F7D10DA9AF48D0F88C20DA400833202B20
:1087D00001F8012DF7D1049A02F5604292F8652460
:1087E0008DF8352063228DF8342082680363039B63
:1087F0005D0601D540230363039B1C0602D5A14BF4
:1088000080221A63049C08A92046FDF7B7FC08A83B
:10881000AFF3008008A8AFF3008008A8AFF3008092
:1088200008992046FDF760F900283FF488AE08A9B2
:108830000498FDF745FC82E651689F02C3F340505F
:10884000ADF82430C3F3034321F060418DF8344088
:108850008DF82B3058BF890C049B089103F56043B9
:108860008DF8270019461F46336891F865148DF876
:10887000351091688DF82F109168090A8DF82E1027
:108880009168090C8DF82D109168090E8DF82C1047
:10889000D1688DF83310D168090A8DF83210D1688B
:1088A000090C8DF83110D268120E8DF830200BB102
:1088B00008A89847D7F858340BB108A898470499E6
:1088C00001F5C042B2F81E3C07929BB2002B00F0AB
:1088D000DB80B2F81A3C1A220DF1500CC3F30903E5
:1088E000E04602FB031347F222020EA998580F46F6
:1088F00006919918BE460F464968BA68FB68ACE80D
:108900000F0038697969ACE80300B8E80F009DF9F9
:1089100064C0AEE80F00BCF1FF3F98E803008EE8AA
:10892000030000F0E08064457FF441AE06992846DC
:10893000FCF70CFA079AB2F81A3C0133C3F30A03A6
:10894000A2F81A3CB2F81E3C9BB2002B3FF42FAEAB
:10895000B2F81E3C013B9BB2A2F81E3C27E6C3F3D3
:1089600040505168ADF824308DF827009802C3F3C9
:10897000034321F060418DF834408DF82B3058BF0F
:10898000890C049B089103F5604319461F46336820
:1089900091F865148DF8351091688DF82F10916855
:1089A000090A8DF82E109168090C8DF82D10916828
:1089B000090E8DF82C10D1688DF83310D168090A92
:1089C0008DF83210D168090C8DF83110D268120E72
:1089D0008DF830200BB108A89847D7F858340BB160
:1089E00008A89847049901F5C048B8F81E3C9BB206
:1089F000002B57D0B8F81A3C1A220DF1500CC3F3D3
:108A00000903CDF81CC002FB031347F222020EA992
:108A100098580F4606919918BE460F464968BA689D
:108A2000FB68ACE80F0038697969079FACE8030080
:108A30000FCF9DF964C0AEE80F00BCF1FF3F97E88F
:108A400003008EE8030051D064457FF4B0AD069971
:108A50002846FCF77BF9B8F81A3C0133C3F30A0344
:108A6000A8F81A3CB8F81E3C9BB2002B3FF49FAD0F
:108A7000B8F81E3C013B9BB2A8F81E3C97E52B685A
:108A80007EE500BF00001D401F2C4FF0010321D9DF
:108A9000009A9340174AD3624FF00063164A48F891
:108AA000023084E51F2C4FF0010317D8A340114A70
:108AB00013637CE5049F4DF6200021463844FEF701
:108AC000E1FEF1694DF6E80089B23844FEF7FEFE9A
:108AD0002C6022E6A340074A1363DDE7009A934027
:108AE000044AD36263E58DF84CC01FE78DF84CC093
:108AF000ADE700BF00001D4080001D40414900233C
:108B000001F5C04001F5504201F5604C30B48B8254
:108B10003D4CCB820B83A0F81A3CA0F81C3CA0F87B
:108B20001E3C4EF26040A2F820380C600C18A2F8EF
:108B30002238364DA2F82438A2F8E838A2F8EA38EC
:108B4000A2F8EC38324A8CF850328CF864348CF845
:108B5000513202F5C04C44F8043C29600B5002F538
:108B600050412C4C93821460D3822B4C1383ACF86D
:108B70001A3CACF81C3CACF81E3C02F5604CA1F869
:108B80002038A1F82238A1F82438A1F8E838A1F853
:108B9000EA38A1F8EC3821498CF864340B501350B2
:108BA0002260024408448CF8503242F8043C01F53B
:108BB00050428CF8513201F5C04C40F8043C01F5AC
:108BC00060408B82164CCB8280F864340B83ACF807
:108BD0001A3CACF81C3CACF81E3CA2F82038A2F8B9
:108BE0002238A2F82438A2F8E838A2F8EA38A2F825
:108BF000EC3880F8503280F851320A4B0C60196022
:108C000030BC7047904100203C090020F8FF022052
:108C1000F825012060090020FCFF0220600A0220E4
:108C2000840900200000032000207047704700BF27
:108C3000036D0BB101207047406D003818BF012053
:108C4000704700BF014601480BF0C2BEA43B0020A4
:108C5000014601480BF0BCBE7038002010B5044638
:108C6000806D18B117F052FC0023A365236D2BB162
:108C700004F11800BDE8104008F054BE636D002BED
:108C8000F6D110BD38B5056D6DB10BB1002038BD02
:108C90001146284606F06EFC0028F7D02846BDE8AD
:108CA000384007F041B9446D002CEFD0204604F065
:108CB00093FB0028EAD02046BDE8384005F01CBAF6
:108CC0008A79A2F150031B0622D402F26C72F0B52D
:108CD0004B7985B0046D01330D798E784F78DBB216
:108CE00009784CB1204601960095CDE90271022128
:108CF00007F0AEF805B0F0BD406D0028FAD001963F
:108D00000095CDE90271022105F03CF905B0F0BDF6
:108D10000020704710B50446006D80B1037813F051
:108D2000700F00D110BD002106F024FC606D0028FA
:108D3000F8D000220023BDE8104004F04DBB606D68
:108D40000028EFD090F8313013F0500FEAD0002215
:108D50000023BDE8104004F03FBB00BF10B504463F
:108D6000806D00B110BD4FF4807017F0C7FBA06597
:108D7000B0B10022236D02703BB101464FF4807206
:108D8000184608F045FAA06D10BD636D002BE9D0C0
:108D900001464FF48072184605F0DCFEA06D10BD50
:108DA000014B1846A36510BDF20403200346006D75
:108DB00010B50C4682B020B30DF1060201A907F0F0
:108DC00029F838B3BDF80430BDF8062053EA020193
:108DD00020D0C2F3451C02F01F00D20AC3F3431196
:108DE000400084F801C0A2705A0A013903F01F0341
:108DF00002F5EA622070012061712371A27102B054
:108E000010BD586D30B10DF1060201A904F09AF9B8
:108E10000028D7D1002002B010BD00BF0346006D6E
:108E200010B50C4682B020B30DF1060201A906F080
:108E3000D3FF38B3BDF80430BDF8062053EA020171
:108E400020D0C2F3451C02F01F00D20AC3F3431125
:108E5000400084F801C0A2705A0A013903F01F03D0
:108E600002F5EA622070012061712371A27102B0E3
:108E700010BD586D30B10DF1060201A904F050F992
:108E80000028D7D1002002B010BD00BF10B5036983
:108E900082B08DF80710BBB11968104ACC689442B3
:108EA00015D1186D30B101220DF1070107F074F8EA
:108EB00002B010BD586D0028FAD001220DF1070153
:108EC00005F086F902B010BD184602B010BD0122AF
:108ED0000DF107011846A04702B010BD1173000044
:108EE000036923B31968134A10B58C6882B09442A1
:108EF00014D1186D48B101220DF1070106F0E4F913
:108F000090B19DF8070002B010BD586D0028F8D050
:108F100001220DF1070104F079F9F1E701220DF1C9
:108F200007011846A047EBE74FF0FF30EBE74FF0A3
:108F3000FF30704709720000036963B11A6807497E
:108F400092698A4208D1186D08B106F03DBC586D8F
:108F500008B104F0A1BE704718461047E97200003E
:108F6000006990B10368154A1B69934225D1036DCE
:108F700063B1187810F0080007D0D8695B69C01A8F
:108F800048BF6FF00040704718467047436D002B94
:108F9000FAD093F8310010F00800F6D0186919687B
:108FA0005A69401A5B6862EB0303B0F1004F73F13A
:108FB0000003EAD36FF0004070471847A573000024
:108FC000036D13B1586900217047436D13B1D3E9A4
:108FD0000001704718461946704700BF036D13B172
:108FE000D86900217047436D13B1D3E9040170477C
:108FF00018461946704700BF0346006D08B106F0D9
:109000003BBA586D08B104F0D1B94FF0FF3070474A
:10901000036973B11A68084952698A4207D1186D09
:1090200008B106F029BA586D18B104F0BFB9184656
:1090300010474FF0FF307047F97000000346806C16
:1090400008B106F019BAD86C08B104F0AFB94FF006
:10905000FF307047F0B5002795B0002600224FF48E
:109060007A741831054604A8019202948DF80C20F8
:10907000CDE912671F4F009708F0BCFC129B002B34
:109080002DD05C2000260BF0D3FE1B4B044646601F
:10909000036004A9019B183040F80C3C174B40F8C2
:1090A000103C029B40F8083C9DF80C3000F8043C52
:1090B00008F0FAFB124B4FF47A72A7602B606368DA
:1090C000A66501336E602E73AA602C6163600D4B40
:1090D00004A8009308F026FC284615B0F0BD139BA9
:1090E000002BCED1064A2B732A602B61C5E90134CF
:1090F000EDE700BF900A0020B40A0020100B00200A
:10910000640A0020A80900200346006D08B106F09B
:10911000DBB8586D08B104F079B84FF0FF307047F4
:109120000346806C00B583B058B101220DF10701F0
:1091300006F0CAF801280CD19DF8070003B05DF8CD
:1091400004FBD86C28B101220DF1070104F05EF890
:10915000F0E74FF0FF30F1E7036D33B1187800F01E
:109160007000003818BF01207047406D30B190F892
:10917000310000F05000003818BF0120704700BFD8
:109180008A79A2F150031B0622D402F26C72F0B568
:109190004B7985B0046D01330D798E784F78DBB251
:1091A00009784CB1204601960095CDE90271042161
:1091B00006F04EFE05B0F0BD406D0028FAD00196D5
:1091C0000095CDE90271042104F0DCFE05B0F0BD8C
:1091D000002070470346806C08B106F0F5BAD86CE1
:1091E00008B104F059BD70470346006D08B106F0A0
:1091F000EBBA586D08B104F04FBD70470346806C60
:1092000008B106F0C9BED86C08B104F0E1BF7047E0
:109210000346006D08B106F0BFBE586D08B104F0FA
:10922000D7BF704700B5034683B0806C8DF8071038
:1092300038B101220DF1070106F0AEFE03B05DF872
:1092400004FBD86C0028F9D001220DF1070104F0CD
:10925000BFFF03B05DF804FB836C53B1187810F0C6
:1092600008000DD0D8695B69C01A48BF6FF0004094
:109270007047C36CA3B193F8310010F0080000D11F
:109280007047186919685A69401A5B6862EB0303F2
:10929000B0F1004F73F10003F2D36FF0004070475C
:1092A0001846EDE7036D53B1187810F008000DD0A3
:1092B000D8695B69C01A48BF6FF000407047436DC2
:1092C000A3B193F8310010F0080000D1704718697D
:1092D00019685A69401A5B6862EB0303B0F1004FEA
:1092E00073F10003F2D36FF0004070471846EDE7CA
:1092F0000369D3B10E4810B41C68E46884420FD1EE
:10930000186D18B15DF8044B06F046BE586D18B1E3
:109310005DF8044B04F05CBF00205DF8044B70471F
:10932000184623465DF8044B18470020704700BFDD
:109330001173000038B504460C4B806D236018B1E2
:1093400017F0E4F80023A365236D04F118054BB171
:10935000284608F0E7FA064B2846A36008F0E2FA30
:10936000204638BD636D002BF2D1F4E7B40A00202B
:10937000A809002038B504460E4B806D236018B153
:1093800017F0C4F80023A365236D04F118056BB131
:10939000284608F0C7FA084B2846A36008F0C2FA2E
:1093A00020465C210BF048FD204638BD636D002B44
:1093B000EED1F0E7B40A0020A809002030B4029CE6
:1093C00011469C4634B1012C1CD0022C0ED000203A
:1093D00030BC7047056DF5B14FF0FF33934274EB2D
:1093E0000C04F4D3284630BC06F0C4B8026D0AB3AE
:1093F000D36959184CF10003002BE8D1104630BC5A
:1094000006F0B8B8026D62B1536959184CF1000307
:10941000002BDCD1F2E7406D0028D8D030BC03F03F
:10942000DBBF406D0028D2D0D0E900238A184CEB76
:109430000303F3E7406D0028C9D0D0E9042330BC12
:109440008A184CEB030303F0C7BF00BF70B5244B71
:10945000044605690360002D32D06E68013E6E60DF
:1094600076BB2B681F4ADB6A93422FD1A86D10B1DF
:1094700017F04CF8AE652B6D23B305F1180008F01A
:1094800051FA2569E5B12B68174A5B68934224D1EC
:10949000164BA86D2B6018B117F038F80023AB6598
:1094A0002B6D05F11806A3B1304608F03BFA104BBE
:1094B0003046AB6008F036FA5C2128460BF0BCFC65
:1094C000204670BD6B6D002BD7D1DAE72846984750
:1094D000D7E76B6D002BE7D1E9E728469847EFE720
:1094E000640A00205D6D000075740000B40A00205D
:1094F000A809002070B5264B044605690360002DBD
:1095000032D06E68013E6E6076BB2B68214ADB6A02
:10951000934233D1A86D10B116F0F8FFAE652B6DF4
:1095200043B305F1180008F0FDF92569E5B12B6892
:10953000194A5B68934228D1184BA86D2B6018B16B
:1095400016F0E4FF0023AB652B6D05F11806C3B1DF
:10955000304608F0E7F9124B3046AB6008F0E2F90C
:109560005C2128460BF068FC204614210BF064FCBB
:10957000204670BD6B6D002BD3D1D6E728469847A7
:10958000D3E76B6D002BE3D1E5E728469847EBE77F
:10959000640A00205D6D000075740000B40A0020AC
:1095A000A80900202DE9F04FA9B0002800F0A08004
:1095B000FE21C04803F0BCFC0BF0B4FF0446BE49DA
:1095C00005A8E5170BF02CFB204629460BF030F9D7
:1095D0000A22014602A80BF091FB02A905A80BF094
:1095E000EDFBB6490BF0F2FB2946064620460BF090
:1095F00009F90A22014608A80BF080FB08A93046A9
:109600000BF0DCFBAD490BF0E1FB2946064620469A
:109610000BF024F90A2201460BA80BF06FFB0BA9F3
:1096200030460EAE0BF0CAFBA5490BF0CFFB294626
:10963000074620460BF0A4F80A22014630460BF0FC
:109640005DFB3146384611AF0BF0B8FB9B490BF080
:10965000BDFB2946804620460BF0A8F80A220146A9
:1096600038460BF04BFB394640460BF0A7FB9349BD
:109670000BF0ACFB0346294614AD20461C460BF00C
:10968000ABF80A22014628460BF038FB2946204653
:109690000BF094FB8B490BF099FB0468002C00F055
:1096A000068128460BF0F6FA38460BF0F3FA3046FE
:1096B0000BF0F0FA0BA80BF0EDFA08A80BF0EAFAA1
:1096C00002A80BF0E7FA05A80BF0E4FA794BD3F8FF
:1096D0008424002A00F0DC8000231146284622461C
:1096E000149306F055F9002864D029B0BDE8F08F36
:1096F0000EAE14AD0A22014611AF30460BF0FEFA51
:10970000314628460BF0AAFA6E4938460BF088FA23
:10971000394628460BF052FB0468002C00F0C58047
:1097200038464FF000080BF0B5FA28460BF0B2FAB5
:109730003046DFF88091C346DFF8ACA10BF0AAFAFF
:1097400025E0CDF850B006F023F998B308F10108F0
:109750000A22304641460BF0D1FA314628460BF03A
:109760007DFA584938460BF05BFA394628460BF02B
:1097700025FB034638461C68002C08BF54460BF0F6
:1097800089FA28460BF086FA30460BF083FAD9F8AE
:1097900084C40023224628466146BCF1000FD0D184
:1097A000D9F88814634629B1CDF880C004F0F4F8E4
:1097B0000028CBD144F2022322464349284608F030
:1097C000C3F9269B002B00F091805C2000260BF053
:1097D0002FFB159B3D4A18ADC36004463C49C0E9C8
:1097E0000026169A18309DF85C3040F8101C294667
:1097F00040F8082C00F8043C08F056F86368354A35
:109800000133A665C4E901322846334F334D14971E
:1098100008F088F82E69002E36D07368013B73601B
:109820000193002B30D132682D49D26A8A4267D128
:10983000B06D18B116F06AFE019BB365336D002B55
:109840005AD006F1180008F06DF82E69E6B13368B9
:10985000244A5B6893425AD11C4BB06D336018B1F7
:1098600016F054FE0023B365336D06F11808002B83
:1098700049D0404608F056F84046B76008F052F824
:109880005C2130460BF0D8FA2C6129B0BDE8F08F8E
:10989000D3F8881400298DD01346209228462246FA
:1098A00004F07AF80028F0D184E70F4C38E70E4C2A
:1098B000F7E600BF20FA0220641C00206C1C002088
:1098C000701C0020781C002024FA0220B40A00201A
:1098D000100B0020900A0020A8090020A43B0020C3
:1098E0005D6D0000757400005C320020279C002C28
:1098F0007FF46BAF18AD87E7736D002BA1D1A4E7A0
:1099000030469047A1E7736D002BB2D1B4E73046E3
:109910009847B9E701292DE9F047054633D00229D8
:109920001CD0C1B91C4E40F2EE291C4CDFF87880E7
:10993000DFF878A037680BF091FA2378B3B198F884
:109940000030DB0712D53368DAF800209B1A0E2BA3
:109950000CD9134B2B602846BDE8F0870120FFF798
:1099600021FE104B28462B60BDE8F0873368227833
:10997000DB1B2AB1B3F5FA6FEBD80BF06FFADAE71D
:109980004B45FAD9E5E70020FFF70CFE054B2846CA
:109990002B60BDE8F08700BF34040320FD040320E2
:1099A000516D0000456D0000FC0403209804032065
:1099B000024A034903480DF0EBB800BF9838002075
:1099C0004D750000A43B00200346002093F8E431CD
:1099D0000B70704703460020B3F918320B807047B4
:1099E000B0F9243207EE103A9FED0F5BB8EEC77B5B
:1099F0009FED0F6B27EE057BB4EEC67BF1EE10FA00
:109A00000ADB9FED0D6BB4EEC67BF1EE10FA03D8C6
:109A1000002081ED007B70479FED097B4FF0FF3008
:109A2000F7E700BFAFF300809A9999999999B93FE8
:109A30009A9999999999A9C0666666666699A940A6
:109A40000000000000000000B0F9263207EE103AD6
:109A50009FED0F5BB8EEC77B9FED0F6B27EE057B8D
:109A6000B4EEC67BF1EE10FA0ADB9FED0D6BB4EE9F
:109A7000C67BF1EE10FA03D8002081ED007B704721
:109A80009FED097B4FF0FF30F7E700BFAFF3008099
:109A90009A9999999999B93F9A9999999999A9C037
:109AA000666666666699A940000000000000000036
:109AB0009FED0F7B0246B4EEC70BF1EE10FA13D404
:109AC0009FED0D7BB4EEC70BF1EE10FA0CDCB2EE9D
:109AD000047B002020EE070BBDEEC00B10EE103A09
:109AE0001BB2A2F8AE32704700234FF0FF30F8E708
:109AF0009A9999999999A9C0666666666699A940E6
:109B000003460020A3F8B012704700BF0000000019
:109B10009FED0F7B0246B4EEC70BF1EE10FA13D4A3
:109B20009FED0D7BB4EEC70BF1EE10FA0CDCB2EE3C
:109B3000047B002020EE070BBDEEC00B10EE103AA8
:109B40001BB2A2F8B232704700234FF0FF30F8E7A3
:109B50009A9999999999A9C0666666666699A94085
:109B60000346002083F8B512704700BF034600206B
:109B700083F8B612704700BF0346002083F8B7127F
:109B8000704700BF0346002083F8B812704700BF3B
:109B900003460020A3F8BA12704700BF0346002016
:109BA000A3F8BC12704700BF0346002083F8BE1222
:109BB000704700BF03460020A3F8C612704700BFDD
:109BC0000346002083F8C812704700BF03460020F8
:109BD00083F8C912704700BF0346002083F8CA12F9
:109BE000704700BF0346002083F8CB12704700BFC8
:109BF0000346002083F8CC12704700BF03460020C4
:109C000083F8CD12704700BF0346002083F8CE12C0
:109C1000704700BF0346002083F8CF12704700BF93
:109C20000346002083F8D012704700BF034600208F
:109C300083F8D112704700BF0346002083F8D21288
:109C4000704700BF0346002083F8D312704700BF5F
:109C50000346002083F8D412704700BF034600205B
:109C600083F8D512704700BF0346002083F8D61250
:109C7000704700BF0346002083F8D712704700BF2B
:109C80000346002083F8D812704700BF0346002027
:109C900083F8D912704700BF0346002083F8DA1218
:109CA000704700BF0346002083F8DB12704700BFF7
:109CB0000346002083F8DC12704700BF03460020F3
:109CC00083F8DD12704700BF03460020A3F8DE12C0
:109CD000704700BF03460020A3F8E012704700BFA2
:109CE00003460020A3F8E212704700BF034600209D
:109CF000C3F80013704700BF03460020A3F8041305
:109D0000704700BF0346002083F80613704700BF6A
:109D10000346002083F80713704700BFB5EEC00B61
:109D20000246F1EE10FA0CD4B2EE047B002020EED5
:109D3000070BBDEEC00B10EE103A1BB2A2F81833A1
:109D4000704700234FF0FF30F8E700BFB5EEC00BBF
:109D50000246F1EE10FA0CD4B2EE047B002020EEA5
:109D6000070BBDEEC00B10EE103A1BB2A2F81A336F
:109D7000704700234FF0FF30F8E700BFB5EEC00B8F
:109D80000246F1EE10FA0CD4B2EE047B002020EE75
:109D9000070BBDEEC00B10EE103A1BB2A2F81C333D
:109DA000704700234FF0FF30F8E700BF0346002064
:109DB000C3F83813704700BF03460020C3F83C13B4
:109DC000704700BF03460020D3F854330B60704740
:109DD0000346002093F858330B7070470346002069
:109DE00093F85E330B707047B1F57A7F034603D862
:109DF0000020A3F89813704700214FF0FF30F8E7D8
:109E0000B1F57A7F034603D80020A3F89A13704770
:109E100000214FF0FF30F8E70346002093F89E330F
:109E20000B7070470346002093F89F330B70704708
:109E300003460020B3F9F03307EE103A9FED046BB0
:109E4000B8EEC77B27EE067B81ED007B704700BF35
:109E50009A9999999999B93F03460020B3F8F63336
:109E600007EE103A9FED046BB8EE477B27EE067BBA
:109E700081ED007B704700BF7B14AE47E17A843FE1
:109E800040F2022C614510B586469DF8080000F2AC
:109E90006D819F2940F28981A039B1F5B17F00F22F
:109EA000ED81DFE811F098068006680642060E068E
:109EB000F705E005C905B2059B051105FA04EB0499
:109EC000D704A30994097C096909EB01EB01EB01B3
:109ED000EB01EB01EB01EB01EB01EB01EB01EB0122
:109EE000EB01EB01EB013C092609100999088108F7
:109EF000EB016E0849082F081F080F08EB01FD074A
:109F0000ED07DD07CD07BD07EB01AD079B07860712
:109F1000EB017107EB01EB01EB01EB01EB01EB0155
:109F2000EB01EB01EB01EB01EB01EB01EB01EB01D1
:109F3000EB01EB01EB01EB01EB01EB0148072E0715
:109F4000EB01EB01EB01EB01EB01EB01EB01EB01B1
:109F5000EB01EB01EB01EB01EB01EB01EB01EB01A1
:109F6000EB01EB01EB01EB01EB01EB01EB01EB0191
:109F7000EB01EB01EB01EB01EB01EB01EB01EB0181
:109F8000EB01EB01EB01EB01EB01EB01EB01EB0171
:109F9000EB01EB01EB01EB01EB01EB01EB01EB0161
:109FA000EB01EB01EB01EB01EB01EB01EB01EB0151
:109FB000EB01EB01EB01EB01EB01EB01EB01EB0141
:109FC000EB01EB01EB01EB01EB01EB01EB01EB0131
:109FD000EB01EB01EB01EB01EB01EB01EB01EB0121
:109FE000EB01EB01EB01EB01EB01EB01EB01EB0111
:109FF000EB01EB01EB01EB01EB01EB01EB01EB0101
:10A00000EB01EB01EB01EB01EB01EB01EB01EB01F0
:10A01000EB01EB01EB01EB01EB01EB01EB01EB01E0
:10A02000EB01EB01EB01EB01EB01EB01EB01EB01D0
:10A03000EB01EB01EB01EB01EB01EB01EB01EB01C0
:10A04000EB01EB01EB01EB01EB01EB01EB01EB01B0
:10A05000EB01EB01EB01EB01EB01EB01EB01EB01A0
:10A06000EB01EB01EB01EB01EB01EB01EB01EB0190
:10A07000EB01EB01EB01EB01EB01EB01EB01EB0180
:10A08000EB01EB01EB01EB01EB01EB01EB01EB0170
:10A09000EB01EB01EB01EB01EB01EB01EB01EB0160
:10A0A000EB01EB01EB01EB01EB01EB01EB01EB0150
:10A0B000EB01EB01EB01EB01EB01EB01EB01EB0140
:10A0C000EB01EB01EB01EB01EB01EB01EB01EB0130
:10A0D000EB01EB01EB01EB01EB01EB01EB01EB0120
:10A0E000EB01EB01EB01EB01EB01EB01EB01EB0110
:10A0F000EB01EB01EB01EB01EB01EB01EB01EB0100
:10A10000EB01EB01EB01EB01EB01EB01EB01EB01EF
:10A11000EB01EB01EB01EB01EB01EB01EB01EB01DF
:10A12000EB01EB01EB01EB01EB01EB01EB01EB01CF
:10A13000EB01EB01EB01EB01EB01EB01EB01EB01BF
:10A14000EB01EB01EB01EB01EB01EB01EB011E0776
:10A150000C07F706E706D506C006EB01EB01EB019D
:10A16000EB01EB01EB01EB01EB01B006B1F5657F13
:10A170006DD240F2823C614540F28380A1F561716D
:10A180000F2901F23681DFE811F0E101D201C301AC
:10A19000B401A50196018701780169015A014B01BB
:10A1A0003C012D011E010E01F0011F394A2965D81D
:10A1B0004A2963D8DFE811F031031403F702DA0209
:10A1C000BD026200620062006200620098027302D7
:10A1D0004E02290204026200620062006200620014
:10A1E000620062006200620062006200620062005F
:10A1F000620062006200620062006200620062004F
:10A20000620062006200620062006200620062003E
:10A21000620062006200620062006200620062002E
:10A22000620062006200620062006200620062001E
:10A23000620062006200620062006200620062000E
:10A24000620062006200620062006200F001CE4CB7
:10A25000A14201F0208045D86FF4D6640C19032C7C
:10A260000CD8A1F2B261022903D8DFE801F06C5DDD
:10A270008B00072812BA1BBA01F2CB804FF0FF30D7
:10A2800010BD40F25924A14201F0868040F25A24C8
:10A29000A14201F05B80B1F5167FEFD10528EDD921
:10A2A0000021180A039C63F307019EF87031CEF871
:10A2B000E440C2F3C01460F30F21C2F3C03043F096
:10A2C000800364F317418EF8703160F31F61C2F3AD
:10A2D000C050D20FCEF89C138EF8A0038EF8A123A5
:10A2E000062010BDA94CA14201F01880A84CA14243
:10A2F00000F0E987A74CA142C0D1072812BABDD906
:10A300009EF87D11C3F3C013100CAEF80A248EF82A
:10A310000C3441F00802039BAEF80804CEF8483133
:10A320008EF87D21082010BD0028A7D09EF87B3133
:10A330008EF8002443F08003039A8EF87B31CEF828
:10A340003C21012010BD062811BA1BBA96D9180E5F
:10A350008EF8FC231B0A0A0CAEF8FA3340EA0120FF
:10A360009EF87B31090A8EF8FD2343F00803039A17
:10A37000AEF8F8038EF8FE13CEF838218EF87B3154
:10A38000072010BD00283FF479AF9EF87C3102F021
:10A390000102039943F008038EF80124CEF840111E
:10A3A0008EF87C31CDE701287FF668AF9EF87931D1
:10A3B000AEF8EC2343F08003039A8EF87931CEF89F
:10A3C0002C21022010BD01287FF658AF9EF879316C
:10A3D000AEF8EA2343F00803039A8EF87931CEF8F9
:10A3E0002821EEE701287FF649AF9EF87831AEF8D4
:10A3F000E82343F08003039A8EF87831CEF82421C5
:10A40000DFE707287FF63AAF9EF87811CEE9F82308
:10A41000039BCEF8203141F008038EF8783181E7B4
:10A4200007287FF62BAF9EF87711CEE9F623039B22
:10A43000CEF81C3141F080038EF8773172E707289F
:10A440007FF61CAF9EF87711CEE9F423039BCEF87C
:10A45000183141F008038EF8773163E707287FF65B
:10A460000DAF9EF87611CEE9F223039BCEF814319E
:10A4700041F080038EF8763154E701287FF6FEAE76
:10A480009EF87631AEF8C42343F00803039A8EF8A1
:10A490007631CEF8102194E701287FF6EFAE9EF8D2
:10A4A0007531AEF8C22343F08003039A8EF87531FC
:10A4B000CEF80C2185E701287FF6E0AE9EF87531D5
:10A4C000AEF8C02343F00803039A8EF87531CEF836
:10A4D000082176E701287FF6D1AE9EF87431AEF8F8
:10A4E000BE2343F08003039A8EF87431CEF8042122
:10A4F00067E701287FF6C2AE9EF87431AEF8BC2340
:10A5000043F00803039A8EF87431CEF8002158E71F
:10A5100001287FF6B3AE9EF87331AEF8BA2343F04C
:10A520008003039A8EF87331CEF8FC2049E70128A6
:10A530007FF6A4AE9EF87331AEF8B82343F008035B
:10A54000039A8EF87331CEF8F8203AE701287FF6A7
:10A5500095AE9EF87231AEF8B62343F08003039AAD
:10A560008EF87231CEF8F4202BE701287FF686AE04
:10A570009EF87A31AEF8EE2343F00803039A8EF882
:10A580007A31CEF830211CE7F4E50618F4E9061814
:10A59000E550FF18F4E7061807287FF66FAE9EF81F
:10A5A0005911180ACEF8E4218EF8E83141F0080379
:10A5B000039A8EF8E901CEF828208EF85931B1E6D9
:10A5C00007287FF65BAE100CC2F346040021CEF8DC
:10A5D000D831AEF8DC01C2F34620039B64F30701D7
:10A5E000CEF8243060F30F2102F00103C2F3002201
:10A5F00063F317419EF8583162F31F6143F0800303
:10A60000CEF8DE118EF858318CE607287FF636AE8C
:10A61000100CC2F346040021CEF8CC31AEF8D001C4
:10A62000C2F34620039B64F30701CEF8203060F3A9
:10A630000F2102F00103C2F3002263F317419EF8D9
:10A64000583162F31F6143F00803CEF8D2118EF83F
:10A65000583167E607287FF611AE100CC2F34604A6
:10A660000021CEF8C031AEF8C401C2F34620039BEE
:10A6700064F30701CEF81C3060F30F2102F00103F0
:10A68000C2F3002263F317419EF8573162F31F6152
:10A6900043F08003CEF8C6118EF8573142E6072802
:10A6A0007FF6ECAD100CC2F346040021CEF8B431B5
:10A6B000AEF8B801C2F34620039B64F30701CEF85D
:10A6C000183060F30F2102F00103C2F3002263F39C
:10A6D00017419EF8573162F31F6143F00803CEF82B
:10A6E000BA118EF857311DE607287FF6C7AD100C5A
:10A6F000C2F346040021CEF8A831AEF8AC01C2F393
:10A700004620039B64F30701CEF8143060F30F2159
:10A7100002F00103C2F3002263F317419EF85631A1
:10A7200062F31F6143F08003CEF8AE118EF856310C
:10A73000F8E507287FF6A2AD0021180ACEF89F2180
:10A7400063F30701039A60F30F21180CCEF8102071
:10A750001B0E9EF8562160F3174142F0080263F386
:10A760001F618EF85621CEF8A311DBE507287FF68E
:10A7700085AD0021180ACEF8972163F30701039AEB
:10A7800060F30F21180CCEF80C201B0E9EF85521FB
:10A7900060F3174142F0800263F31F618EF8552188
:10A7A000CEF89B11BEE507287FF668AD0021180A98
:10A7B000CEF88F2163F30701039A60F30F21180C81
:10A7C000CEF808201B0E9EF8552160F3174142F089
:10A7D000080263F31F618EF85521CEF89311A1E5AD
:10A7E00007287FF64BAD0021180ACEF8872163F3C6
:10A7F0000701039A60F30F21180CCEF804201B0EFA
:10A800009EF8542160F3174142F0800263F31F6108
:10A810008EF85421CEF88B1184E507287FF62EADF3
:10A820000021180ACEF87F2163F30701039A60F331
:10A830000F21180CCEF800201B0E9EF8542160F357
:10A84000174142F0080263F31F618EF85421CEF8DD
:10A85000831167E507287FF611AD9EF86011180C8B
:10A86000CEF86C22AEF8703241F00803039AAEF8CD
:10A870007202CEF860208EF8603153E507287FF62B
:10A88000FDAC9EF85F11CEE99932039BCEF85C30A7
:10A8900041F080038EF85F3144E507287FF6EEAC87
:10A8A0009EF85F11140CAEF85A22180C41F0080201
:10A8B000AEF85E32AEF85C428EF85F21039BAEF8D4
:10A8C0006002CEF858302DE507287FF6D7AC100A85
:10A8D0000021039C40EA036062F30701CEF8544074
:10A8E00003F0010460F30F21100C40EA034060F311
:10A8F0001741C3F3033060F31F610020CEF83E120E
:10A90000C3F3421161F30700C2F3006161F30F204A
:10A91000C2F3406161F31740C2F3806161F31F60CD
:10A920000021CEF84202C2F3C06060F30701C2F317
:10A930000070C2F3407260F30F21002062F31741F0
:10A94000C3F3400264F31F6162F30700C3F3002204
:10A95000C3F38044CEF84612C3F3004162F30F20E4
:10A96000002261F31740C3F3404164F30702C3F3CD
:10A97000805461F31F60002164F30F22C3F340741D
:10A98000CEF84A02C3F340608EF8564260F30701E6
:10A99000C3F3806060F30F21C3F3C06060F317411D
:10A9A000C3F3007060F31F619EF85E01CEF852128F
:10A9B000D90F40F080008EF85812C3F3C0518EF8C2
:10A9C0005E01C3F3807061F31742C3F300638EF836
:10A9D000570263F31F62CEF84E22A3E407287FF6E6
:10A9E0004DAC9EF85E11140CAEF83622180C41F0F6
:10A9F0000802AEF83A32AEF838428EF85E21039B78
:10AA0000AEF83C02CEF850308CE407287FF636AC26
:10AA10009EF85D11140CAEF82E22180C41F0800245
:10AA2000AEF83232AEF830428EF85D21039BAEF8BC
:10AA30003402CEF84C3075E407287FF61FAC9EF840
:10AA40005D11140CAEF82622180C41F00802AEF885
:10AA50002A32AEF828428EF85D21039BAEF82C0214
:10AA6000CEF848305EE407287FF608AC9EF85C110B
:10AA7000140CAEF81E22180C41F08002AEF82232FF
:10AA8000AEF820428EF85C21039BAEF82402CEF88B
:10AA9000443047E407287FF6F1AB9EF85C11140CB4
:10AAA000AEF81622180C41F00802AEF81A32AEF8D1
:10AAB00018428EF85C21039BAEF81C02CEF84030A1
:10AAC00030E407287FF6DAAB02F001010020039C96
:10AAD00061F30700C2F30021CEF83C4061F30F2080
:10AAE000C2F30041C2F3006261F31740002162F338
:10AAF0001F60C3F30022CEF80E0203F0010060F3E2
:10AB00000701C3F30040C3F3006362F30F219EF813
:10AB10005B2160F3174142F0800263F31F618EF8FE
:10AB20005B21CEF81212FFF7FDBB07287FF6A6AB1C
:10AB3000C2F309009EF85B11039C41F00801AEF8D6
:10AB40000202C2F38920C2F309528EF85B11C3F3EB
:10AB50008921AEF80402C3F30900C3F30953CEF808
:10AB60003840AEF80622AEF80802AEF80A12AEF887
:10AB70000C32FFF7D7BB07287FF680AB9EF85A113F
:10AB8000140CAEF8FA21180C41F08002AEF8FE3138
:10AB9000AEF8FC418EF85A21039BAEF80002CEF8C5
:10ABA0003430FFF7BFBB07287FF668AB9EF85A1119
:10ABB000140CAEF8F221180C41F00802AEF8F63190
:10ABC000AEF8F4418EF85A21039BAEF8F801CEF8A6
:10ABD0003030FFF7A7BB07287FF650AB9EF859111E
:10ABE000140CAEF8EA21180C41F08002AEF8EE31F8
:10ABF000AEF8EC418EF85921039BAEF8F001CEF887
:10AC00002C30FFF78FBB07287FF638AB9EF87031EA
:10AC1000CEF8982343F00803039A8EF87031CEF8EB
:10AC2000E020FFF77FBB05287FF628AB9EF86F1169
:10AC3000100CAEF89223AEF8963341F08003039ADD
:10AC4000AEF89403CEF8DC208EF86F31FFF748BBE6
:10AC500005287FF613AB9EF86F11AEF89033039B77
:10AC6000CEF88C23CEF8D83041F008038EF86F313F
:10AC7000FFF736BB07287FF601AB9EF86E11CEE9D1
:10AC8000E123039BCEF8D43041F080038EF86E317F
:10AC9000FFF748BB05287FF6F1AA9EF86E11100C4D
:10ACA000AEF87E23AEF8823341F00803039AAEF883
:10ACB0008003CEF8D0208EF86E31FFF711BB052847
:10ACC0007FF6DCAA9EF86D11AEF87C33039BCEF8BC
:10ACD0007823CEF8CC3041F080038EF86D31FFF749
:10ACE000FFBA07287FF6CAAA9EF86D11CEE9DC23C9
:10ACF000039BCEF8C83041F008038EF86D31FFF7A2
:10AD000011BB07287FF6BAAA9EF86C11C3F3004462
:10AD1000CEF86423C3F3006041F08002AEF86833DC
:10AD20008EF86A438EF86C21039B8EF86B03CEF885
:10AD3000C430FFF7F7BA00283FF4A0AA02F00100E0
:10AD40000023C2F34001039C60F30703C2F3C00079
:10AD5000CEF8C040C2F3800461F30F239EF86C115B
:10AD600064F3174341F0080160F31F63C2F300105E
:10AD7000C2F340128EF86C11CEF85C338EF860038B
:10AD80008EF86123FFF7DDBA04287FF677AA9EF8D4
:10AD90006B11140A8EF85823052044EA0364039AC1
:10ADA00041F08003CEF8BC20CEF854438EF86B31CE
:10ADB00010BD05287FF662AA9EF86B11100CAEF844
:10ADC0004E23AEF8523341F00803039AAEF8500315
:10ADD000CEF8B8208EF86B31FFF782BA07287FF6DD
:10ADE0004DAA9EF86A11AEF84C33039BCEF8482367
:10ADF000CEF8B43041F080038EF86A31FFF792BA92
:10AE000007287FF63BAA9EF86A11CEE9D023039B60
:10AE1000CEF8B03041F008038EF86A31FFF782BAFD
:10AE200007287FF62BAA9EF86911CEE9CE23039B53
:10AE3000CEF8AC3041F080038EF86931FFF772BA7A
:10AE400007287FF61BAA9EF86911CEE9CC23039B45
:10AE5000CEF8A83041F008038EF86931FFF762BAE6
:10AE600007287FF60BAA9EF86811CEE9CA23039B38
:10AE7000CEF8A43041F080038EF86831FFF752BA63
:10AE800007287FF6FBA99EF86811CEE9C823039B2B
:10AE9000CEF8A03041F008038EF86831FFF742BACF
:10AEA00005287FF6EBA99EF86711AEF81C33039BCB
:10AEB000CEF81823CEF89C3041F080038EF867312D
:10AEC000FFF70EBA07287FF6D9A99EF86711CEE9D9
:10AED000C423039BCEF8983041F008038EF8673105
:10AEE000FFF720BA07287FF6C9A99EF86611CEE9B8
:10AEF000C223039BCEF8943041F080038EF8663174
:10AF0000FFF710BA07287FF6B9A99EF86611C3F3B8
:10AF10000044CEF80023C3F3006041F00802AEF80D
:10AF200004338EF806438EF86621039B8EF80703E0
:10AF3000CEF89030FFF7F6B906287FF69FA9D1B278
:10AF400001298EF8FC1200F04882022900F03982B3
:10AF500000297FF493A9110E180A120A41EA03216D
:10AF6000AEF8FA02AEF8EE22AEF8F4129EF86531B1
:10AF7000039A43F08003CEF88C208EF86531FFF7FA
:10AF8000FFB907287FF67AA99EF86531110CAEF853
:10AF9000E62243F00803039AAEF8E812CEF88820C0
:10AFA0008EF86531FFF7BEB907287FF667A99EF8CE
:10AFB0006411140CAEF8DE22180C41F08002AEF8D9
:10AFC000E232AEF8E0428EF86421039BAEF8E40270
:10AFD000CEF88430FFF7A6B906287FF64FA9110EE8
:10AFE00000201C0A41EA0321AEF8C64261F30700C3
:10AFF000039C002163F30F20CEF88040C2F302448B
:10B0000002F0010364F31740C2F3401463F31F60BE
:10B01000C2F3400363F30701C2F38003CEF8C80212
:10B02000C2F3C00063F30F21002360F31741C2F3A2
:10B03000001064F30703C2F3801460F31F61002063
:10B0400064F30F23C2F38054CEF8CC12C2F3C021B4
:10B050008EF8DC4261F30700C2F3003161F30F2088
:10B06000C2F3403161F31740C2F3803161F31F60D6
:10B070000021CEF8D402C2F3C03060F30701C2F35E
:10B08000C04060F30F21C2F3005060F31741C2F3D8
:10B09000405060F31F619EF86401CEF8D812C2F3ED
:10B0A000C05140F008008EF8DD12C2F3C011C2F3A7
:10B0B00080228EF8640161F3174362F31F63CEF8B8
:10B0C000D032FFF75DB907287FF6D8A89EF8631144
:10B0D000C2F30040AEF8C022AEF8C23241F08003A5
:10B0E000039A8EF8C402CEF87C208EF86331FFF705
:10B0F00019B907287FF6C2A89EF86311C2F3004071
:10B10000AEF8BA22AEF8BC3241F00803039A8EF8CA
:10B11000BE02CEF878208EF86331FFF703B9072816
:10B120007FF6ACA8100CC3F303340021AEF8AE22B6
:10B13000AEF8B002180C039A64F30701AEF8B2023D
:10B1400003F00100CEF87420C3F3002260F30F2156
:10B15000C3F34020C3F3802362F317419EF86221BA
:10B160008EF8B83242F0800260F31F618EF86221DF
:10B17000CEF8B412FFF7D6B807287FF67FA89EF85E
:10B180006231110CAEF8AA2243F00803039AAEF81C
:10B19000AC12CEF870208EF86231FFF7C3B80728E2
:10B1A0007FF66CA89EF86111140CAEF8A222180C60
:10B1B00041F08002AEF8A632AEF8A4428EF86121CA
:10B1C000039BAEF8A802CEF86C30FFF7ABB80728A7
:10B1D0007FF654A8C2F30721AEF8A02205293FF656
:10B1E0004DA8DFE801F04F463D342B1807287FF6C5
:10B1F00045A89EF86011180CCEF87422AEF878328B
:10B2000041F08003039AAEF87A02CEF864208EF8FB
:10B210006031FFF787B8120CAEF88832190CAEF81F
:10B220007C22AEF894129EF86131039A43F0080331
:10B23000CEF868208EF86131FFF774B8120CAEF8C2
:10B240008A32190CAEF87E22AEF89612EBE7120C99
:10B25000AEF88C32190CAEF88022AEF89812E2E704
:10B26000120CAEF88E32190CAEF88222AEF89A1299
:10B27000D9E7120CAEF89032190CAEF88422AEF871
:10B280009C12D0E7120CAEF89232190CAEF886225E
:10B29000AEF89E12C7E7072812BA7EF6EFAF9EF807
:10B2A0007C11C3F3C013100CAEF804248EF80634DE
:10B2B00041F08002039BAEF80204CEF844318EF8D0
:10B2C0007C21FFF72FB8072812BA7EF6D7AF03F01C
:10B2D00001000021140CAEF8162460F30701C3F33B
:10B2E0004000C3F38002AEF8144460F30F21C3F3AF
:10B2F000C000039CC3F3001362F317419EF87E2144
:10B30000CEF8504142F0080260F31F618EF81C3401
:10B310008EF87E21CEF81814FFF704B8072812BA69
:10B320007EF6ACAF9EF87D11C3F3C013100CAEF8DF
:10B3300010248EF8123441F08002039BAEF80E0404
:10B34000CEF84C318EF87D21FEF7ECBF07287EF653
:10B3500095AF100CC2F346040021CEF8A833AEF826
:10B36000AC03C2F34620039B64F30701CEF8EC3034
:10B3700060F30F2102F00103C2F3002263F31741CF
:10B380009EF8713162F31F6143F08003CEF8AE1373
:10B390008EF87131FEF7C6BF05287EF66FAF9EF8B6
:10B3A0007111180ACEF8A2238EF8A63341F00803D3
:10B3B000039A8EF8A703CEF8E8208EF87131FEF7D5
:10B3C0008FBF110E180A120A41EA0321AEF8F602E5
:10B3D000AEF8EA22AEF8F012C8E5110E180A120A09
:10B3E00041EA0321AEF8F802AEF8EC22AEF8F21210
:10B3F000BCE501287EF642AF9EF87231AEF8B42368
:10B4000043F00803039A8EF87231CEF8F020FEF76D
:10B41000D8BF9EF87A11140CAEF8F223180C41F044
:10B420008002AEF8F633AEF8F0438EF87A21039B33
:10B43000AEF8F403CEF83431FEF774BF40F2022CBC
:10B440000346614530B400F271819F2940F28E813C
:10B45000A039B1F5B17F00F26581DFE811F0D004C9
:10B4600048053B051205DD04460639062C061F0675
:10B47000120673056605550568085C085008420801
:10B4800035086301630163016301630163016301C3
:10B4900063016301630163016301630163010508E3
:10B4A000F107DD07820874086301D007AF0795072D
:10B4B00089077D0763016B075F07530747073B0752
:10B4C00063012F071D070B076301F9066301630181
:10B4D000630163016301630163016301630163014C
:10B4E000630163016301630163016301630163013C
:10B4F00063016301CB06B10663016301630163016C
:10B50000630163016301630163016301630163011B
:10B51000630163016301630163016301630163010B
:10B5200063016301630163016301630163016301FB
:10B5300063016301630163016301630163016301EB
:10B5400063016301630163016301630163016301DB
:10B5500063016301630163016301630163016301CB
:10B5600063016301630163016301630163016301BB
:10B5700063016301630163016301630163016301AB
:10B58000630163016301630163016301630163019B
:10B59000630163016301630163016301630163018B
:10B5A000630163016301630163016301630163017B
:10B5B000630163016301630163016301630163016B
:10B5C000630163016301630163016301630163015B
:10B5D000630163016301630163016301630163014B
:10B5E000630163016301630163016301630163013B
:10B5F000630163016301630163016301630163012B
:10B60000630163016301630163016301630163011A
:10B61000630163016301630163016301630163010A
:10B6200063016301630163016301630163016301FA
:10B6300063016301630163016301630163016301EA
:10B6400063016301630163016301630163016301DA
:10B6500063016301630163016301630163016301CA
:10B6600063016301630163016301630163016301BA
:10B6700063016301630163016301630163016301AA
:10B68000630163016301630163016301630163019A
:10B69000630163016301630163016301630163018A
:10B6A000630163016301630163016301630163017A
:10B6B000630163016301630163016301630163016A
:10B6C000630163016301630163016301630163015A
:10B6D000630163016301630163016301630163014A
:10B6E000630163016301630163016301630163013A
:10B6F000630163016301630163016301630163012A
:10B70000630163016301A50693068106760664065C
:10B710005306630163016301630163016301630114
:10B720006301C4044FF0FF3030BC7047B1F5657F52
:10B7300080F0BA8040F28230814240F2C980A1F5A7
:10B7400061710F2901F2BB80DFE811F01D021102C7
:10B750000502F901ED01E101D501C901BE01B30105
:10B76000A8019D01910179016B0185011F394A29C9
:10B77000D8D84A29D6D801A050F821F0CD9E000093
:10B78000B39E0000999E00007F9E0000659E000011
:10B7900025980000259800002598000025980000B5
:10B7A00025980000159E0000C59D0000759D0000B5
:10B7B000259D0000C19C00002598000025980000F0
:10B7C0002598000025980000259800002598000085
:10B7D0002598000025980000259800002598000075
:10B7E0002598000025980000259800002598000065
:10B7F0002598000025980000259800002598000055
:10B800002598000025980000259800002598000044
:10B810002598000025980000259800002598000034
:10B820002598000025980000259800002598000024
:10B830002598000025980000259800002598000014
:10B840002598000025980000259800002598000004
:10B8500025980000259800002598000025980000F4
:10B8600025980000259800002598000025980000E4
:10B8700025980000259800002598000025980000D4
:10B8800025980000259800002598000025980000C4
:10B8900025980000259800002598000025980000B4
:10B8A000259800009F9C0000D948814200F0358710
:10B8B00041D86FF4D660081803283FF633AFA1F2E1
:10B8C000B261022900F2E187DFE801F0675A9D00CA
:10B8D00040F25920814200F0618740F25A208142B3
:10B8E00000F03387B1F5167F7FF41CAF93F89F13F8
:10B8F00093F89EC301F0010193F8A0430CF0010CF2
:10B9000093F89C03C90304F0010441EACC1141EA15
:10B91000C45193F8A14341EAC47193F89D4340EAAE
:10B920000420C2E9001093F8702142F0400283F82D
:10B9300070210620F8E6B748814200F07087B648CB
:10B94000814200F03D87B54881427FF4EBAED3F8E9
:10B95000081493F80C040C02090A00F0010004F02A
:10B96000FF2401F0FF11C0010C43C2E9004093F82D
:10B970007D2142F0040283F87D21082030BC70470D
:10B9800093F800040021C2E9000193F87B2142F002
:10B99000400283F87B210120C6E6B3F8FA0393F84E
:10B9A000FC13B3F8F8430002090640EA046C41EACC
:10B9B000142193F8FD43000441EA044193F8FE4347
:10B9C00040EA114041EA0421954C04EA0141044057
:10B9D00080B244EA1C4C01434FEA0C2000F47F4043
:10B9E00040EA1C2050600802090A00F0FF2001F024
:10B9F000FF110143116093F87B2142F0040283F8A8
:10BA00007B21072090E693F80114002001F001014A
:10BA1000C2E9001093F87C2142F0040283F87C21F3
:10BA2000B9E7B3F8EC030021C2E9000193F87921EA
:10BA300042F0400283F87921022030BC7047B3F80D
:10BA4000EA030021C2E9000193F8792142F00402DF
:10BA500083F87921F0E7B3F8EE030021C2E9000191
:10BA600093F87A2142F0040283F87A21E4E7B3F8EC
:10BA7000E8030021C2E9000193F8782142F0400276
:10BA800083F87821D8E7D3E9F801C2E9000193F8F7
:10BA9000782142F0040283F878216EE7D3E9F601B9
:10BAA000C2E9000193F8772142F0400283F8772140
:10BAB00063E7D3E9F401C2E9000193F8772142F08A
:10BAC000040283F8772158E7D3E9F201C2E90001C3
:10BAD00093F8762142F0400283F876214DE7B3F8DF
:10BAE000C4030021C2E9000193F8762142F0040268
:10BAF00083F87621A0E7B3F8C2030021C2E9000170
:10BB000093F8752142F0400283F8752194E7B3F869
:10BB1000C0030021C2E9000193F8752142F004023C
:10BB200083F8752188E7B3F8BE030021C2E900015C
:10BB300093F8742142F0400283F874217CE7B3F853
:10BB4000BC030021C2E9000193F8742142F0040211
:10BB500083F8742170E7B3F8BA030021C2E9000149
:10BB600093F8732142F0400283F8732164E7B3F83D
:10BB7000B8030021C2E9000193F8732142F00402E6
:10BB800083F8732158E7B3F8B6030021C2E9000136
:10BB900093F8722142F0400283F872214CE793F847
:10BBA000E81193F8E941D3F8E40141EA0421C2E93C
:10BBB000000193F8592142F0040283F85921DCE690
:10BBC00093F8E001B3F8DC4100F0010093F8DF11D5
:10BBD000D3F8D85140EA044093F8E14101F07F01E5
:10BBE00004F00104490440EA042093F8DE41556062
:10BBF00041EA446140EA1160090A01F47F410143CE
:10BC0000116093F8582142F0400283F85821B4E6BD
:10BC1000F4E50618F4E90618E550FF18F4E70618ED
:10BC20000000FFFF93F8D401B3F8D04100F0010009
:10BC300093F8D311D3F8CC5140EA044093F8D5419E
:10BC400001F07F0104F00104490440EA042093F864
:10BC5000D241556041EA446140EA1160090A01F4A9
:10BC60007F410143116093F8582142F0040283F8A8
:10BC7000582182E693F8C801B3F8C44100F00100EE
:10BC800093F8C711D3F8C05140EA044093F8C94172
:10BC900001F07F0104F00104490440EA042093F814
:10BCA000C641556041EA446140EA1160090A01F465
:10BCB0007F410143116093F8572142F0400283F81D
:10BCC00057215AE693F8BC01B3F8B84100F00100DF
:10BCD00093F8BB11D3F8B45140EA044093F8BD4146
:10BCE00001F07F0104F00104490440EA042093F8C4
:10BCF000BA41556041EA446140EA1160090A01F421
:10BD00007F410143116093F8572142F0040283F808
:10BD1000572132E693F8B001B3F8AC4100F00100CE
:10BD200093F8AF11D3F8A85140EA044093F8B14119
:10BD300001F07F0104F00104490440EA042093F873
:10BD4000AE41556041EA446140EA1160090A01F4DC
:10BD50007F410143116093F8562142F0400283F87D
:10BD600056210AE6D3F89F01D3F8A311C2E90001D6
:10BD700093F8562142F0040283F85621FDE5D3F8EA
:10BD80009701D3F89B11C2E9000193F8552142F0C5
:10BD9000400283F85521F0E5D3F88F01D3F89311D1
:10BDA000C2E9000193F8552142F0040283F85521BD
:10BDB000E3E5D3F88701D3F88B11C2E9000193F8CA
:10BDC000542142F0400283F85421D6E5D3F87F0194
:10BDD000D3F88311C2E9000193F8542142F0040220
:10BDE00083F85421C9E5D3F898030021C2E9000182
:10BDF00093F8702142F0040283F87021BDE5D3F876
:10BE0000EA01D3F8EE11C2E9000193F8592142F09A
:10BE1000400283F85921B0E593F8101293F80FC24D
:10BE200001F0010193F80E420CF0010C93F812029C
:10BE3000090404F0010400F0010041EA0C2121434F
:10BE400093F8114204F0010441EA046193F81342AB
:10BE500004F0010440EA042093F8144204F00104C1
:10BE600040EA044093F81542116004F0010140EAF1
:10BE70000161516093F85B2142F0400283F85B213D
:10BE80007BE5B3F80612B3F804C2C1F30901B3F8B5
:10BE90000242CCF3090CB3F808020905C4F3090403
:10BEA000C0F3090041EA8C212143B3F80A42C4F3EC
:10BEB000090440EA8420B3F80C421160C4F309017C
:10BEC00040EA0151516093F85B2142F0040283F88B
:10BED0005B2152E5D3F8FA01D3F8FE11C2E9000163
:10BEE00093F85A2142F0400283F85A2145E5D3F8ED
:10BEF000F201D3F8F611C2E9000193F85A2142F099
:10BF0000040283F85A2138E5B3F86812B3F86A429C
:10BF1000D3F8640241EA0441C2E9001093F85F21BA
:10BF200042F0400283F85F2127E5D3F85A02D3F8A4
:10BF30005E12C2E9000193F85F2142F0040283F827
:10BF40005F211AE593F8424293F8411204F0070486
:10BF500093F8400201F00F0193F83F52640100048E
:10BF600044EA013493F8491240EA052001F0010146
:10BF7000214393F84A4204F0010441EA440193F852
:10BF80004B4204F0010441EA042193F84C4204F0CE
:10BF9000010441EA044193F84D4204F0010441EAEE
:10BFA000444193F84E4204F0010441EA844193F87D
:10BFB0004F4204F0010441EA845193F8504204F0E6
:10BFC000010441EAC45193F8514204F0010441EAEA
:10BFD000046193F8524204F0010441EA446193F889
:10BFE000534204F0010441EA846193F8544204F09E
:10BFF000010441EAC46193F8554204F0010441EAA6
:10C00000047193F8564204F0010441EA447193F834
:10C01000574204F0010441EA847193F8584241EA1E
:10C02000C47193F83E42204393F8434204F0010464
:10C0300040EA046093F8444204F0010440EA44609A
:10C0400093F8454204F0010440EA846093F84642C4
:10C0500004F0010440EAC46093F8474204F001048C
:10C0600040EA047093F84842516004F0010140EA4C
:10C070004171116093F85E2142F0400283F85E2125
:10C080007BE4D3F83602D3F83A12C2E9000193F800
:10C090005E2142F0040283F85E216EE4D3F82E02A2
:10C0A000D3F83212C2E9000193F85D2142F0400258
:10C0B00083F85D2161E4D3F82602D3F82A12C2E99D
:10C0C000000193F85D2142F0040283F85D2154E4FD
:10C0D000D3F81E02D3F82212C2E9000193F85C21C2
:10C0E00042F0400283F85C2147E4D3F81602D3F80B
:10C0F0001A12C2E9000193F85C2142F0040283F8AD
:10C100005C213AE4B3F89443B3F89213B3F896037E
:10C1100041EA0441C2E9001093F86F2142F0400265
:10C1200083F86F2105E4B3F88E43B3F88C13B3F8AA
:10C13000900341EA0441C2E9001093F86F2142F0F4
:10C14000040283F86F21FFF7F4BBD3E9E101C2E9F0
:10C15000000193F86E2142F0400283F86E210CE456
:10C16000B3F88043B3F87E13B3F8820341EA044185
:10C17000C2E9001093F86E2142F0040283F86E21A8
:10C18000FFF7D7BBB3F87A43B3F87813B3F87C035F
:10C1900041EA0441C2E9001093F86D2142F04002E7
:10C1A00083F86D21FFF7C5BBD3E9DC01C2E90001CB
:10C1B00093F86D2142F0040283F86D21FFF7DDBB97
:10C1C00093F86A03B3F8681300F00100D3F86443EE
:10C1D00041EA004193F86B03146000F0010041EA6A
:10C1E0000061516093F86C2142F0400283F86C21A9
:10C1F000FFF7C3BB93F85D13002093F85E4301F093
:10C20000010104F00104491841EA840193F85C43F8
:10C21000404104F00104214393F85F4304F001041A
:10C2200041EAC40193F8604304F0010441EA0411B7
:10C2300093F86143506004F0010041EA401111603D
:10C2400093F86C2142F0040283F86C21FFF7A3BB42
:10C25000D3F85443052093F85813250E41EA0421DE
:10C26000C2E9001593F86B2142F0400283F86B217C
:10C27000FFF75ABAB3F85043B3F84E13B3F852036A
:10C2800041EA0441C2E9001093F86B2142F0040234
:10C2900083F86B21FFF74DBBB3F84A43B3F848135B
:10C2A000B3F84C0341EA0441C2E9001093F86A2153
:10C2B00042F0400283F86A21FFF75FBBD3E9D00167
:10C2C000C2E9000193F86A2142F0040283F86A216E
:10C2D000FFF753BBD3E9CE01C2E9000193F869210E
:10C2E00042F0400283F86921FFF747BBD3E9CC0154
:10C2F000C2E9000193F8692142F0040283F8692140
:10C30000FFF73BBBD3E9CA01C2E9000193F86821FA
:10C3100042F0400283F86821FFF72FBBD3E9C80140
:10C32000C2E9000193F8682142F0040283F8682111
:10C33000FFF723BBB3F81A43B3F81813B3F81C0381
:10C3400041EA0441C2E9001093F8672142F040023B
:10C3500083F86721FFF7EDBAD3E9C401C2E9000110
:10C3600093F8672142F0040283F86721FFF705BBC9
:10C37000D3E9C201C2E9000193F8662142F040020C
:10C3800083F86621FFF7F9BA93F80603B3F80413AC
:10C3900000F00100D3F8004341EA004193F807039D
:10C3A000146000F0010041EA0061516093F86621D9
:10C3B00042F0040283F86621FFF7DFBA93F8FC121B
:10C3C000012900F05382022900F0418200297FF404
:10C3D000A9A9B3F8FA12B3F8F4020902B3F8EE42CD
:10C3E00041EA1021000640EA0420C2E9000193F866
:10C3F000652142F0400283F86521FFF702BBD3F8C4
:10C40000E6020021C2E9000193F8652142F004022E
:10C4100083F86521FFF7B1BA93F8C402B3F8C012EC
:10C4200000F00100B3F8C24241EA004154601160DB
:10C4300093F8632142F0400283F86321FFF79DBA2D
:10C4400093F8BE02B3F8BA1200F00100B3F8BC4290
:10C4500041EA00415460116093F8632142F0040204
:10C4600083F86321FFF789BA93F8B402B3F8B252A4
:10C4700000F00F0093F8B512B3F8B042000301F0DA
:10C48000010140EA0540014393F8B60200F00100C3
:10C4900041EA002193F8B70200F0010041EA40218F
:10C4A00093F8B80200F0010041EA8021B3F8AE022F
:10C4B00040EA0440C2E9000193F8622142F04002E0
:10C4C00083F86221FFF759BAD3F8AA020021C2E922
:10C4D000000193F8622142F0040283F86221FFF721
:10C4E0004CBAD3F8A202D3F8A612C2E9000193F81D
:10C4F000612142F0400283F86121FFF73EBA93F8D0
:10C50000A112B3F8A00205293FF60CA9DFE801F05B
:10C51000F7ECE1D6CBB7D3E99D01C2E9000193F86E
:10C52000602142F0400283F86021FFF726BAD3E988
:10C530009B01C2E9000193F8602142F0040283F8F4
:10C540006021FFF71ABAD3F8DE02D3F8E212C2E98B
:10C55000000193F8642142F0400283F86421FFF760
:10C560000CBA93F8CB4293F8C85293F8CA1204F06D
:10C570000104B3F8C60201F0070144EA056444EA85
:10C58000014493F8CC1201F00101491841EA040179
:10C5900093F8CD4204F0010441EA840193F8CE42BD
:10C5A00004F0010441EAC40193F8CF4204F001040D
:10C5B00041EA041193F8D04204F0010441EA441125
:10C5C00093F8D14204F0010441EA841193F8D24275
:10C5D00004F0010441EAC41193F8D34204F00104C9
:10C5E00041EA842193F8D44204F0010441EAC421D1
:10C5F00093F8D54204F0010441EA043193F8D6429D
:10C6000004F0010441EA443193F8D74204F00104F4
:10C6100041EA843193F8D84204F0010441EAC4317C
:10C6200093F8D94204F0010441EAC44193F8DA4294
:10C6300004F0010441EA045193F8DB4204F00104E0
:10C6400041EA445193F8DC4204F0010441EA845188
:10C6500093F8DD4204F0010441EAC45193F8C94261
:10C6600044EA0020116028BF40F00100506093F8B8
:10C67000642142F0040283F86421FFF7C2B9B3F8E1
:10C680007C12B3F8944240EA0140B3F8881241EAC0
:10C690000441C2E9000193F8612142F0040283F8E9
:10C6A0006121FFF76AB9B3F87E12B3F8964240EA07
:10C6B0000140B3F88A1241EA0441EAE7B3F8801274
:10C6C000B3F8984240EA0140B3F88C1241EA0441C1
:10C6D000DFE7B3F88212B3F89A4240EA0140B3F8B8
:10C6E0008E1241EA0441D4E7B3F88412B3F89C42B5
:10C6F00040EA0140B3F8901241EA0441C9E793F8D7
:10C70000A012B3F886520143B3F89E4241EA0540B5
:10C71000B3F8921241EA0441BBE7D3F8021493F84C
:10C7200006040C02090A00F0010004F0FF2401F0E5
:10C73000FF11C0010C43C2E9004093F87C2142F094
:10C74000400283F87C21FFF718B993F8B003B3F8DF
:10C75000AC4300F0010093F8AF13D3F8A85340EABC
:10C76000044093F8B14301F07F0104F0010449044F
:10C7700040EA042093F8AE43556041EA446140EA40
:10C780001160090A01F47F410143116093F871219E
:10C7900042F0400283F87121FFF7EFB893F8A61337
:10C7A00093F8A743D3F8A20341EA0421C2E90001A8
:10C7B00093F8712142F0040283F87121FFF7B9B8B0
:10C7C00093F8181493F819C493F81A4401F001016E
:10C7D0000CF0010CD3F8140404F0010441EA4C01FC
:10C7E00041EA84010402000A04F0FF2400F0FF1073
:10C7F000204393F81B4404F0010441EAC40193F878
:10C800001C44106004F0010041EA0011516093F8EB
:10C810007E2142F0040283F87E21FFF7AEB8D3F800
:10C820000E1493F812040C02090A00F0010004F03F
:10C83000FF2401F0FF11C0010C43C2E9004093F84E
:10C840007D2142F0400283F87D21FFF796B8B3F8CE
:10C85000F012B3F8EA520806B3F8F642090A40EAC1
:10C86000052041EA042140F00200BEE5B3F8F212CF
:10C87000B3F8EC520806B3F8F842090A40EA05207A
:10C8800041EA042140F00100AFE5D3E9FC100402C5
:10C89000000A04F0FF2400F0FF102043506008025B
:10C8A000090A00F0FF2001F0FF110143116093F825
:10C8B0007A2142F0400283F87A21FFF75EB8B3F89C
:10C8C000B4030021C2E9000193F8722142F004028E
:10C8D00083F87221FFF7B0B800207047704700BF9F
:10C8E00030B583B005460C4608F01CFE1C4B984240
:10C8F00004D800232B80238003B030BD694608F0A4
:10C900009BF89DF805309DF8062001339DF8041032
:10C91000503ADBB292B21F2998BF0C2B01D87F2A64
:10C9200018D900219DF802209DF801302980172A8E
:10C9300098BF3B2B9DF8001001D83B2903D9002359
:10C94000238003B030BD5B0143EAC22343EA5103B5
:10C950001BB2F5E741EA431141EA422109B2E1E79E
:10C96000FFA5CE1210B5044640F2D44108F064FA97
:10C97000204610BD012BF0B5054695B03DD0022BE9
:10C9800040F2022001F104010CBF03460023684677
:10C9900005F0DAF8129B002B38D05C20002608F056
:10C9A00047FA214B04AF0446C0E90036019B3946E3
:10C9B000183040F80C3C1D4B40F8103C029B40F8EE
:10C9C000083C9DF80C3000F8043C04F06DFF184B57
:10C9D0004FF47A72A665A360164B6E602B60636895
:10C9E0002E730133AA602C616360134B38460093A9
:10C9F00004F098FF284615B0F0BD44F2022304313C
:10CA0000684605F0A1F8129B002BC6D1139B002BA2
:10CA1000C3D14FF47A71074A04AF2B732A602B619C
:10CA2000C5E90131E1E700BFB40A0020100B002086
:10CA3000900A0020640A0020A809002010B5D0F850
:10CA400084448EB00A4644B10023214668460093D0
:10CA500002F09EFF68B90EB010BDD0F8881429B15D
:10CA6000234668460C9400F097FF38B900200EB0BA
:10CA700010BD684602F036FD0EB010BD684601F0EC
:10CA800047F80028F2D0E6E770B5D0F884448EB0BD
:10CA900015465CB104F5896400230A4668462146C0
:10CAA000009302F0F9FE88B90EB070BDD0F888642A
:10CAB0004EB106F589660A462346684631460C940F
:10CAC00000F0F0FE48B900200EB070BD2A462146A5
:10CAD000684603F08BF80EB070BD2A4631466846B2
:10CAE00001F062F90028EED0DEE700BF10B5D0F803
:10CAF00084448EB00A464CB10020012321460090A8
:10CB0000684602F045FF68B90EB010BDD0F8881431
:10CB100029B1012368460C9400F03EFF38B900208B
:10CB20000EB010BD684603F0E1FE0EB010BD6846C1
:10CB300000F096FF0028F2D0E6E700BF30B5D0F84D
:10CB400084448FB00A464CB10025012304F5896165
:10CB50006846009502F0D8FF0FB030BDD0F88804C9
:10CB60000028F9D000F58961012368460C9401F092
:10CB70009DF90FB030BD00BF10B5D0F884448EB021
:10CB80000A463CB1002321466846009302F000FFAC
:10CB90000EB010BDD0F8881431B1234668460C940D
:10CBA00000F0FAFE0EB010BD08460EB010BD00BF7A
:10CBB00090F8D03463B1D0F8843463B19A794FF4EB
:10CBC0000070D9699040013980B2A0FB0101704723
:10CBD000184601467047D0F888040028F9D0D0F8EC
:10CBE0003C14D0F83004A1FB0001704770B5054635
:10CBF00090F8D00408B9014670BDD5F88434D5F852
:10CC00009004002B3CD0DC69013C002850D0036824
:10CC1000DB6B984758B3D5F89004E8B103681B6CF8
:10CC2000984700284BD1D5F89004A8B1036801219A
:10CC30005B6C9847D5F8843480B1002B51D01846EE
:10CC400004F0C2FC0646D5F8900428B10368002120
:10CC50005B6C984700B1A41BD5F88434FBB19B7979
:10CC60004FF40071994089B2A1FB040170BDD5F861
:10CC70008434EBB9D5F888344BB90020014670BD37
:10CC8000D5F888344BB3D3F830440028BFD11846C8
:10CC900002F09EF9D5F88434241A002BDFD1D5F8A0
:10CCA0008834002BE9D0D3F83C14A1FB040170BDFB
:10CCB000184604F089FCD5F88434241ACEE7D5F858
:10CCC000840428B104F080FCD5F88434241AC5E724
:10CCD000D5F888040028DBD1CFE70028CDD01C464A
:10CCE00095E7D5F8886426B1304602F071F906461A
:10CCF000A9E7D5F890040028A8D1BEE72DE9F043B4
:10CD0000D0F890548DB04DB198462B680446284613
:10CD1000DB699847B0F5405F064604D800263046E8
:10CD20000DB0BDE8F0834FF4007013F0E7FB074649
:10CD30000028F3D00DF10409B6F1806F0246434696
:10CD4000294648462DD901F04FFC0646384613F0D7
:10CD5000DDFB002EE2D02B6828461B6A984794F82A
:10CD6000C034FF2B21D0D4F8C43404F59465D4F832
:10CD7000C82402932846B4F8C0340392ADF80430B6
:10CD800099E80E0005F096FD94F8B134C4F890547B
:10CD9000002BC4D101232946201D1A4604F064FE4D
:10CDA000BDE704F0A9F80646D0E704F2944594F8EC
:10CDB000CC14284606F080FB2846C4F8905405F0B1
:10CDC00021FE0028ABD10123D4F89014201D1A466F
:10CDD00004F04AFEA3E700BF30B5D0F8905485B008
:10CDE0000446002D3DD090F8D02490F8D13472B193
:10CDF000FE2B6BD094F8D204362857D92B6869469D
:10CE000028469B6C984784F8D00405B030BDFE2BB3
:10CE100057D090F8D20436284ED994F8C034FF2B5E
:10CE200024D104F2944594F8CC14284606F044FB2F
:10CE30002846C4F8905405F0E5FD002864D003218D
:10CE40002E2008F007FB3649364A374B48681268EF
:10CE5000A3FB0232920C02EB82024B681B1A9A422D
:10CE6000FBD8002084F8D00405B030BDD4F8C41439
:10CE700004F59465D4F8C834B4F8C0242846CDE944
:10CE80000113ADF800209DE80E0005F013FD94F8A5
:10CE9000B134C4F89054002BD1D101232946201D70
:10CEA0001A4604F0E1FD002837D1C8E708F0C0FABF
:10CEB000003818BF0120D5E708F0BAFA0028ACD135
:10CEC000CFE71A4B9B689B03CBD5A6E72B68284678
:10CED0005B6D9847421C8DD0F8B994F8D134FE2B85
:10CEE000BFD103212E2008F0B5FA0D490D4A0E4B93
:10CEF00048681268A3FB0232920C02EB82024B6874
:10CF00001B1A9A42FBD8ACE70123D4F89014201DD9
:10CF10001A4604F0A9FD002891D00120A2E700BF25
:10CF2000001000E06C38002083DE1B4300800042CC
:10CF3000F0B50D46044685B0364800F0BDF8FE2D2C
:10CF400084F8D15426D0362D02D9002005B0F0BD8A
:10CF50000026314B04F594678DF80450C4F8C434AE
:10CF60008DF80560384684F8C05484F8C164C4F86C
:10CF7000C864CDE9023604AB13E90E0005F09AFC53
:10CF800094F8B134C4F89074B3B3304684F8D00444
:10CF900005B0F0BD002304F29445FF22194628464F
:10CFA00084F8C02484F8CC3406F086FA2846C4F805
:10CFB000905405F027FD38B90123D4F89014201DB2
:10CFC0001A4604F051FDF0B92E200023032184F805
:10CFD000D03484F8D20408F03DFA1049104A114BBD
:10CFE00048681268A3FB0232920C02EB82024B6883
:10CFF0001B1A9A42FBD8A8E701233946201D1A467E
:10D0000004F032FDC2E701222E2384F8D02484F8F4
:10D01000D2349BE7E1A9000040787D01001000E0D8
:10D020006C38002083DE1B4310B4174A0023174CD2
:10D0300017491848C4F89424072221602921C4F80C
:10D04000A8044FF6FF70C4F8AC24134A84F8B11456
:10D05000A4F8D1042046A4F89C3484F8B53484F8AC
:10D06000CC34C4F8A024C4F88434C4F88834C4F898
:10D07000903484F8BC3484F8D034084A08495DF808
:10D08000044B09F085BD00BF700B002020FA022080
:10D09000340B002000093D00CC0900209838002006
:10D0A000DDA900004FF0000C024B82F800C01B68A5
:10D0B000184700BF38000320024A0349034B1160A0
:10D0C0001860704734000320A5B100003800032029
:10D0D00070B500F1240384B08C46044601AD1646B9
:10D0E00093E8070085E807004FEA4C122946206ABA
:10D0F00001F0CAFE012806D132462946206A01F015
:10D1000085FE04B070BD002004B070BD10B50446AB
:10D1100000F0C2FD002384F8313084F8333010BDB4
:10D1200038B514460D46002200F12401006A01F0D2
:10D130006DFE034620B1428901202A801B8923808D
:10D1400038BD00BF38B514460D46002200F1240159
:10D15000006A01F05BFE034620B1C28901202A80EB
:10D160009B89238038BD00BF38B50D4690F831103B
:10D1700009B1002038BD3822044614F001FD012316
:10D1800040222562184684F8333084F8312038BDB7
:10D19000F0B50D4611462A78202A03D115F8014F23
:10D1A000202CFBD00D608D602C7834B32F2C20D038
:10D1B0006E1C154FA4F1220C1F2C35465FFA8CFC17
:10D1C00007D9BCF11D0F27FA0CFE04D81EF0010F81
:10D1D00005D00020F0BD04F0DF025C2AF9D02E2C2F
:10D1E00002D0202C18BF8E6016F8014B2CB12F2CCA
:10D1F000E0D115F8014F202CFBD02F2CF9D01D6069
:10D20000BDE8F04001F01ABD012100352DE9F047DD
:10D2100090F8333082B00546DE0776D55C060F46BF
:10D22000904640F1B080D5E90023D5E9041018EB11
:10D23000020443F10003A14270EB0303C0F0A98094
:10D24000B8F1000F5DD0464605F11809D5E9002177
:10D250002B6AD3F838441440C4F3080A002C73D165
:10D260000A4373D195F8312051064CBFD3F83414DA
:10D27000E969A96193F845040239D3F82C244FEAEF
:10D28000542C814002EB54221144BAF1000F47D1D3
:10D29000B6F5007F44D3D3F81C22914240D0B6F5B6
:10D2A000806F5AD34FF0010A0AFA00FA700AAAEB0B
:10D2B0000C0A824528BF824691424FEA4A240CD884
:10D2C00001EB0A00824208D203F504700191009339
:10D2D00006F036FDDDE90031B8B1D3F8140253464B
:10D2E0000268D2F814A03A46D04770B123462744CA
:10D2F000D5E900219A1841F10001361BC5E900214A
:10D30000A6D1404602B0BDE8F08795F832304FF024
:10D31000FF3043F0020385F8323002B0BDE8F087F9
:10D32000CAF50074002203F50470B44228BF3446E5
:10D3300006F02AFD0028E8D000EB0A012246384614
:10D3400009F072FA2346D2E7A96993E795F83320EA
:10D35000A96952060DD501318BE7D3F814023A467C
:10D3600003681B6998470028CFD04FF400731C4610
:10D37000BDE718464A4601F065FD0028C5DB0BD025
:10D380002B6AA96976E790F8313018077FF558AF16
:10D3900049E7A1EB020853E795F8313013F0500F3D
:10D3A000B3D0A8EB06084046ACE700BFF0B583B0A9
:10D3B0000122044685690DF10701D0E90067FFF7F6
:10D3C00025FF0128A5610CBF9DF807004FF0FF3035
:10D3D000C4E9006703B0F0BD2DE9F04F1F4690F897
:10D3E000313083B00446D0F81880002B53D0164655
:10D3F000D0E90010B84208BF914256D056EA070261
:10D400004FD01A0704D5D4E90452B542BA4142D3E9
:10D4100094F83320751ED4F820A0019247F1FF3C08
:10D420009AF845240932D2B2C2F1200ED540A2F1B9
:10D4300020090CFA0EFB2CFA09FC45EA0B0545EA1B
:10D440000C0B019D6D0634D411F1FF3C2CFA02F255
:10D4500040F1FF3C08430CFA0EFE2CFA09FC42EAAC
:10D460000E0242EA0C0201D0934526D25B064CBF65
:10D47000DAF83434E369A36104F118095D4606E083
:10D48000A169013D206A01F0DDFC002803DD4A4668
:10D49000002DF5D107E00020C4F8188003B0BDE8E6
:10D4A000F08F0023A361C4E90067012003B0BDE849
:10D4B000F08FE3695B44A361F5E7ABEB020BDBE7BD
:10D4C0002DE9F04F174690F831208DB00546002A1F
:10D4D00040F0D2808B4691F8311011F0500F00F0DF
:10D4E000CB8003F003019A46032900F0C580013187
:10D4F00003F0080041EA00030193002F00F0C6800A
:10D500003C69DBE90001014305D000200021CBF894
:10D510001820CBE9000104F10E08B64AA2FB082846
:10D520004FEAD80808F102085FFA88F80024264676
:10D53000202204A95846FFF769FE00B3202840F0D6
:10D540009B809DF910209DF81030002AC0F2A18028
:10D5500034B9DBF80020A2F12009DBF81820009292
:10D56000444501D20134E4B2002B00F00D812022A9
:10D5700004A958460026FFF749FE0028DED11AF418
:10D58000007F79D0019BC3F3400282F00102D307F0
:10D5900072D4002F70D0444580F05A81DDF800A08D
:10D5A000202204A95846FFF731FE631C00285BD0F7
:10D5B000202861D12CB9DBF80020DBF818A0A2F1FB
:10D5C0002009DCB24445EBD33822002128469BF8E1
:10D5D0003340CDF800A014F0D3FADBF82030C4F3C8
:10D5E0008014009A2B62082385F82C4085F831308E
:10D5F0003B68C5E909297B600023BB8108F1FF393D
:10D600000026DFF8F4A15FFA89F90122F1B2284679
:10D61000FFF75EFD044678B390F90030002B2BDB5A
:10D620002022002114F0ACFA002E00F0BC80012E64
:10D6300000F0D280C122A3461E3404F81E2CBA8901
:10D6400038461AB9D7E90112914205D006F0C4FB59
:10D650002BF8020FA345F2D10136B045D5D12846AB
:10D6600000F01AFB06460DE05846DBF8186000F0A3
:10D6700043FB002840F0948000231E4685F831309B
:10D6800085F8333030460DB0BDE8F08F4FF0030819
:10D690004CE75EBB444538BF0024852B7FF448AF80
:10D6A00031463822284614F06BFA9DF814209DF874
:10D6B0001130D6064FF0010685F8303002F03703FE
:10D6C00058BF43F0080385F83130DBF80030DBF851
:10D6D0002020203B2A62DBF81820C5E909239BF8AB
:10D6E0003330C3F3801385F82C3021E7C02B21D0D1
:10D6F000C12B7FF43CAF3A4604A9284601F004FA56
:10D70000B0B1BB89A3B9D7E901329A4210D11AF45A
:10D71000006FB1D11AF4884F76D195F8333099075C
:10D72000B0D595F83130DA06A6D4DF07AAD5A3E73D
:10D730000646FDE69DF81130019A980785F83320DA
:10D7400003D542F0400385F83330099BEB61DDE9F6
:10D750000623C5E90423DDE90A23C5E90223002FD6
:10D76000D5D04FF000033A69BB813B687B609DF8E0
:10D7700013309A427FF4FBAEBE8ABDF81430F61A1D
:10D78000B6FA86F67609D3E6002F3FF475AF1AF4A1
:10D79000007F3FF471AF019B9A073FF5FCAE6BE74A
:10D7A000CBF818600EE78523237085F8309084F855
:10D7B0000190DAF800300BB30DF10B020DF10E0100
:10D7C00003A89847BDF80C306381BDF80E30238163
:10D7D0009DF80B3023753FE74FF4E0732380019BE6
:10D7E00063F07F0385F833303B69E370BB8AA38025
:10D7F00032E700BF898888883400032045F621235A
:10D800006381E381638227E795F83130DC063FF5D9
:10D8100033AF13F001017FF42FAF1AF4806F34D0CF
:10D8200095F8332090077FF527AF002B3FF424AF06
:10D83000D5E90032134304D000220023A961C5E9D1
:10D840000023284600F058FC00287FF41BAF13E7A4
:10D850003822002128469BF8334014F091F9DBF878
:10D860002030C4F38014009A2B62082385F82C40E2
:10D8700085F831303B68C5E909297B600023BB810D
:10D88000B8F1000F7FF4BAAEE9E61AF4804F3FF426
:10D89000F9AE2846D5E90423FFF79EFD00287FF462
:10D8A000F1AEE9E62DE9F043002597B01F4690F868
:10D8B000313001921495ADF81450002B3ED191F8FF
:10D8C00031300E4613F0500F38D013780446154609
:10D8D0002F2B37D04FF0000801AB02AA2946204673
:10D8E000FFF756FC50B3019D2B78002B3ED0002350
:10D8F00002AA31462046FFF7E3FDF8B1A44608AE80
:10D9000004F13009DCF800000CF1100C5CF80C1C80
:10D91000B6465CF8082C10365CF8043CCC45AEE802
:10D920000F00EFD1DCF800003060204600F0B4F9C1
:10D9300008AE84F8318084F83380CDE7002017B03A
:10D94000BDE8F08315F8011F2F29FBD0366A382275
:10D950000195A1B9204614F013F901234022266253
:10D96000184684F8333084F83120E8E73B4602AAB1
:10D9700031462046FFF7A4FD17B0BDE8F083002133
:10D9800008A814F0FDF80123109608AE8DF8533066
:10D9900040238DF851309DE719B101F58961FFF7FA
:10D9A00081BF0846704700BF90F8313063B991F8E5
:10D9B000313013F0500F07D00B6813F01F0C03D158
:10D9C00013466246FFF77CBD002070478169F8B5B9
:10D9D0000446006A01B10131012201F065F9012814
:10D9E000054626D901230146206A1A4601F0BCF9F2
:10D9F0000646F0B1A36994F833205BB351061BD5FA
:10DA0000591CA94223D022F04002E16984F8332056
:10DA100004E001F05DFA394658B1A3694F1C994200
:10DA2000206A3A46F5D308E02A46206A01F050FA07
:10DA300068B900263046F8BD206A4FF0FF3229460B
:10DA400001F046FA0028F4D0A1690029ECD1304653
:10DA5000A561F8BD42F0400284F83320F7E700BF2B
:10DA600090F833309A073ED5C16970B50446E1B9E4
:10DA700000252946012220460135FFF729FB90B1F8
:10DA80000378E9B203F07F03037094F830308B42DF
:10DA9000F0D20023256A84F83130284684F83330E8
:10DAA00006F04EF930BB002070BD5B06006A1CD545
:10DAB00090F84534D4E902250933013ADBB245F147
:10DAC000FF35C3F1200CDA40203B05FA0CFC25FAA7
:10DAD00003F342EA0C021A430023013201F044F935
:10DAE0000028C5D1DFE70020704701F011FA0028B7
:10DAF000BED1D8E705F5047006F022F90028D2D08F
:10DB0000D5F840040368BDE870401B6A184700BFA1
:10DB100090F83130DB0601D40020704710B50022A8
:10DB200088B000230446FFF757FC08E020281BD1EB
:10DB30009DF900309DF80020002B15DB32B120222A
:10DB400069462046FFF762FB0028EFD194F8333096
:10DB50000822204643F0020384F8312084F8333051
:10DB6000FFF77EFF08B010BD002008B010BD00BF59
:10DB7000F0B5002783B006463C46394600223046C1
:10DB8000FFF7A6FA0546002857D00178C0295DD0D6
:10DB9000C12922D0852950D196F8313003F03703BE
:10DBA00083803C4B1B6883B10DF103020DF106012C
:10DBB00001A898479DF803306B75BDF80630AB811E
:10DBC0002B82BDF80430EB816B82326A92F81032FE
:10DBD00043F0010382F810322978A1F18500002377
:10DBE000B0FA80F04009E203012B42EA540211FA34
:10DBF00082F294B24FEAC43207D130B142EA540201
:10DC00002979042311FA82F294B20133202B01D036
:10DC1000E95CE8E7013796F83030F9B28B42ADD2D3
:10DC2000012206F12401306A01F0F0F828B1356ACA
:10DC30004480284606F084F8E8B996F8323000208F
:10DC400043F0010386F8323003B0F0BD96F833207C
:10DC5000437852064CBF43F0020303F0FD034370C8
:10DC6000D6E90423C0E90223F3694361D6E902231C
:10DC7000C0E90623A9E705F5047006F061F800285D
:10DC8000DBD0D5F8400403681B6A98470028DBD135
:10DC9000D3E700BF3400032038B590F8313043B3E8
:10DCA00090F93320044690F83330002A0CDB056AE3
:10DCB000284606F045F878B994F83230002043F051
:10DCC000010384F8323038BD03F07F0380F833302D
:10DCD000BDE83840FFF74CBF05F5047006F030F89A
:10DCE0000028E9D0D5F8400403681B6A984700284B
:10DCF000E2D0012038BD00BF70B590F83130054644
:10DD00005A064CD480682B6AD3F83C341844B0F1DE
:10DD1000806F01D3002070BD2846FFF757FE002812
:10DD2000F8D0286A0024AE6990F84534023E9E403F
:10DD3000D0F82C341E440522311900F5047006F089
:10DD400023F84FF4007200210028E3D013F018FFED
:10DD5000286A012390F845241C4493409C42EAD34E
:10DD600095F831305B0615D495F8332062F07F02C8
:10DD7000D5E9023185F83320D0F83C249B1841F1D5
:10DD80000000AB60D5E90431E8609B1841F1000167
:10DD9000C5E904312846BDE87040FFF77DBF006A41
:10DDA00001F0BAF9AFE700BF70B5044690F8310052
:10DDB0009CB0002310F0180F0C931A9303D0206A24
:10DDC0000B6A984202D000201CB070BD40F60123BF
:10DDD0006846FFF767FD0028F5D0A44604F1300639
:10DDE0000EADDCF800000CF1100C5CF80C1CAE461B
:10DDF0005CF8082C10355CF8043CB445AEE80F0024
:10DE0000EFD1DCF8000009AA04F1240328609DF892
:10DE1000305007CA83E8070094F83330204684F86E
:10DE2000305063F07F0384F83330FFF735FF00286C
:10DE3000C9D00021022208230EA815918DF86B206D
:10DE40008DF86930FFF70CFEBEE700BF38B591F8DA
:10DE5000313013F0500F02D10025284638BD40F66E
:10DE600002230446FFF72CFB0028F5D010232046A0
:10DE700084F83130FFF740FF05460028ECD0A16957
:10DE8000002200232046E161FFF7A6FAC12294F8A0
:10DE9000313084F83320002BDFD04123204684F832
:10DEA0003330BDE83840FFF763BE00BFF0B5002750
:10DEB00097B01E4690F831300192ADF81470149767
:10DEC000002B46D191F831300D4613F0500F40D061
:10DED0001378044611462F2B3ED001AB02AA2046F0
:10DEE000FFF756F9002834D0019B1B78002B41D056
:10DEF000002302AA29462046FFF7E2FA30B946B3CA
:10DF000002AA29462046FFF7A1FF10B3A44608AD98
:10DF100004F13007DCF800000CF1100C5CF80C1C6C
:10DF2000AE465CF8082C10355CF8043CBC45AEE805
:10DF30000F00EFD1DCF8000028602046FFF7E6F87C
:10DF4000019901AB02AA204608ADFFF721F900288C
:10DF5000CAD1002017B0F0BD013101910B782F2BF1
:10DF6000FAD0296A08A8FFF7FFF80028F1D0019934
:10DF700008ADB2E702AA29462046FFF767FF17B0AF
:10DF8000F0BD00BF2DE9F04F90F8314083B0240779
:10DF90009DF830909DF834A09DF838B09DF83C7005
:10DFA00063D5A2F2BC7294B27F2C5ED85A1E019344
:10DFB0000B2A5AD809F1FF321E2A56D8BBF13B0F63
:10DFC00098BFBAF1170F50D83B2F94BF4FF00008FD
:10DFD0004FF00108B8F1000F47D105460E46FFF794
:10DFE0005BFE002841D0019B7A0817F001074146EB
:10DFF00049EA431942EA4B1218BF642749EA44230D
:10E00000C14642EACA22444662F30F0963F31F493C
:10E0100000222846FFF75CF838B390F800C0BCF146
:10E02000850F4BD00CF14003DBB2012B1DD8ACF1B6
:10E0300085020021B2FA82F25209E303012943EA80
:10E0400054031CFA83F39CB24FEAC43307D132B1B4
:10E05000017943EA540311FA83F304219CB201319C
:10E06000202906D010F801C0E7E7002003B0BDE882
:10E07000F08F08F1010895F830305FFA88F18B4293
:10E08000C6D2012205F12401286A00F0BFFE002853
:10E09000EBD02D6A4480284605F052FE0028E4D0DB
:10E0A00005F5047005F04CFE0028DED0D5F84004DC
:10E0B00003681B6A03B0BDE8F04F184795F831308C
:10E0C0002A6A03F03703838092F8103243F0010389
:10E0D00082F81032F30748BFC0F81090B10702D59C
:10E0E0000775C0F80890730790F800C09FD5477572
:10E0F000C0F80C909BE700BF90F833309A075BD5CF
:10E10000C16970B5044682B081B313F040068569D9
:10E11000006A2ED090F845C4A2680CF1090CE6689C
:10E12000013A5FFA8CFC46F1FF3ECCF1200622FA60
:10E130000CF2ACF1200C0EFA06F62EFA0CFC32436F
:10E1400042EA0C020132EDB9E561019162BB63F074
:10E150007F03204694ED007B84F8333084ED027B0E
:10E1600084ED047BFFF798FD02B070BD012002B082
:10E1700070BD65B90191E56100F0CAFEC8B194F8BF
:10E180003330E4E70139491B0A44691CDDE701AA81
:10E190002946019600F056FE00280ADB0ED10199AF
:10E1A0000029ECD0206AE7E7002300F0DDFD00281D
:10E1B000E5D1002002B070BD002070474FF0FF3263
:10E1C000A169206A00F084FE0028E8D1F1E700BFD1
:10E1D0002DE9F84F90F8333004469D0740F1AF80A9
:10E1E00093461A070E4600F12881D4E90032BBF1AC
:10E1F000000F00F0D4805D464FF0010A206AA1694B
:10E20000D0F8382412EA03086FD1002900F0D88032
:10E2100094F833305B0640F1F08090F845C4D4E9BF
:10E2200002320CF1090C013B5FFA8CFC42F1FF3227
:10E23000CCF1200E23FA0CF3ACF1200C02FA0EFE06
:10E2400022FA0CFCE26943EA0E0343EA0C0313448E
:10E250008B4240F2D9800131A16190F84524023906
:10E26000D0F82C3491401944B5F5007F70D3B5F542
:10E27000806FD0F81CC2C0F0A9800AFA02F36A0AC3
:10E28000A3EB0803934228BF134661454FEA432896
:10E2900003D85A18624500F2C880D0F814023246FA
:10E2A000D0F800C0DCF82890C847002847D0434683
:10E2B000A5EB0805276846446268DB19D4E9040128
:10E2C00042F1000298429141C4E9003202D3002D8C
:10E2D00094D164E094F8331061F07F01C4E9043212
:10E2E00084F83310002D89D159E090F84524023983
:10E2F000C8F308094FEA58289140D0F82C3441441B
:10E300001944B9F1000FAFD0012200F5047005F0F7
:10E310003BFDA0B1C9F5007848443146A84528BF67
:10E32000A846C144424608F07FFAB9F5007FBED145
:10E33000206A00F5047005F003FD0028B7D194F8B9
:10E340003230002043F0010384F83230BDE8F88F0A
:10E35000226827696369BA42626872EB030333D2A9
:10E36000012200F5047005F00FFD0028E7D02A46D1
:10E37000314608F059FA20696169D4E90032EB1896
:10E3800042F1000298429141C4E9003207D294F868
:10E39000331061F07F01C4E9043284F83310D4E90A
:10E3A00002019842914150D32D4B1B682BB194F838
:10E3B000333063F07F0384F833305846BDE8F88F7C
:10E3C000E16949B3A16148E70522CAE7614506D181
:10E3D000002380F810324FF0FF33C0F81C32D0F821
:10E3E0001402324603685B6A98470028A7D04FF4AE
:10E3F0000073A5F5007598465CE704F1180200F07B
:10E4000021FD00289BDB04D12046FFF7DFFA00281E
:10E4100095D0A169206A20E72046FFF7D7FA0028A7
:10E420008DD0A169206AE16117E7002280F81022EF
:10E430004FF0FF32C0F81C222FE7D0E90423FEF78B
:10E44000CBFF00287FF4D1AE79E794F8331058461B
:10E45000C4E9023261F07F0384F83330AEE700BFD5
:10E460003400032069B170B5054608460C4613F028
:10E47000C7FF2B680246214628465B68BDE870400E
:10E480001847704783680146C3F3080363B100204F
:10E490000A69D0540133B3F5007FF9D1D1E9030201
:10E4A000096803685B6A1847012070478268034661
:10E4B000006940F2FF1CC2F30802815462455868AB
:10E4C00001EB7001986800F10100C3E9011001D06F
:10E4D00001207047D868196810B404684A1C646A3F
:10E4E0001A601A6923465DF8044B184738B58368EB
:10E4F000CAB20D460169C3F3080340F2FF1C04468B
:10E50000CA546345416802EB71024260826802F1BD
:10E510000102826005D0290A2046BDE83840FFF795
:10E52000C5BF0168C0684A1C03685B6A2260226933
:10E5300098470028EFD138BDF8B5002306460160A2
:10E540001D46C0E90133A8B205F070FDA84204469B
:10E5500007D0C1B23046FFF7A9FF00283BD1002009
:10E56000F8BD6C1CB4F5803F04D12AE00134B4F549
:10E57000803F04D0A0B205F059FDA042F6D0671B41
:10E58000B7F5007F1DD34FF6FF713046FFF7AEFFA2
:10E590000028E4D0B9B23046FFF7A8FF0028DED04B
:10E5A0002546B5F5803FCED13046BDE8F840FFF7AF
:10E5B00069BFC5F3072130460135FFF777FF002813
:10E5C000CDD0AC42E9B23046EBD9FFF76FFF00285F
:10E5D000EFD10020F8BDC4F307213046FFF766FFF6
:10E5E0000028BCD00135DCE72DE9F04F1F460B6851
:10E5F00089B08046DB690D461446C0E9031208461F
:10E600009847B0F5801F009011D25FB13B6815228A
:10E61000A54938465B6898473B680F22A3493846AE
:10E620005B6898470026304609B0BDE8F08F0023AC
:10E630000122009E01335200DBB201D09642F9D88C
:10E640001C2B009640F2DF80A3F10B09012249FA4E
:10E6500002F1C9F347098A4003910692013301226E
:10E660005B109A40059204229A400492022202FA18
:10E6700003F30193009A0021049B2046039E4AF66F
:10E68000552BD31A4FF40072F34003FA06FA0293A3
:10E69000019E13F075FA40F201132246B2440021A4
:10E6A000A4F8BF316FF4FC732846C4F8C661C4F8FF
:10E6B000C2312B68C4F8CAA15B6AA4F8FEB19847BE
:10E6C000002800F0EA804FF400720021204613F089
:10E6D00057FA029B009AF421E36504F17800744B29
:10E6E00084F86D904FF00009236003F16B6362665C
:10E6F00003F54F43059A26646D33A6654E46C4F86C
:10E7000048A0636042F2200323812023A3720423E4
:10E7100023664FF48073A4F86830092384F86C30C2
:10E72000012384F86E308023C4E9142284F86F300A
:10E730004FF4C37213F024FAA4F8FEB1A9F16A03EE
:10E74000012B40F2AE80A9F17003B3FA83F35B09A9
:10E75000002B40F0A68014F8092009F10109B9F551
:10E76000007F02EB7606E9D12A682846DDF804B07E
:10E77000D2F824A0224659460093D047002800F042
:10E780008C802A680BF10C012846CDF804B0D2F831
:10E7900024A02246D04700287FD0009B4A4620462E
:10E7A00004F2FF191946019B03F1010A13F0E8F97D
:10E7B0004AF65523CDF81C80A4F8FE31019B03F1E5
:10E7C0000902631E90469B4600935B4613F8012F97
:10E7D0004B4502EB7606F9D12B6822465146284676
:10E7E0005B6A9847002858D02B6822460AF10C0132
:10E7F00028465B6A984700284FD00AF10103434539
:10E800005AD09A46E1E71A2B4FF0080900F26281CC
:10E810004FF48043CDF80C9001934FF400430493E0
:10E820004FF4807306934FF40053059322E7029E42
:10E830000736F60806F2FF194FEA5929002F00F0B3
:10E84000CC803B6802221B4938465B689847069B90
:10E850004B45FFF4E1AE4FF400720021204613F067
:10E860008FF907232370B9F1000F00F016814FF0E4
:10E87000000A09E0BAF1000F01D184F800A00AF102
:10E88000010ACA4580F007812B6822460499284670
:10E890005B6A514498470028ECD1002F7FF4BCAE4E
:10E8A000C0E609F1010949E7801C0020E01C0020B6
:10E8B000EB769045BC1C00200AF1030A4FF400726D
:10E8C000002120469B46DDF81C8013F059F9009B7F
:10E8D00013F8012F4B4502EB7606F9D12B6822463F
:10E8E000594628465B6A98470028D6D02B682246AE
:10E8F0000BF10C0128465B6A98470028CDD00BF13C
:10E9000001018A4567D1231F04F5FE7243F8046FA5
:10E910009A42FBD12B68224628465B6A984700281A
:10E92000BBD02B680BF10D01224628465B6A984745
:10E930000028B2D02FB13B680C226E4938465B6884
:10E940009847019A0021059B2046002613444FF466
:10E9500000729A46029B4FEA830913F011F923468D
:10E960004FF0FF32F82109F2072903F8011BC4F820
:10E9700001204FEA592BDA604FEA99395A609A60C0
:10E98000C3F80F203B1E18BF0123009303E001369C
:10E99000B3453FF44CAFB6FBF9F309FB13633BB946
:10E9A000009B2BB13B680122534938465B6898476E
:10E9B0002B6822460AEB060128465B6A9847002826
:10E9C0003FF46BAF002EE2D14FF400723146204687
:10E9D00013F0D6F8DBE78B4679E7069B4B45FFF44F
:10E9E00021AE4FF400723946204613F0C9F80723D0
:10E9F0002370B9F1000F7FF43AAF069B4046049AAA
:10EA00009918FFF799FD00283FF40CAE039A4FF4D4
:10EA100000739340D8F808209A423FF603AE039B58
:10EA20004FF002094FF40072002109FA03FA049B27
:10EA300020469A4413F0A4F88123032284F820305E
:10EA40008223227084F840300023C4E90D96D8F860
:10EA5000041062656164D8F808209846C4E916235A
:10EA60002B6822460AEB080128465B6A984706464F
:10EA700000283FF412AFB8F1000F31D008F10108BF
:10EA8000069B9845ECD1002F3FF4CDAD1B4938468D
:10EA9000FFF7E8FCC7E5002FAFD03B681622184906
:10EAA00038465B689847069B049A40469918FFF7DA
:10EAB00043FD00283FF4B0AD039A4FF40073934038
:10EAC000D8F808209A423FF6A7AD0E493846FFF71E
:10EAD000C9FCA4E74FF48072CDF80C900692BDE516
:10EAE00041464FF4007220464FF0010813F048F8F9
:10EAF000B6E700BF981C002088260020D01C00200C
:10EB0000A81C0020C01C00202DE9F0410C46154631
:10EB100001F11E08AB89284634F8027F1BB9D5E9FC
:10EB200001239A420ED005F057F905F07FFA064608
:10EB3000384605F07BFA864209D14445EAD10120E6
:10EB4000BDE8F081B7FA87F04009BDE8F081002008
:10EB5000BDE8F0812DE9F04F90F8313083B0884660
:10EB6000002B42D090F830300746012B61D9013A92
:10EB700002230D4600248E18DFF8BCB0019300225A
:10EB800001993846FEF7A4FA78B30378C12B2CD14B
:10EB900000F11E0900F1020A4288002C47D002F55C
:10EBA000105189B2B1F5806F1FD2C2F309020BEA8E
:10EBB000842429461443324604F5803005F098F940
:10EBC000054690B1D1451FD03AF8024F04F52052C6
:10EBD00092B2B2F5006F0FD314B3294620463246E5
:10EBE00005F086F905460028ECD10023184688F880
:10EBF000003003B0BDE8F08FB2F5806FF5D2D1459B
:10EC000003D03AF8022FCAE70024019B03F1010A5E
:10EC10005FFA8AF31A46019397F830309342AED2E6
:10EC2000A5EB0800A846002388F80030E1E7144669
:10EC3000CCE70020F7E700BF00FC0F0070B50E46E0
:10EC400000234FF6FF75326819461C46B3813361C5
:10EC5000726017E005F0C0F8A84222D005F0E6F98E
:10EC60003369E203B1894FEA102C013342EA5402BE
:10EC7000336152FA80F0C0F34E0444EAC0341CFA07
:10EC800084F4A4B230460029E4D1D6E901239A42A3
:10EC9000E0D13069B4820138FE288CBF0020012009
:10ECA00070BD002070BD00BF2DE9F84F07468A46B1
:10ECB0009146002942D0A1F10208D7F830344345EB
:10ECC00042D908F007030125C8F3C80B9D40EDB2F7
:10ECD00046464446D7F82C140022384601EB14313E
:10ECE00005F052F8E8B10BF1FF3B834400F2FF104E
:10ECF0001BF8011F0AE04A452BD0A04510D0D7F8D9
:10ED00003054A54214D913F0FF050CD00134294228
:10ED10004FEA4503A4EB0602EDD0A0452646EED10E
:10ED20000120BDE8F88F83454FF00105E0D101E0F7
:10ED30000026344601254FF0000BCBE7D0F82084A5
:10ED4000D7F830344345BCD84FF000080125C346FE
:10ED5000BEE7BAF1000F04D1B9F1010F08BFC7F83F
:10ED60002064B01CBDE8F88F2DE9F8438046881E6A
:10ED700015461E468318D8F83024934236D8D8F862
:10ED80002014B6BB884238BFC8F8200400F007033F
:10ED90000124D8F82C74C0F3C8099C4007EB10314B
:10EDA000E4B2012240468F1804F0EEFFF0B100EB10
:10EDB000090200F5007092F800C063000CEA040E2E
:10EDC0008CEA040CBEF1000418BF0124B4420DD03B
:10EDD000013D82F800C016D013F0FF04EBD10132E0
:10EDE000A14601249042E6D13946DAE70020BDE889
:10EDF000F8838842CAD88B42C8D9934228BF0023DF
:10EE0000C8F82034C2E70120BDE8F88338B50C46C5
:10EE10000B6890F845C400F50470D0F82812023B46
:10EE2000656803FA0CF3294003EB5123D0F81C1258
:10EE3000194404F0A9FF18B16368C3F30803184428
:10EE400038BD00BF38B5D0F8303401338B4202D220
:10EE50004FF0FF3038BD0C46D0F82414154600F5AD
:10EE60000470002201EBD41104F08EFF0028EFD0D3
:10EE7000A400C4F3080403595A1C02D001202B60DB
:10EE800038BD002038BD00BF70B5D0F838340C460E
:10EE900049680B4011446160134490F8451401F136
:10EEA0000902D2B2D3408BB106465D1E02E0226059
:10EEB000013D0BD32168237A4A1C002BF7D122464F
:10EEC0003046FFF7BFFF0128F2D070BD012070BDB2
:10EED00001291BD938B5D0F830340C4601338B42A8
:10EEE00001D2002038BDD0F82414154600F5047076
:10EEF000012201EBD41104F047FF03460028F0D0B3
:10EF0000A4000120C4F308041D5138BD002070473F
:10EF10002DE9F04F05460C4683B04FF00008D5F8B8
:10EF2000303400F504790F4601339C423BD8D5F8C4
:10EF30002414002248464FEAD41B01EBD41104F0FC
:10EF400023FF80B3A300C3F30803C258511C2ED083
:10EF5000012C28D916464FF0010AD5F83024019328
:10EF6000013294421FD8D5F824140122484659444E
:10EF700004F00AFFB8B1019B40F80380BAF1000F1A
:10EF80001AD0631CB34208D0E21B0023394628463E
:10EF90000132FFF7E9FE30B13746D5F83034344658
:10EFA00001339C42C3D9002003B0BDE8F08F012C8F
:10EFB000F9D94FF0000AD0E7E21B534639462846FC
:10EFC0000132FFF7D1FE0028EDD003B0BDE8F08F8D
:10EFD0002DE9F84300258046D0F82C1400F504777D
:10EFE0002C46002238464E1C04F0CEFEA8B100F19B
:10EFF000FF3E04F58059D8F8300405E079B90834AB
:10F00000A04209D94C4516D01EF8011FFF29F5D1A1
:10F0100008340835A042F5D8401BBDE8F883082223
:10F02000012319424FEA430C18BF0135013A5FFA38
:10F030008CF3F6D1E3E73146D3E700BFF8B54FF0E4
:10F04000FF35002300F50477C0F84014C56004467E
:10F05000C0F81C52154641601A46C0F814121946F1
:10F0600080F84434037080F81032384604F08CFE87
:10F07000042D0DD8064658B1ADB1013D00EB051089
:10F0800090F8BE2112F07F0202D190F8C2310BB984
:10F090000020F8BDD0F8C6513846294604F074FE69
:10F0A00006460028F4D005221A49F01C12F01EFE74
:10F0B0000028EDD196F86C30092BE9D1336D01466B
:10F0C0002B44C4F82434736DC4F82834B36D2B4436
:10F0D0000125C4F82C34F36DC4F83034336EC4F811
:10F0E000343496F86D20C4F82004204602F1090358
:10F0F00084F8452405FA03F35A1EC4F83C34C4F8D6
:10F1000038242A46FFF7D0FD4023284684F84434AB
:10F11000F8BD00BFF01C0020F8B5D0F8303405462B
:10F12000D0F8344401339C4207D9002795F84504B0
:10F130000930C0B207FA00F0F8BD002700F50476E8
:10F14000D5F8241400223046013701EBD41104F025
:10F150001BFEA4000028E8D0C4F308040459631C73
:10F16000E4D0D5F830340133A342DED3E8E700BF62
:10F17000024638B552F8105F04468068294602F00E
:10F18000B3F950B1A3784DB101352269AA4218BF35
:10F1900003F0BF0363F07F03A37038BD43F0400367
:10F1A000F8E700BFF8B5047814F0200404D11A4B36
:10F1B000054642699A4202D300273846F8BDFFF758
:10F1C000D7FF07460028F7D0A8682E698279023E4B
:10F1D000436996401E44037943B913E012F0D0FC12
:10F1E0000134A868E3B202799A420AD9052231199A
:10F1F000283004F0C9FD4FF4007200210028EDD141
:10F20000DAE782794FF4007369693846934011FA5E
:10F2100083F36B61F8BD00BF00FE1F0010B504460C
:10F2200080680A462830A16904F0AEFD20B1A388A9
:10F2300003F00F0300EB431010BD00BF38B5CB68DF
:10F240000D4604461BB9017881B1002038BD232248
:10F250000021013012F094FC102201232270A370CF
:10F26000D5E90223A2602362012038BDAD682422C3
:10F2700012F086FCA560EB79102B03D0202B03D075
:10F280000C2BE2D1202200E0402201232270A37047
:10F29000EAE700BF38B50D46017809B1002038BD56
:10F2A0000446242212F06CFCA560EB79102B03D0ED
:10F2B000202B07D00C2BF1D12022012322701846DD
:10F2C000A37038BD4022F8E72DE9F04F837885B070
:10F2D0000546DF0759D500788846924606075DD473
:10F2E000840608D5AB685A896B69C3EB42139BB29D
:10F2F0009A4528BF9A46BAF1000F00F0B98005F18F
:10F3000010036A6956464FF00009019310F020047B
:10F31000AF68C2F3080B4FEA522159D03A6A114440
:10F32000BBF1000F41D1B6F5007F3ED37A6B8A4224
:10F330003BD0B6F5806FC0F08B802878730A8006CA
:10F3400005D43879A0EB0900834228BF03468A42DE
:10F350004FEA43240BD35818824208D207F1280001
:10F36000CDE9023104F0ECFCDDE9023168B1F86A64
:10F37000026857694246B84738B16A69361BA044EB
:10F3800022446A6174D02878C0E76B784FF0FF3070
:10F3900043F002036B7005B0BDE8F08FEB696A695A
:10F3A0009B1A9A4528BF9A46A5E7CBF50074002220
:10F3B00007F12800B44228BF344604F0E5FC0028D9
:10F3C000E3D000EB0B012246404607F02DFAD4E7CC
:10F3D00097F8059009EA0109BBF1000F10D1B9F1C6
:10F3E000000F0DD1A2B941064FF000094CBF396A98
:10F3F000296A29610239B8797A698140114492E712
:10F400002969B8797A6902394A448140114487E709
:10F41000020729690BD5AA78530608D54A1C013979
:10F42000A1462A61BA7991407A6911447BE7019A31
:10F43000384601F045FF0028A7DB13D0AF684FF036
:10F4400000092969BA79023991407A6911446AE759
:10F45000F86A424603681B699847002895D04FF424
:10F4600000748AE72B7813F0700F8ED0AAEB060A8F
:10F47000504605B0BDE8F08F70B582B00122044659
:10F480000DF10701D0E90465FFF71EFF01280CBF4D
:10F490009DF807004FF0FF30C4E9046502B070BD6D
:10F4A000436913F4F07F30B5044683B0C3F34315CA
:10F4B00009D0012907D120334361A068383000EB1F
:10F4C000451003B030BD01220DF107012046FFF7C2
:10F4D000FBFE40B2012803D163691F336361ECE78F
:10F4E0000020EEE70378DA0601D400207047436974
:10F4F00030B5044683B033B18378002223F0200373
:10F50000C0E90422837000230FE06361A3686A01ED
:10F5100038339A5C03EB4513EAB1E52A04D02E2A6E
:10F5200002D0DB7A1B0722D5636913F4F07FC3F3A3
:10F53000431503F12003E8D101220DF10701204614
:10F54000FFF7C2FE40B2012803D163691F33636134
:10F55000DCE763785BB9A3780822204643F0020316
:10F560002270A37003B0BDE8304001F0BFB90020A5
:10F5700003B030BD2DE9F041037804460769002B44
:10F5800039D00D464169A9423FD0002D37D0180728
:10F590002AD5E269AA422ED3D4F808C06E1EA278FA
:10F5A0009CF8060012F0400F00F10900C0B226FAE4
:10F5B00000F62DD14A1EC24009B196422CD25B06FC
:10F5C0004CBFDCF82030236A236104F1100806E008
:10F5D0002169013EA06801F073FE00280BDD424660
:10F5E000002EF5D1A2780CE09A06D5D5A3685B89E8
:10F5F000B5EB431FF6D900202761BDE8F081827882
:10F60000056122F020026561A2700120BDE8F08151
:10F61000236A33442361F4E7B61AD6E72DE9F041B3
:10F620000E46154600212422044698469DF818707F
:10F6300012F0A6FAB068336A00F13802A58005F02E
:10F640000F0502EB4512C4E90203D17A0B072ED451
:10F6500001F017012170D37A13F0180F02D141F095
:10F660000801217008F00303E770012B25D0022B5D
:10F670003CD0E3B918F4806F19D108F0080343F0C7
:10F680000103A370416B938AA161518B41EA03414D
:10F690002162D369E36118F4804F02D10120BDE8F3
:10F6A000F081E1692046FFF765FF0028F6D10023CD
:10F6B00018462370A370BDE8F08102232178CD069F
:10F6C000F5D4CE07F3D408F0080118F4806F43EAAC
:10F6D0000103A370416B958AA161518B41EA0541F9
:10F6E000D6D029B963F07F03A370D4E70323E5E7FD
:10F6F00001F046FF0028DAD0A378F3E70378002B67
:10F7000045D12DE9F0470B7884B00C4613F0700F0B
:10F7100030D04B6913F01F052CD106469046A94600
:10F7200001220DF10F012046C3F3431A5F09FFF7D1
:10F73000CBFD40B24FEA4A1201281BD16369A16890
:10F740001F3301F1380C63611CF802200CEB4A1CDA
:10F7500082B12E2A12D0A2F1E500B0FA80F0400961
:10F7600060B99CF80B1011F0080E12D00F2907D0C9
:10F770000546D5E7002004B0BDE8F0870025CFE7B7
:10F780005106CDD502F01F059CF80D90C8E700206A
:10F7900070478DB10CF1FF320CF10A0C4FEACE1319
:10F7A00012F8011F43EA5E03944551FA83F35FFAAE
:10F7B00083FEF3D1F145DDD14346BAB2214630464E
:10F7C0000095FFF72BFFD6E70378002B58D070B5D4
:10F7D00090F9023082B00446002B0DDBA56805F1DC
:10F7E000280004F0ADFA00283BD16378002043F0F4
:10F7F0000103637002B070BD80680122A1692830E6
:10F8000004F0C2FA0028F0D0A58805F00F056B01BE
:10F8100000EB4515C35CE52BE7D023781B0701D52A
:10F82000E369EB61236A17491A0C6B830E68AA829D
:10F8300066B10DF103020DF1060101A8B047BDF854
:10F840000430BDF806202B836B82EA82A378A5687A
:10F8500003F07F0305F12800A37004F071FA00287B
:10F86000C3D005F50E7004F06BFA0028BDD02868EF
:10F8700003681B6A98470028B7D0012002B070BD0A
:10F88000012070473400032010B50446FFF79CFFA9
:10F8900000232370A37010BD2DE9F041002594B022
:10F8A0009846037801920295ADF83850002B35D177
:10F8B0000B780E4613F0700F30D0137804461546BF
:10F8C0002F2B2DD000271CE0019D2D78002D40D03E
:10F8D00000F05AFEA6460DF1080CF8B102AEBEE8E3
:10F8E0000F00ACE80F00BEE80F00DEF80050ACE8F7
:10F8F0000F002046CCF80050FFF766FF019D2770EF
:10F90000A770294601AB0BAA204600F091FF0546DF
:10F9100000230BAA31462046002DD5D100201CE043
:10F920000135019529782F29FAD0B6682422B9B972
:10F93000204612F025F9A660F379102B03D0202B76
:10F9400022D00C2BEAD12022012322701846A3706A
:10F9500003E043460BAA00F017FE14B0BDE8F081A7
:10F96000002102A812F00CF90496F379102B03D0B1
:10F97000202B0BD00C2BD1D120238DF80830012364
:10F9800002AE8DF80A309DE74022DDE74023F4E720
:10F9900019B101F58961FFF77FBF0846704700BFC5
:10F9A0000B7813F0700F01D100207047F0B540F6CE
:10F9B000022389B00D46044600F0E6FD38B101226D
:10F9C00010232046A2702370FFF7ECFB10B9002033
:10F9D00009B0F0BD22692378226243B1636933B173
:10F9E000A378002223F02003C4E90422A370204658
:10F9F000FFF7EAFE0028EAD0A0680122A1692830BA
:10FA000004F0C2F90028E2D0B4F804C01022EE4697
:10FA10000CF00F0C4FEA4C1300EB4C1C8CF80B2035
:10FA2000C058236ADCF80410A7689E1EDCF8082082
:10FA3000DCF80C30AEE80F00BB79DCF81000DCF825
:10FA400014109E40DCF81820DCF81C30AEE80F00E3
:10FA500079694FF0203307F1280001223144CDF8B5
:10FA60000130CDF80530ADF8093004F08DF9844649
:10FA70000028ACD02E27EE466E468DF80070BEE80A
:10FA80000F00CCF80000CCF80410CCF80820CCF81B
:10FA90000C308DF80170BEE80F00CCF81000CCF8E7
:10FAA0001410CCF81820CCF81C302B6A1A0CADF8C6
:10FAB0001A30ADF814200FCECCF82000CCF824106A
:10FAC000CCF82820CCF82C300FCECCF83000CCF875
:10FAD0003410CCF83820CCF83C30A46804F128006D
:10FAE00004F02EF900283FF472AF04F50E7004F014
:10FAF00027F900283FF46BAF206803681B6A09B040
:10FB0000BDE8F040184700BF2DE9F041002694B051
:10FB1000984603780192ADF814600B96002B3FD104
:10FB20000B780D4613F0700F3AD013780446164642
:10FB30002F2B37D0002726E0019E3678002E4CD0A0
:10FB400000F022FD034602AA294620462BB9B8F14F
:10FB5000000F25D0FFF724FF10B3A6460DF12C0CA3
:10FB6000BEE80F00ACE80F00BEE80F00DEF8005062
:10FB7000ACE80F002046CCF80050FFF725FE0BAD97
:10FB8000019E2770A770314601AB02AA204600F003
:10FB90004FFE0646002302AA29462046002ECBD15E
:10FBA00000201DE00136019633782F2BFAD0AD6886
:10FBB000242200210BA811F0E3FF0D95EB79102B07
:10FBC00003D0202B0FD00C2BEAD120238DF82C3022
:10FBD00001230BAD8DF82E30ACE702AAFFF7E0FE53
:10FBE00014B0BDE8F0814023F0E700BF2DE9F043F9
:10FBF00003789BB0002613F0180F0896119606D0D4
:10FC000017468B68826804460D469A4203D000204E
:10FC10001BB0BDE8F083FFF7D7FDA6460DF1440CFD
:10FC2000BEE80F00ACE80F00BEE80F00ACE80F0024
:10FC3000DEF800303246A169CCF80030A36803F149
:10FC4000280004F0A1F80028E1D0A288EC4694F83E
:10FC5000009002F00F0200EB421E5201DEF8041089
:10FC60008058DEF80C30DEF808209EF80B80ACE8F7
:10FC70000F00DEF81410DEF81820DEF81C30DEF875
:10FC80001000ACE80F0019F008033A46294640F08E
:10FC90009A8008A8FFF738FF0028B8D0109EBDF85A
:10FCA000243000250E990122A3809DF82330A068FE
:10FCB000E3700B9B2830A161E3608DF820508DF834
:10FCC000225004F061F80028A1D0A38803F00F03AC
:10FCD00000EB4310DDF80D30C0F80D30DDF81130C9
:10FCE00080F80B80C0F81130DDF81530C0F8153001
:10FCF000DDF81930C0F81930BDF81D30A0F81D30FE
:10FD00009DF81F30C377002E3BD0A068B31E2A4653
:10FD1000817928308B4050F8141C194404F034F8D1
:10FD2000054600283FF473AF006A6F46696AAA6A05
:10FD3000EB6A0FC7286B696BAA6BEB6B0FC7314679
:10FD4000A06801F01DFC00283FF461AFA068236AA1
:10FD500082792830023B50F8141C93400122194448
:10FD600004F012F8064600283FF451AF6D460FCD5F
:10FD700030627162B262F3620FCD30637163B2635D
:10FD8000F36300210222082311A819918DF846205F
:10FD90008DF8443000F0AAFD00283FF438AFA46885
:10FDA00004F1280003F0CCFF00283FF430AF04F545
:10FDB0000E7003F0C5FF00283FF429AF20680368E8
:10FDC0001B6A984724E740F601236046FFF764FD6D
:10FDD00000287FF464AF1AE7F8B505460F461646CB
:10FDE000FFF7F2FC10B900242046F8BD0446A868CD
:10FDF0000022A969283003F0C7FF0028F3D0AB88A0
:10FE000003F00F0300EB4310C389028A20463A80B7
:10FE10003380F8BDF8B505460F461646FFF7D4FC0B
:10FE200010B900242046F8BD0446A8680022A9693C
:10FE3000283003F0A9FF0028F3D0AB8803F00F03AC
:10FE400000EB4310C38A028B20463A803380F8BD12
:10FE50002DE9F04F1E46037881B01F079DF82880DA
:10FE60009DF82CA09DF830B09DF8349019D5A2F2E1
:10FE7000BC7294B27F2C14D8731E0B2B11D808F1CE
:10FE8000FF331E2B0DD8BBF13B0F98BFBAF1170FF4
:10FE900007D8B9F13B0F04D805460F46FFF794FC8D
:10FEA00018B9002001B0BDE8F08FA8680122A96947
:10FEB000283003F069FF0028F3D048EA4613A988E8
:10FEC0004FEA5902FE0743EA442301F00F0142EAD8
:10FED0004B129BB200EB411042EACA2248BF438258
:10FEE000BC0792B208D519F001090382C28118BF7C
:10FEF0004FF0640980F80D90790701D50383C28221
:10FF0000AC6804F1280003F01BFF0028C9D004F5F9
:10FF10000E7003F015FF0028C3D0206803681B6A29
:10FF200001B0BDE8F04F184783789B0724D5016ADC
:10FF300030B5044683B091B10369FBB90191036206
:10FF4000A06801F01DFBA0B1A3782046626963F0B0
:10FF50007F03E261A370FFF737FC03B030BD0120DF
:10FF600003B030BD6FF070422169A06801F030FA33
:10FF700070B9002003B030BD00207047002501AAF1
:10FF800019468068019501F09BF9A842F1DBE9D19F
:10FF900001990029D8D0D3E72DE9F04783780446AA
:10FFA0009D076FD517461A070E4600F1CC8062698F
:10FFB000D31967D2002F00F082803D4604F110086B
:10FFC000A068C2F3080A216990F8059019EA52293D
:10FFD00036D1BAF1000F33D100297CD0A3785B066B
:10FFE0007FD5E36993427CD901312161023983795C
:10FFF000426999401144B5F5007F4AD3B5F5806F49
:02000004600199
:10000000426B77D303794FEA552CA3EB0903634581
:1000100028BF634691424FEA432940F28880C06A74
:100020003246D0F800C0DCF828A0D04750B3A5EB8A
:10003000090562694E444A446261002DC0D13EE028
:10004000023982794369914019444944BAF1000F59
:10005000D1D00122283003F097FE98B1CAF500797B
:1000600050443146A94528BFA946CA444A4606F02D
:10007000DBFBBAF5007FDAD1A068283003F060FE20
:100080000028D4D16378002043F001036370BDE8F9
:10009000F0876269E3699A4221D2A37813F0200FB6
:1000A00014BF05220122283003F06EFE0028E9D09B
:1000B0002A46314606F0B8FB62692A446261E36968
:1000C00093424DD32A4B1B681BB1A37863F07F0387
:1000D000A3703846DBE7216A01B3216186E7052278
:1000E000E1E7424601F0ECF80028CBDB32D0A06813
:1000F00021697BE7914205D1002380F828304FF039
:10010000FF334363C06A324603685B6A984700283E
:10011000B8D0A5F500754FF400798AE72046FFF7BF
:1001200027F80028AED02169A06821625EE703EBC2
:10013000010C94457FF673AF002280F828204FF021
:10014000FF3242636BE7C169FFF714FA00287FF4BE
:100150002EAF97E72046FFF70BF80028C7D191E7AD
:10016000A3783846E26163F07F03A3708FE700BF96
:10017000340003202DE9F04F84468BB014461568F7
:100180000646894601AF98464FF0000EBCE80F00C6
:100190000FC7BCE80F000FC7DCF8003065603B609C
:1001A000A4F80CE0B8F1000F40D04FF0010AA9EB21
:1001B0000A0101A889B24901FFF7DCF960B3002107
:1001C00001A8FFF76DF9074630B3002510E003F0F2
:1001D00003FE0346584601359B4603F027FF0346BE
:1001E00058469B4603F022FF834515D10D2D17D0AD
:1001F000EAB23946304600F0EFFEA3898346204636
:10020000002BE4D1D4E901329342E0D1BBFA8BF068
:1002100040090BB0BDE8F08F00200BB0BDE8F08FB7
:100220000AF1010A5FFA8AFAD045C0D20120F0E74C
:100230002DE9F04F84468DB01446894698460DF15D
:100240000C0E02F1150502F120060027BCE80F0094
:10025000AEE80F00BCE80F00AEE80F00DCF800309D
:10026000CEF80030FB0115F8012F43EA5703B542E1
:1002700052FA83F3DFB2F5D1236800266360A681CA
:10028000B8F1000F63D048F0400301250193A9EBBA
:10029000050103A889B24901FFF76CF900285CD079
:1002A000002103A8FFF7FCF8002856D00599A845BF
:1002B0004FF00F0C00F1010B91F828304FF0000ABD
:1002C00043F0010381F8283018BF2946019BA0F8AC
:1002D0000BC008BF19464FF00003477301704383FA
:1002E000A08918B9D4E901318B4210D0204603F01F
:1002F00073FDBAF1040F12D82BF8020B0AF1010AB0
:10030000A0890028F2D1D4E901318B42EED116B395
:100310000136BAF1040F4FF6FF70F6B2ECD9BAF11C
:100320000A0F06D8ABF803000AF1010A0BF1020B21
:10033000D6E7BAF10C0FABF8050004D00BF1020BB5
:100340004FF00C0ACCE70135EDB2A8459FD2012051
:100350000DB0BDE8F08F0126CBE700200DB0BDE861
:10036000F08F00BF02464FF0203152F8163B2DE9C6
:10037000F04FC0F8161084685160C2F807101A7860
:100380002E2A14BF0125002503D113F8012F2E2A90
:10039000FBD0611E994209D90A4601E093427BD005
:1003A000114612F801C9BCF12E0FF7D19C4270D949
:1003B0004FF0000E07274FF00808F446F14607E01B
:1003C00001330A274FF0080C4FF010089C4253D914
:1003D0001A782E2A08BF8B420CBF01260026EFD0C8
:1003E000222A38D07C2A36D0A2F15B0ABAF1020F59
:1003F00031D9A2F12A0ABAF1050F8CBF4FF0000AD9
:100400004FF0010A2D2A08BF4FF0000ABAF1000F81
:1004100021D1A2F13A0BBBF1050F1CD9A2F1210B9E
:10042000BBF15D0F49D867453BD28B4294BF002595
:1004300001250A2F08BF45F001057DB3837D202BE0
:1004400027D0037D012143F27E1203444175DA82F5
:100450000120BDE8F08F6745E7D35F220CF101056D
:10046000844401338CF81620EAB23546062A9446B5
:1004700098BF02759C42ABD8837D202B09D0002DFC
:10048000DFD019EA0E0F18BF4FF0020E80F815E00A
:10049000DEE70020BDE8F08F194687E70B46072707
:1004A00094E7A2F16106192E0ED8203A4EEA080E02
:1004B0002E46D2B25FFA8EFED0E702F0C002802A4A
:1004C000C9D10133554681E7A2F14106192E2E46C6
:1004D00098BF49EA0809C1E72DE9F84F62260024D0
:1004E0008846054691F8149001F11A0A4FF07E0BE8
:1004F00001F11607234BB9F1030F1B6828BF4FF01A
:10050000030923440AEB09009CB209F11B030338D9
:10051000434404F00F022409092A02F1370198BF6D
:1005200002F1300103F8011D9842F2D108EB0903F2
:100530000021284683F816B0FFF71CF80121284651
:10054000FEF7AEFF03460B22384693B193F800C086
:100550001946BCF1000F12D0DB7A1B07EED411F064
:1005600049FA0028EAD1013E16F0FF06C2D1304612
:1005700003E06878B0FA80F04009BDE8F88F012008
:10058000BDE8F88F340403202DE9F04F8DB0CDE99C
:1005900004030B7813F0700F54D0049B1B78002BCE
:1005A00050D1136990469F4A0E460C33A2FB032399
:1005B000C3F3870298F815309807069200F0E88098
:1005C000571CFFB2B368002130460993FEF7D2FFF3
:1005D000002308F116029B461C4699469A4608934A
:1005E00003920793756900213046FEF759FFC5F362
:1005F0004F15034620B30278E52A27D032B3BC4218
:1006000038BF00242E2A29D090F80BC0BCF10F0F60
:1006100000F090801CF0080C20D1B9F1000F40F0E0
:10062000DD800B22039911F0E5F90028DAD198F862
:10063000153013F0010300F0EC8001230793D1E79C
:10064000737873B100200DB0BDE8F08F002C08BFA7
:10065000AA46BC4201D20134E4B212B14FF0000903
:10066000C0E7059B9A05EDD503F00303013B012B81
:10067000E8D8002C40F08E80AA46002F40F09180F0
:10068000079B2BB141463046FFF726FF0028D9D003
:10069000013F42463046FBB203EB0A051F46ADB2AE
:1006A0002946FFF7C5FD0028CCD069013046FEF78A
:1006B00061FF0028C6D000213046FEF7F1FE044657
:1006C0000028BFD02022002111F05AFAD8F81620B5
:1006D000D8F81A302260636098F82030B8F81E20ED
:1006E000A372228198F8153003F0180323734E4B40
:1006F0001B68002B00F08F800DF12B020DF12E01F5
:100700000BA89847BDF82C302382BDF82E30E3812A
:100710009DF82B306373099A92F8283043F0010357
:1007200082F82830059B2A46314604980097FEF748
:1007300075FF88E7B9F1000F1CD102F01F0B069975
:1007400059457FF44FAF12F040093FF44BAF437B64
:1007500089460893BBF1010F7FF444AF691C4B46F7
:100760004246304689B2FFF705FD002808BF4FF02A
:10077000000937E70BF1FF3B5FFA8BFB5A457FF42B
:100780006DAF437B089A9342E4D04FF0000929E70C
:10079000012717E7BC4204D372E7DCB2A7427FF619
:1007A0006FAF00213046FEF77BFE631C0028F4D1BA
:1007B0007378002B7FF446AFA7427FF661AF099DA7
:1007C00006E02B7904EB0314E4B2A7427FF658AF9E
:1007D0003046FEF7E7FC0028F3D133E7BBF1010F09
:1007E0007FF430AF01380A336146CA0142EA510250
:1007F00010F8011F51FA82F28342D1B2F5D1089B61
:100800008B427FF41FAF4F46059B19053FF51AAF8A
:1008100088E71F46F8E745F621232383034B23612E
:1008200079E700BF4FECC44E34000320215A215A0F
:100830002DE9F04198460B7882B00C46202B1646E5
:1008400003D114F8013F202BFBD034602378002B18
:1008500035D02F2B33D00025234F06E002353561EC
:10086000B460217859B32F2929D0211D204601AA2F
:1008700003F090FB044698B10199B1F5803FEDD2A9
:100880007F2905F10105EAD8CBB21F2B08D9A3F1C6
:100890002200C0B21D2807D827FA00F0C30707D5E9
:1008A000002002B0BDE8F08103F0DF035C2BF7D03D
:1008B0002E29D6D02029D2D121780029D3D133694D
:1008C000013BFE2BECD82378202B03D114F8013FF9
:1008D000202BFBD02F2BF9D03046C8F8004002B0B7
:1008E000BDE8F041FFF73EBD01210035F0B5002322
:1008F0008BB0019383789A0724D5016A054619B114
:10090000806800F03DFEE8B101212846FEF786FC34
:10091000C0B1421E00F10A0C0024E30112F8011FCD
:1009200043EA5403624551FA83F3DCB2F5D1E5267C
:1009300000230670AF682B7007F12800AB7003F03E
:10094000FFF910B900200BB0F0BD07F50E7003F0F1
:10095000F7F90028F6D0386803681B6A9847002822
:10096000F0D0EB78002BEED0294601A8FEF766FC0C
:100970000028E7D0EB78002BE4D0012721E001A884
:10098000FEF78EFD7B1CF9B20028DBD0C27A0F2A5D
:10099000D8D102785FFA83FC9FB202F01F0399421C
:1009A000D0D1437BA342CDD10670A96891F82830FD
:1009B00043F0010381F8283053060DD4EB786345EA
:1009C000C0D3A98801A8C91B89B24901FEF7D2FD8D
:1009D00000210028D3D1B5E7AC6804F1280003F06A
:1009E000AFF90028AED004F50E7003F0A9F9002885
:1009F000A8D0206803681B6A9847A4E72DE9F8434C
:100A0000DDF82090A2B105460C469846571801E043
:100A1000BC420DD02B68494620465E6AC04721463D
:100A2000024628460134B0470028F1D1BDE8F883DA
:100A30000120BDE8F88300BF486810B50C4630B10E
:100A40000B894A8901339BB29A420B8101D92068F4
:100A500010BD0368012203495B68984700232068A2
:100A6000238110BD882600202DE9F047054686B079
:100A70008846924600214FF40072406A11F080F8D7
:100A8000286A28B103680C2239495B689847286AAC
:100A90006B6A4FF00009EE690AF1FF32DFF8E0C03F
:100AA000E968ADF810904C1CCDE902304FEA5A13BA
:100AB000ADF812303368DF6A674524D15AB301EBD1
:100AC0000A070AE02146029A30460134D04700283E
:100AD0003FD0A7421ED033680398D3F824A0002843
:100AE000F0D0BDF81030BDF8122001339BB29A420D
:100AF000ADF81030E6D8036801221E495B689847BC
:100B0000ADF81090DEE702AB2146304600931A4B59
:100B1000B847F0B1286A20B10368022217495B6820
:100B20009847B8F1100F4FF0F8016A6A4FF00103CF
:100B300014BF0C2004201170FF216A6AD1540133C4
:100B40009842FAD1E8696A6A0368E9685B6A98477B
:100B500018B9002006B0BDE8F087D5E90231E86990
:100B600019446A6A03685B6A984706B0BDE8F08773
:100B7000981C00208826002039EB0000BC1C0020B7
:100B8000FDEA000038B5436A4FF4007504460021C1
:100B90002A46184610F0F4FF4FF0203147F2EB627E
:100BA000A0F80B50C0F803100346C0F8071002214C
:100BB00002809020F822987094F82B005873208DB2
:100BC00019744AF655215A752269D881DA61A269E9
:100BD000A3F8FE111A6238BD70B504464FF40072D6
:100BE0000021406A10F0CCFF656A2269216805F295
:100BF000BF1003F017F9A369226905F2C310216839
:100C00001A44013A03F00EF994F82A204AF65523C3
:100C100085F8C2212269E069C5F8C621626AA16926
:100C2000A5F8FE310368C5F8CA1100215B6ABDE86A
:100C30007040184770B546694FF4807390F82BE008
:100C40000446A6F58072456A4360B2FBFEF202F2EA
:100C5000011C4FEA1C214FEA410C81600CF1A100FC
:100C600098420ED98033F21AB2FBFEF202F2011161
:100C7000090A4FEA410C0CF1A1008342F2D3C4E906
:100C800001311B1AA2F6F57103F18000B1F5704F26
:100C9000206146D20CF1210C8133204602FB0EC2AA
:100CA000E360B2F5803FA2612CBF0623042384F8E1
:100CB0002A3001232385FFF78FFF08B9002070BD7C
:100CC0002046FFF75FFFA16829224FF020338020E4
:100CD000E98285F8262036221749C5F82F30C5F855
:100CE0002B30C5F8323085F83A204FF4007285F881
:100CF0002400C5F83610114BE069C5F827300368A9
:100D0000A5F811202169626A5B6A98470028D5D04E
:100D100062682046E3681021D21ABDE87040FFF7F0
:100D2000A3BE206A0028C9D00368132204495B6867
:100D30009847002070BD00BF4641543187D612004D
:100D4000F81C0020F8B546694FF4005390F82BC00A
:100D50004FF48042A6F58041036142F2090E044639
:100D6000456A4260B1FBFCF101F18103DB0983605C
:100D70000EEB4300904240F2AC8002F50052B11AF3
:100D8000B1FBFCF101F18103DB090EEB43005F00D5
:100D90008242F2D3C4E901234FF6F473994240F240
:100DA0008E8001FB0C2CA2F500522046D21B92B281
:100DB00002F500532285484AE360ACF500539445A0
:100DC0008CBF4FF00C0C4FF00B0CA36184F82AC0C1
:100DD000FFF702FF08B90020F8BD2046FFF7D2FE5A
:100DE000A16829224FF020338020696285F84220D3
:100DF00032223A49C5F84B30C5F84730C5F84E3075
:100E000085F85620022285F84000C5F85210344B70
:100E1000E069EA622B63334A0368C5F843205B6AE2
:100E2000626A216998470028D5D0E0692169036882
:100E30000631626A5B6A98470028CCD04FF4007292
:100E40000021606A10F09CFE274BE069C5F8FC3178
:100E5000036821695B6A0231626A98470028BAD048
:100E6000E069216903680831626A5B6A9847002873
:100E7000B1D04FF0FF33E0691C4AC5E97A331C4B0F
:100E80002A60C5F8E43103682169626A5B6A01314E
:100E9000984700289FD0E06921690368626A07319A
:100EA0005B6A9847002896D0A268204694F82B30B9
:100EB000202103EB4202BDE8F840FFF7D5BD206AD0
:100EC000002888D0036813220A495B6898470020ED
:100ED000F8BD5F0060E700BF0004FB0046415433EB
:100EE0000100060087D61200000055AA5252614147
:100EF00072724161F81C002038B504460D68C1616A
:100F000008466262EA692362904700F2FF736061FB
:100F1000DA0AB3F5605F22601DD3B3F5084F10D233
:100F2000022384F82B302046FFF784FE0546206A12
:100F3000DDB120B103680D2222495B68984728463D
:100F400038BDB3F5843F19D3B3F5023F1AD2082355
:100F500084F82B30E7E7206A20B1036814221A498D
:100F60005B6898470025284638BD0028FAD00368FA
:100F70000F22164900255B689847F4E7042384F89C
:100F80002B30D0E7B3F5812F06D3114A934207D80F
:100F9000202384F82B30C6E7102384F82B30C2E7D7
:100FA0000C4A93420AD84023B0F5800F84F82B30C6
:100FB000B9D32046FFF7C6FE0546B8E7802384F87C
:100FC0002B30F6E7241D00200C1D0020341D0020CE
:100FD000FF072000FF070004042A04D801EB4201A8
:100FE000B1F8010070470A2A03D801EB4201888852
:100FF00070470C2A03D801EB4201C88870470020D3
:10100000704700BFF8B504780D4674B114F0600461
:10101000164605D0012A08D92F2301200B80F8BDE0
:101020002146FEF7FBF8014618B9002318462B703D
:10103000F8BD8646A44608202E27BCF1080F9EF86E
:1010400000301BD0A3F141020EF1010E192A12D873
:101050000A7B104201D02033DBB2621CB242E4D2E0
:101060002B55D4B20CF1010CBCF10C0FE5D10023CF
:1010700020462B55F8BD202BEFD1F3E7202BF6D0DF
:10108000631CB342D1D22F554FF0090CDCB21020B3
:10109000D3E700BF2DE9F04F00248BB003780F4653
:1010A0000194002B6ED0C3780546002B70D001460A
:1010B00001A81646FEF7C2F8002863D0E878002899
:1010C00000F08F80013EBA464FF001093E44A988E6
:1010D00001A8A1EB090189B24901FEF74BFA0028EA
:1010E00050D0002101A8FEF7DBF900284AD0C27ACF
:1010F0000F2A47D102785FFA89F102F01F028A4273
:1011000040D100F1010BB0F80120002C79D04FF054
:10111000000802F5105189B2B1F5806F32D23B4B15
:10112000C2F3090203EA8424144304F580305146D3
:10113000324602F0DDFE824620B3B8F10C0F08F112
:1011400001020BF1020C3ED0D1B2042925D8BBF824
:10115000024004F5205189B2B1F5006F44D2B1F5D7
:10116000806F0FD208F102080BF1040B5FFA88F2CE
:10117000042A3FD8BBF8002002F5105189B2B1F51E
:10118000806FCCD3002318463B700BB0BDE8F08FC6
:10119000FFF738FF0BB0BDE8F08F0A2994BFBCF809
:1011A0000340BCF8054004F5205189B2B1F5006F49
:1011B0001AD2B1F5806FE5D20C2A02F1010803D0F2
:1011C0000CF1020BD2E7002409F10109E9785FFA7A
:1011D00089F21FFA89F99142BFF479AFAAEB0700AF
:1011E000574600233B70D0E7002CF7D02046E3465B
:1011F00090469CE70A2A94BFBBF80320BBF8052061
:1012000087E71446DC460022CDE700BF00FC0F0054
:10121000FFF740BF2DE9F843DDE90898BBB105466B
:101220000C4616465F1803E00134C847BC420ED096
:101230002B683246214628461B699847034642469A
:1012400031462046002BEFD11846BDE8F883012334
:101250001846BDE8F88300BF10B41468B4F5807F69
:10126000A44628BF4FF4807C01EB4C00814207D29A
:1012700031F8023B13B95368013353608842F7D801
:10128000A4EB0C0414605DF8044B704710B41468B0
:10129000802CA44628BF4FF0800C01EB8C008142CB
:1012A00007D251F8043B13B95368013353608842A5
:1012B000F7D8A4EB0C0414605DF8044B704700BF32
:1012C000012951D92DE9F843C3690C4605468B42E3
:1012D00046D3C3791646202B49D0102B61D00C2B56
:1012E0003ED1C1F34E03826900F50E7913FA81F302
:1012F0009FB2C3F3462303EB0208027A4846A2F1E9
:1013000002024146B2FA82F25209520002F03CFD5A
:1013100030B3C7F308077B1CC75DB3F5007F11D05E
:101320001844037847EA0327E3073FB24CBFC7F3EB
:101330000B17C7F30B07EA6997422FD801203760D4
:10134000BDE8F8832A7A08F101014846A2F10202B9
:10135000B2FA82F25209520002F016FD0028E0D1E2
:101360004FF0FF30BDE8F8834FF0FF307047027A4E
:10137000816900F50E70A2F1020201EBD411B2FAFC
:1013800082F25209520002F0FFFC0028E8D0A400CB
:10139000EA6904F4FE7407599742CFD90020BDE8EA
:1013A000F883027AC1F30721836900F50E70A2F178
:1013B00002021944B2FA82F25209520002F0E4FC2D
:1013C0000028CDD0640004F4FF74075BB3E700BFCE
:1013D00001293ED92DE9F843C3690C4605468B42E5
:1013E00034D3C3791646202B35D0102B48D00C2B84
:1013F0002CD1C1F34E03826900F50E7913FA81F303
:101400001FFA83F8C3F346239F18037A4846022B3A
:1014100039460CBF0322012202F0B6FCB0B1C8F37A
:10142000080314F0010440F2FF12F1B203F1010CC1
:101430003AD19342C15445D0C6F3071260440378B1
:1014400023F00F0343EA1212027016E00020BDE8F9
:10145000F88300207047037A816900F50E70022B33
:1014600001EBD4110CBF0322012202F08DFC0028F5
:10147000ECD0A40004F4FE7406510120BDE8F8830A
:101480008369C1F3072100F50E7019442B7A022BF2
:101490000CBF0322012202F077FC0028D6D06400A2
:1014A00004F4FF740653E8E7C25CBCF5007F02F069
:1014B0000F0242EA0112C25404D0C6F3071260447C
:1014C0000270DAE72B7A791C4846022B0CBF032204
:1014D000012202F059FC0028B8D0C6F30712002CF4
:1014E000ADD00270C9E700BF2DE9F041C46882B0F9
:1014F00005460E468C42174631D20C464FF0000886
:101500000134EB6901AA2846A34208D2B8F1000FC2
:101510002FD1EC684FF001084444A34229D3A642DE
:10152000214626D0FFF7CCFE431C22D00028E7D06E
:10153000019B002BE4D1B8F1000F00D0EC606FF0FC
:10154000704221462846FFF743FF804688B14EB9D6
:101550006B6A002B01DB013B6B623C600BE04FF0E0
:101560000108CDE7314622462846FFF731FF002823
:10157000EED14FF00008404602B0BDE8F08100BF58
:1015800070B5044682B00D460FE0FFF721FF6A1EDA
:10159000B0B1636A002B03F10103A8BF6362E36883
:1015A000AB42019D88BFE2605EB101AA2946204698
:1015B000FFF786FE064600222946731C2046E4D12A
:1015C000002002B070BD00BF2DE9F0470546406A1B
:1015D00084B000281EDAE979EF690C2907F10103CC
:1015E0001BD1022B40F2BD800224002607E010B17F
:1015F000029A02B90136BC421C4600F0A28002AA3F
:1016000021462846FFF75CFE421C04F10103EED19F
:101610004FF0FF3004B0BDE8F08795F83822002085
:101620000293D3072C69039071D400234FF0FF324B
:10163000D5F80080202985F8383205F51277C5F8ED
:101640004422D8F80020AE69D2F81890464B2DD02D
:10165000994565D1002C6FD004EB0609136931461A
:101660003A46404698470028D2D0DDF808E0BEF55B
:10167000807FF24628BF4FF4807A07EB4A0C67451B
:101680000BD2039A3B46002133F8024B0CB90132CE
:1016900001466345F8D301B103920136AEEB0A036C
:1016A000B145029348D0D8F80020D7E799454CD1EE
:1016B000002C41D03444136931463A46404698479D
:1016C00084460028A4D0DDF80890B9F1800FCA46FE
:1016D00028BF4FF0800A07EB8A018F420ED2039891
:1016E0003B464FF0000E53F8042B0AB90130E64692
:1016F0008B42F8D3BEF1000F00D003900136A9EB66
:101700000A03B442029317D0D8F80020D3E705F5B6
:101710000E7002F015FB00283FF47AAFE97984E7F8
:10172000234602AC3A463146019440460F4C0094A1
:10173000C84700283FF46CAF0398686204B0BDE866
:10174000F087304604B0BDE8F087234602AC3A4645
:10175000314601944046064C0094C8470028EBD11E
:1017600056E7002056E700BF15F3000059F30000CC
:101770008DF3000070B50446012000231546E0609B
:101780004FF0FF302160E371E16284F8283060633C
:10179000C4F83C1284F83832C4F84402E2B1042A96
:1017A00001D9002070BD04F128061A4619463046BA
:1017B00002F0EAFA6FF0704300F5DF722B441D016E
:1017C00002EB03130028ECD019790029E9D0525D0F
:1017D0005206E6D19D6801E004F128060022294660
:1017E000304602F0D1FA0028DBD0B0F80B30B3F568
:1017F000007FD6D1037C5A1E2372012AD1D890F8DB
:101800000DC00CF1FF33BCF1010F84F804C063710B
:1018100045D0012213465B00511CDBB29C4505D02C
:10182000CAB2092AF7D10823A371BAE71646A271F2
:10183000C18A216109B9416A2161C289B0F81130B8
:101840002A4463815B01A26190F810C003F2FF1388
:1018500001FB0C2202EB53232262B0F813206361D8
:1018600002B9026AED1AAB18F3405A1CE2614FF05C
:10187000FF32626240F6F47293420CD94FF6F47272
:1018800093420AD9C26A202322620120E3712163B4
:10189000C4F8401270BD0C23F7E71023F5E70023CE
:1018A0001E46A371C4E700BFF8B500268F6B0D4636
:1018B0000446C0E90E6697B10146242000F0D2F834
:1018C0000660AD6B8446A0630FCDACE80F000FCD72
:1018D000ACE80F002B68CCF800302046F8BDCB6B8D
:1018E000002BFAD00146382000F0BCF80763EB6B00
:1018F0000246E06303F130011F68103353F80C6CAB
:10190000103253F8085C53F8040C8B4242F8107CF8
:1019100042F80C6C42F8085C42F8040CECD11B68ED
:101920001360DAE710B50446806B10B1FDF7ACFF29
:1019300030B9E06B10B1FBF7E9FB28B9002010BD0E
:101940000023A363012010BD0023E363FAE700BF77
:1019500000294DD02DE9F0410446806B0D46174615
:101960001E4610B1FDF790FF78BBE06B10B1FBF79E
:10197000CDFB90BBD5F88084B8F1000F11D0214683
:10198000242000F06FF8334600263A460660A06334
:10199000D5F88014FDF7FCFF38BBA0630020BDE83C
:1019A000F081D5F88434002BF8D02146382000F09F
:1019B00059F83346C0F830803A46D5F88414E063CD
:1019C000FBF7EAFF88B9E063E8E70023D5F88084F5
:1019D000A363B8F1000FD2D1E3E70023D5F88084E8
:1019E000E363B8F1000FCAD1DBE70120BDE8F08165
:1019F00000207047F8B50446806B0D46174610B1BD
:101A0000FDF742FF28BBE06B10B1FBF77FFB28BB63
:101A1000AE6B76B12146242000F024F800213A462E
:101A20000160A063A96BFDF769FE80B9A063002087
:101A3000F8BDEB6B002BFAD02146382000F012F8ED
:101A40003A460663E063E96BFBF7AEFF20B1012085
:101A5000F8BD0023A363DBE7E063E8E70023E3636B
:101A6000D6E700BF084670472DE9F041002604463E
:101A70001F46C0F88814C0F8806401464FF4906097
:101A80009046FFF7EFFF3A46C0F844640546C0F8B9
:101A90007864C4F88404D4F88814FDF7CFFA98BBAE
:101AA0000026214640F26C40C4F88464FFF7DAFF58
:101AB0004FF40073C0F848643A46A0F80730054672
:101AC000D4F88814C4F88004FFF754FE38B9002312
:101AD0001A4A18461360C4F88034BDE8F08105F551
:101AE00089663046FDF7D0FE29463046FDF7D2FB29
:101AF0000028ECD0124B1A68AAB91D600F4BB8F140
:101B0000000F14D01C6015E005F589663046FBF720
:101B1000FDFA29463046FBF727FB0028C0D0094BC9
:101B20001A68002AE9D0054BB8F1000FEAD11A680B
:101B3000002AE7D00120BDE8F08100BF5C0003204F
:101B4000600003203C00032070B500254FF47A7636
:101B50000446456005738660C0E91255034D40F8A0
:101B6000105BFFF7F5FE204670BD00BF900A002015
:101B70004FF0FF30704700BF407C7047007D7047DA
:101B8000407D704701207047007F70472DE9F0418C
:101B90001F46C37C05460E46022B144624D02B68F4
:101BA000314628461B6E984778B1AE6187B1002652
:101BB00001E0B7420CD02A68214628460136D26D92
:101BC00004F5007490470028F3D10020BDE8F081AF
:101BD000AB69287F3B44AB610028F7D12B682846CE
:101BE0005B6EBDE8F041184783698B42D7D1DDE7D2
:101BF0002DE9F0471F46C37C05460C46022B924652
:101C0000DDF8208028D02B68214628461B6E984797
:101C100098B1AC61BAF1000F12D004EB0A0901E0EF
:101C2000A1450DD041462046B8472B6801462846BD
:101C3000DE6D0134B0470028F2D10020BDE8F08706
:101C4000AB69287F5344AB610028F7D12B68284645
:101C50005B6EBDE8F047184783698B42D3D1D9E763
:101C6000704700BF043002F03DB800BF10B5044615
:101C7000202103F0E1F8204610BD00BF2DE9F0411E
:101C8000204E074600F10408356805F51675ADB21B
:101C900003E03368EB1A1B0410D4404602F026F828
:101CA000FF280446F5D1FD21404602F039F8BB7CFF
:101CB000D3B900230120FB74BDE8F0811E22BB7C58
:101CC0007A7413B90020BDE8F0810121387C01F05D
:101CD00037FFFF21404602F023F8404601F0DAFFCB
:101CE00000230020BB74EEE70121387C01F028FFBF
:101CF0002146404602F014F8404601F0CBFF002395
:101D0000BB74D6E7340403202DE9F041C37C012BDA
:101D100035D0867C04464EB1043001F0E7FFB0F1C7
:101D2000FF0518BF01252846BDE8F081071D4FF0CB
:101D30000108384601F090FF3146207C01F000FF99
:101D4000FF21384601F0ECFF384684F8128001F09C
:101D5000CDFFA37CB0F1FF0518BF0125002BE2D019
:101D60004146207C01F0ECFEFF21384601F0D8FF0F
:101D7000384601F08FFF2846A674BDE8F0810025A3
:101D80002846BDE8F08100BF2DE9F843204F044606
:101D9000884691463D68061D05F59675ADB203E08F
:101DA0003B68EB1A1B040ED4304601F09FFFFF285E
:101DB0002075F5D0FE2819D01822A37C62743BB997
:101DC0000020BDE8F8831D22A37C6274002BF7D0AD
:101DD0000121207C01F0B4FEFF21304601F0A0FF7C
:101DE000304601F057FF0023A374E9E74A46414615
:101DF000304601F087FF207538B9304601F076FF94
:101E0000304601F073FF0120DBE72522D5E700BF54
:101E10003404032070B5002604460C213246C674F3
:101E200000F054F8A37C90B90BB9012070BD261DB9
:101E300005460121207C01F083FEFF21304601F0A0
:101E40006FFF304601F026FF0120A574EEE709225E
:101E500062740BB9002070BD251D0121207C01F0AA
:101E60006FFEFF21284601F05BFF284601F012FFBC
:101E7000A674EFE7C27C022A03D0012A04D0012015
:101E8000704703685B6E1847FFF7C4BF38B5036837
:101E90000D460D4904461A6A8A420CD1C27C022AB8
:101EA00004D0012A0BD00120257738BD5B6E9847FE
:101EB0000028F8D138BD90470028FBD0F3E7FFF7A2
:101EC000A9FF0028F6D0EEE775FF00002DE9F041EC
:101ED000036882B00F463549019206461A6A8A4263
:101EE0005ED1C27C022A44D0012A5BD0B47C351D6D
:101EF000002C44D00C2F11D0DFF8B480D8F800406B
:101F000004F59674A4B204E0D8F80030E31A1A0479
:101F100043D4284601F0EAFEFF28F5D10DF104086C
:101F200002AC47F04001284601F0FAFE14F8011D0A
:101F3000284601F0F5FE4445F8D1002F28464FF021
:101F40000A0414BF8721952101F0EAFE284601F01A
:101F5000CDFE2846013C01F0C9FE0306A4B230754F
:101F600002D402B0BDE8F081002CF2D102B0BDE88D
:101F7000F0815B6E98470028B8D1FF20F1E7284632
:101F800001F06AFE2146307C01F0DAFDFF2128468F
:101F900001F0C6FE0123B374ACE7002FBED0ECE71E
:101FA0009047E8E7FFF736FFE5E700BF75FF000061
:101FB000340403202DE9F04788B005464FF00008AF
:101FC000174601AC2E1D85F8128085F8118085F822
:101FD000158084E80E009DF80400287401F0ACFD23
:101FE0000121287C01F0ACFD6B490723C5E90213F0
:101FF00094E8070005AB83E8070030460ECB01F0FC
:1020000035FEAC7C85F81380002C68D00A240121B1
:10201000287C01F095FDFF21304601F081FE611E14
:1020200011F0FF04F7D121460A24287C01F088FD35
:10203000002228461146FFF749FF012804F1FF332B
:1020400004460BD013F0FF04F2D10122AB7C6A747A
:10205000002B52D1002008B0BDE8F0874FF4D572B4
:1020600008212846FFF732FF420754D56C752B68CC
:10207000DFF828A19B6D53455ED16C7DA4F102046D
:10208000DFF81C91B4FA84F4D9F80030640903F540
:10209000FA68A4071FFA88F805E0D9F80030A8EB21
:1020A00003031B0446D4002237212846FFF70EFF06
:1020B000224629212846FFF709FF0028EDD12B6889
:1020C0009B6D534563D1687D022847D0AB7CBBBB79
:1020D00007230120C5E9027308B0BDE8F087304648
:1020E00001F0BAFD2146287C01F02AFDFF2130468F
:1020F00001F016FE0123AB7488E70121287C01F072
:102100001FFDFF21304601F00BFE304601F0C2FDFD
:102110000023AB749EE7022304246B75304601F064
:10212000E5FD631E287513F0FF04F7D1AA289ED0A1
:1021300006228BE7172289E72846984704469DE741
:102140000121287C01F0FCFCFF21304601F0E8FD74
:10215000304601F09FFD0023AB74B9E700223A211D
:102160002846FFF7B3FEA8B9304601F0BFFD00F0E6
:10217000C003C02B01D103236B75304601F0B6FDBF
:10218000304601F0B3FD304601F0B0FD9EE7284631
:10219000984799E7122259E7801A060081FC00004F
:1021A00034040320F8B500220D463A210646FFF715
:1021B0008DFED8B92C1D371D384601F097FD04F867
:1021C000010DAC42F8D1B37C0BB90120F8BD01215F
:1021D000307C01F0B5FCFF21384601F0A1FD384606
:1021E00001F058FD00230120B374EFE71222B37C05
:1021F00072740BB90020F8BD341D0121307C01F050
:102200009FFCFF21204601F08BFD204601F042FD9E
:102210000023B374EEE700BFF8B51646002204466B
:10222000FFF754FEA8B11B236374A37C13B90026E7
:102230003046F8BD251D0121207C01F081FCFF21E5
:10224000284601F06DFD284601F024FD0023A3740B
:10225000EDE73146054610222046FFF795FD06467C
:102260000028E2D0A37C002BE2D0271D207C012196
:1022700001F066FCFF21384601F052FD384601F0BE
:1022800009FD3046A574F8BD0368274ADB6C93420C
:1022900000B585B010D16A460921FFF7BDFF40B1F6
:1022A0009DF800303F2B0AD903F0C003402B29D002
:1022B000002005B05DF804FB69469847EFE79DF8FC
:1022C00009209DF80A309DF80610C2F301029DF81E
:1022D0000700C3F3C01301F0030143EA42039DF872
:1022E0000520800002F00F025BB240EA81209DF8D9
:1022F0000810134440EA9110073B0130984005B0A4
:102300005DF804FB9DF809009DF8073001309DF849
:10231000082003F03F0300EB034000EB02208002A3
:1023200005B05DF804FB00BFBD07010003680A4665
:1023300030B59B6D83B0164D0446AB4215D1407D40
:1023400003284FF01201204618BF5202FFF7BEFDCE
:1023500020B901231846E37403B030BD0C22A37CDE
:10236000627433B9002003B030BD01919847019ADF
:10237000E6E7251D0121207C01F0E2FBFF21284634
:1023800001F0CEFC284601F085FC0023A374E9E7A8
:1023900081FC0000F8B51446C27C06460D46012AB1
:1023A0001F4602D183698B4205D029463046FFF78C
:1023B000BDFF80B1B56187B1002501E0AF420CD00F
:1023C00021464FF400723046013504F50074FFF7E2
:1023D000DBFC0028F2D10020F8BDB369307F3B441C
:1023E000B3610028F8D13046BDE8F840FFF712BDD0
:1023F0002DE9F84F9B46C37C06460C46012B15463B
:10240000DDF82890DDF82C8002D183698B4205D05D
:1024100021463046FFF78AFFB0B1B461BBF1000F2F
:1024200015D004EB0B0A03E00134C847A2450ED0D7
:102430004FF4007229463046FFF7A6FC0746424695
:1024400029462046002FEFD10020BDE8F88FB36960
:10245000307F5B44B3610028F7D13046BDE8F84FC8
:10246000FFF7D8BC03682DE9F0415F69164B9F4226
:102470001FD1C37C04460D461646012B02D1836949
:10248000994205D029462046FFF750FF70B1A5615B
:102490004FF4007231462046FFF776FC30B1A36955
:1024A000207F0133A36148B1BDE8F0810020BDE881
:1024B000F081BC460123BDE8F04160472046BDE8FD
:1024C000F041FFF7A7BC00BF9504010003680A466E
:1024D00030B59B6D83B0164D0446AB4215D1407D9F
:1024E00003284FF01901204618BF5202FFF7EEFCF7
:1024F00020B902230120E37403B030BD0E22A37C77
:10250000627433B9002003B030BD01919847019A3D
:10251000E6E7251D0121207C01F012FBFF21284662
:1025200001F0FEFB284601F0B5FB0023A374E9E7A8
:1025300081FC000003682DE9F043DB6C1746404A3C
:1025400085B004460E46934244D16A460921FFF7FE
:1025500063FE0546B5B19DF80A305A0619D5637D6C
:10256000032B01D076027F02324620212046FFF75E
:10257000ADFC28B93A4621212046FFF7A7FC68B3F5
:1025800026236374A37CB3B90025284605B0BDE8B3
:10259000F083C3F305029DF80B30C3F3C01343EA85
:1025A00042037A1C5BB232431342D8D027236374B0
:1025B000A37C002BE8D0251D0121207C01F0C0FA6E
:1025C000FF21284601F0ACFB284601F063FB002305
:1025D000A374D9E7694698470546BBE7024626211A
:1025E0002046FFF773FC0028CAD1DFF8588042F27A
:1025F000107704F10409D8F800301F44BFB204E09A
:10260000D8F80030FB1A1B0416D4484601F06EFBC4
:10261000FF280646F4D1A37C002BB6D00121207CF4
:1026200001F08EFA3146484601F07AFB484601F047
:1026300031FB0023A374A8E728236374A2E700BF3B
:10264000BD07010034040320F8B500220E460A211C
:102650000446FFF73BFCA8B11B236374A37C13B9AA
:1026600000263046F8BD251D0121207C01F068FAC6
:10267000FF21284601F054FB284601F00BFB002304
:10268000A374EDE73146054610222046FFF77CFB98
:1026900006460028E2D0A37C002BE2D0271D207C38
:1026A000012101F04DFAFF21384601F039FB38468F
:1026B00001F0F0FA3046A574F8BD00BFF8B500226D
:1026C0000E4609210446FFF701FCA8B11B236374E1
:1026D000A37C13B900263046F8BD251D0121207CBE
:1026E00001F02EFAFF21284601F01AFB284601F0DE
:1026F000D1FA0023A374EDE73146054610222046A7
:10270000FFF742FB06460028E2D0A37C002BE2D074
:10271000271D207C012101F013FAFF21384601F02A
:10272000FFFA384601F0B6FA3046A574F8BD00BF8E
:1027300070B5051D16460446284601F0F1FA4FF41F
:1027400000723146284601F0F5FAFF21284601F0D3
:10275000E7FAFF21284601F0E3FA284601F0C6FA1D
:1027600000F01F032075052B05D02022A37C627486
:102770001BB9002070BD012070BD0121207C01F03B
:10278000DFF9FF21284601F0CBFA284601F082FA52
:1027900000230020A374EDE72DE9F041184D064613
:1027A0000F4600F104082C6804F51674A4B203E087
:1027B0002B68E31A1B040CD4404601F097FAFF285B
:1027C000F6D13A46FC213046FFF7B2FF18B1BDE81A
:1027D000F08124237374B37C13B90020BDE8F08129
:1027E0000121307C01F0ACF9FF21404601F098FA5C
:1027F000404601F04FFA00230020B374EEE700BF1B
:1028000034040320F8B503681646224A04469B6D3B
:102810000D4693423BD1407D03284FF018012046DE
:1028200018BF6D022A46FFF751FB0546A8B10D23DC
:102830006374A37C13B900263046F8BD251D012121
:10284000207C01F07DF9FF21284601F069FA284635
:1028500001F020FA0023A374EDE73246FE21204662
:10286000FFF766FF06460028E3D0A37C002BE3D0E9
:10287000271D207C012101F063F9FF21384601F07A
:102880004FFA384601F006FA3046A574F8BD98476D
:10289000C2E700BF81FC000010B4047F34B10468BB
:1028A0000123A46AA4465DF8044B60475DF8044B1D
:1028B000FFF7A8BF10B584B004460DF1040C8CE8F6
:1028C0000E009CE80E00FFF775FB20B19DF8053067
:1028D00003F00103237704B010BD00BF0020704750
:1028E0000020704700207047704700BF084B002150
:1028F000084A094810B499631C6B146012685DF8AB
:10290000044B1A639A6C22F081029A64017070473A
:1029100000002C4030000320EE040320034B586AD3
:1029200080F08070C0F30060704700BF00002C4052
:10293000014B1878704700BFEE0403202B4A2C4B44
:10294000526AD3F800312B49C2F3C22203F03F038D
:10295000013270B5284C4FF47A75A4FB034305FB94
:1029600000F09B08B1FBF3FEBEFBF2FEB0EB1E1FB6
:1029700035D201231E465B001A01BEFBF2F28242F1
:1029800001D9FF2BF6D9BEFBF3F2360290422AD2D0
:102990004FEA430C012200E0A44615460CEB030469
:1029A0000132BEFBFCF1814217D9102AF4D1F02587
:1029B0004FF47A73114A124903FB0CFCBEFBFCF383
:1029C0000B60D36A6FF313132B43334343F4602339
:1029D000D362536A1B07FCD570BD2D01E8E7724630
:1029E00000260123D2E79C460025E1E700C00F4006
:1029F00000800D4000EC695EABAAAAAA00002C4042
:102A0000E4FF0220014B1878704700BFCF3B002045
:102A1000014B1868704700BF3000032010B4074C0A
:102A20008C460FCCCCF800000120CCF80410CCF878
:102A30000820CCF80C305DF8044B704704000320EC
:102A400010B4074C8C460FCCCCF800000120CCF819
:102A50000410CCF80820CCF80C305DF8044B70471B
:102A600014000320024B01201B680B60704700BF5D
:102A700024000320704700BF10B504460C2102F06B
:102A8000DBF9204610BD00BF044B1B7823B1044B7B
:102A900018780230C0B2704701207047EB04032061
:102AA000EC040320194B1A783F2A11D902F0C00216
:102AB000402A01D000207047587ADA79197A01301B
:102AC00002F03F0300EB034000EB0120800270475F
:102AD000597A9A7A93F806C0C1F30101D879C2F302
:102AE000C0120CF0030C42EA41025979800040EA1E
:102AF0008C2093F808C053B201F00F0240EA9C10FA
:102B000013440130073B9840704700BF1400032076
:102B1000404A0520404938B5D2F800413F4B44F0C7
:102B200080043F4DC2F80041D2F8004124F03F0438
:102B3000C2F80041D2F8004144F01804C2F8004144
:102B4000D2F8004124F08004C2F80041D3F880207C
:102B500042F00C02C3F880205A6A22F460525A6292
:102B6000DA6942F48032DA615A6A42F400625A62E7
:102B7000C1F8CC01C1F8D001C1F8BC01C1F8C00155
:102B8000C1F8C401C1F8C801AA6C264B42F000424A
:102B9000AA64EA6A1343EB62EC6A14F08074FBD116
:102BA0004FF4C870FFF7CAFE1B4B47F2B80241F260
:102BB000B801C3F8CC411C48C3F8D041C3F8BC41AC
:102BC000C3F8C041C3F8C441C3F8C841C3F8BC232B
:102BD000C3F8C023C3F8AC23C3F8B013C3F8B423BD
:102BE0001249C3F8B823124B6863C1F8F8314FF0AB
:102BF000E0234FF480420F49602081F86E00C3F853
:102C00000C21EB6A064A43F00063EB62D36A1B01B6
:102C1000FCD438BD00800D4000801F4000C00F4034
:102C200000002C40008000010B007F11003C0020C0
:102C3000ED09010000E400E02DE9F843DFF88480AD
:102C400098F8003013B90120BDE8F88302F09CFB2E
:102C5000154D164C0646164F04E002F095FB801BFE
:102C6000B84219D82B6B13EA0409F6D00022114B95
:102C700088F800202A6B1A6019680F4A29631B68BC
:102C80001342E0D00D491F240D4B40F27A22002060
:102C90000C701A60BDE8F8832A6B064B88F8009028
:102CA0001A601B682B63EDE700002C4002007F11C7
:102CB00040420F003000032000007F11CF3B002076
:102CC000E8FF0220ED0403202DE9F0410F46FFF755
:102CD000B3FF002840D0224B04465A6AD1052BD5B9
:102CE0001F4DDFF88C80AB6A43F48033AB6202F097
:102CF0004BFB064604E002F047FB831B434524D808
:102D00006B6A5A05F7D507F13C0C154907F50F77A3
:102D10004B6A5B05FCD5ACF1400353F8042F6345C7
:102D20000A62FAD103F1400CBC45F1D10D4B0122EE
:102D300020461A70BDE8F0819A6A22F480329A62C5
:102D40009A6A42F400329A62CAE707492120074B87
:102D50004FF47E7208701A6000242046BDE8F081AE
:102D600000002C40ED040320CF3B0020E8FF0220B0
:102D700040420F002DE9F041074688461F4C02F003
:102D800003FB1F4E054604E002F0FEFA401BB04272
:102D900028D8636AD907F7D4BB02C4F8088024D4C2
:102DA00027F0FF07154C174EE76002F0EDFA144FBD
:102DB000054604E002F0E8FA401BB84212D8236B43
:102DC0003342F7D0226B104B1A601A6822631A68DC
:102DD000D20707D5186800F47020B0FA80F04009D7
:102DE000BDE8F0810020BDE8F081A26CFBB222F0CA
:102DF000FF02A264A26C1343A364D1E700002C403D
:102E000040420F0001000F0030000320134B10B5AB
:102E10000C4684B01968FFF7ADFFE8B1104BA64629
:102E20001A6900925969019199690291D96901233E
:102E30000EF80E2F039123F0030203F0030C01336D
:102E40006A444FEACC0C0F2B126822FA0CF20EF8EF
:102E5000012DF0D10023E37304B010BD280003203E
:102E600000002C4010B5037ADB0705D5154B1B6815
:102E7000B3B1BDE810401847134B1B783BB9134B57
:102E80005C6A84F08074C4F30064204610BD0F4B6C
:102E90000F4C1B6B1C40B4FA84F46409204610BD2F
:102EA0000C4B1C78002CF0D00B4B0C481968FFF72A
:102EB00061FF0028E9D0054B1C6984F48074C4F3D9
:102EC0000024E2E72C000320ED04032000002C4046
:102ED00002007F11EA0403202800032000001A0DDD
:102EE00008B5044B04481968FFF744FF08B1034BC9
:102EF000186908BD2800032000001A0D00002C40AE
:102F000008B5074B07481968FFF734FF30B1064B87
:102F1000186980F48070C0F3002008BD012008BD4E
:102F20002800032000001A0D00002C402DE9F84372
:102F3000244B8946244D254E2B6002F025FADFF8FC
:102F4000A8800446224F06E002F01EFA001BB84299
:102F500023D801F083FF31681E48FFF70BFF0028DC
:102F6000F2D0D8F81030DB05EED500234FF4007214
:102F70002B60D8F8283023F48033C8F82830164B5B
:102F8000C8F804201B78A3B149461448FFF7F2FEA5
:102F900068B90E2240F2574304E000210A2240F2B1
:102FA0004B4329600E4C00200E4922700B60BDE897
:102FB000F8834FEA492909484946FFF7DBFE002814
:102FC000F5D1E6E7011001002C00032028000320C2
:102FD00040420F0000001A0DEC04032020003A19B3
:102FE000CF3B0020E8FF022000002C402DE9F041FB
:102FF000214C00212148A36A23F48033A362FFF708
:10300000B9FE50B9092240F23D231D4800261D4952
:1030100002700B603046BDE8F0811B4B06461B4D2D
:103020002B6002F0B1F9636A0746D80112D4DFF8C9
:10303000608004E001F012FF636AD9010AD402F053
:10304000A3F9C31B4345F5D900210A224FF410739D
:103050002960DAE70022084B2A605A6A9207D9D51C
:10306000586B9A6AD96A22F4803241F08061D96241
:1030700058639A62CEE700BF00002C400000DB0CD2
:10308000CF3B0020E8FF02201D0A01002C00032096
:1030900040420F002DE9F84F940701D11D464BB96E
:1030A0003F4925203F4B40F2F51208701A6000207E
:1030B000BDE8F88F3C4B14463C4A07460E46DFF805
:1030C0001091136002F060F9DFF808B18046DFF874
:1030D000F8A007E002F058F9A0EB0800504544D8EA
:1030E00001F0BCFED9F800103148FFF743FE00287C
:1030F000F0D0DBF81030DA05ECD52E4B00222B494E
:1031000003EA0543DFF8D0800A60012143F400732D
:10311000294D88F800102A60CBF80040CBF8043025
:10312000264BCBF83830264B1B784BB3314638460C
:10313000FFF720FE0028BAD0224B1C4A136002F091
:1031400023F998F800300446E3B11F4E04E001F083
:1031500085FE98F80030ABB102F016F9001BB042C2
:10316000F5D90023114A1360A1E70D4A0A21002076
:103170000C4B0E4C11704FF4FC7220601A6096E7F5
:103180007602D3E72B68002208499B070A608ED598
:1031900028680E4B1840B0FA80F0400988E700BF5D
:1031A000CF3B0020E8FF0220011001002C0003208B
:1031B00000001A0D0000FF1F3000032002007F11E5
:1031C000EC040320310A010040420F0000007F118F
:1031D0002800032000002C40EE040320F8B506462A
:1031E000007A0C461546C0071F4613D483B10F441E
:1031F00001E0BC420CD033682A46214630461B69A8
:10320000013405F5007598470028F2D10020F8BD7B
:103210000120F8BD900712D0002BF9D00F4401E037
:10322000A742F5D033682A46214630461B6901344F
:1032300005F5007598470028F2D10020E7E7064819
:10324000FFF728FF0028E3D104490C20044B40F28B
:10325000A13208701A60D9E737003A12CF3B00203C
:10326000E8FF0220F8B50646007A0C461546C0076E
:103270001F4613D483B10F4401E0BC420CD0336825
:103280002A46214630465B6A013405F500759847A9
:103290000028F2D10020F8BD0120F8BD900712D01F
:1032A000002BF9D00F4401E0A742F5D033682A463D
:1032B000214630465B6A013405F5007598470028C1
:1032C000F2D10020E7E70648FFF7E4FE0028E3D14B
:1032D00004490E20044B40F23D4208701A60D9E7C1
:1032E00027003A19CF3B0020E8FF02202DE9F843E0
:1032F000814688462D4D02F047F82D4F04462D4E4D
:1033000004E002F041F8001BB04225D829682A48A1
:10331000FFF730FD0028F4D03B69DA05F1D5012331
:10332000264E274C49463370002326482360264BFF
:10333000C7F800807B60254BBB63FFF71BFD07468A
:1033400070B9042240F29F132148002721490270DE
:103350000B603846BDE8F8830A224FF4CC73F3E7DC
:103360001D4B1E4D2B6002F00FF83378804693B151
:10337000DFF8409003E001F071FD33785BB102F0BB
:1033800003F8A0EB08034B45F5D900232B60252259
:103390004FF4D173D8E7236800229B072A60F6D543
:1033A00022680F4B1A42F2D1D3E700BF2800032056
:1033B00000002C4040420F0000001A0DEE040320D4
:1033C0003000032011003A064000010002007F1186
:1033D000CF3B0020E8FF0220310A01002C0003202F
:1033E00000007F11F8B5294B1446987A42060FD495
:1033F000DB7AC0F30500621CC3F3C0130A4343EA3F
:1034000040035BB2134203D0272240F202330BE0A9
:103410001F4B1B780BB9490264021E48FFF7AAFC38
:1034200040B90F2240F20A331B4C00201B49227086
:103430000B60F8BD21461A48FFF79CFC18B9102212
:1034400040F20D33F0E700211648FFF793FC18B95E
:1034500011224FF44473E7E701F096FF124D044642
:10346000124F134E04E001F08FFF001BB04209D849
:1034700029681048FFF77EFC0028F4D03B69DB0583
:10348000F1D5F8BD282240F21333CDE71400032014
:10349000EC04032000001A20CF3B0020E8FF0220AC
:1034A00000001A2100001B262800032000002C40E9
:1034B00040420F0000001A0D2DE9F0434FF00008C4
:1034C000884D894E91B0894C894F017280F80980EE
:1034D00085F8008086F8008084F8008087F80080F6
:1034E000FFF716FB41464046FFF744FCF0B14FF0B2
:1034F00003084FF4D5717F48FFF73CFC00284CD1FE
:10350000B8F10108F5D13B78002B3AD0DFF82892CA
:1035100001F03AFFDFF82482074600217648FFF7E2
:1035200029FC70B917224FF42A7302E0012240F2FD
:103530008E237249002432700B60204611B0BDE822
:10354000F08349466E48FFF715FC0028EAD001F0E9
:103550001BFFC01B6B4B4045E4D81A69002ADCDA1C
:103560001969694A11601B695A0001D5012323704A
:1035700000216648FFF7FEFBD8B9022240F2B123D2
:10358000D7E7FFF7C5FA41464046FFF7F3FB3B7824
:10359000002BBBD14FF44019BAE75A4B1B69B3F566
:1035A000D57F03D006224FF42573C2E701233B7079
:1035B000ACE700215648FFF7DDFB18B903224FF4B2
:1035C0002D73B6E74F4F534C3B6953496FF30F03CD
:1035D00052482360FFF71AFC18B9072240F2B923BA
:1035E000A7E74F494F48FFF711FC18B908224FF4DD
:1035F0002F739EE721684C48FFF7BCFB18B90522E2
:1036000040F2BF2395E721683B48FFF7B3FB18B9A9
:10361000142240F2C3238CE702214448FFF7AAFB9F
:1036200004460028F4D0BB6A69466FF07F4023F05F
:103630000603BB62BB6A43F00203BB624FF0101388
:103640007B64FFF753FE9DF80D20930747D50028B4
:1036500045D02A4F6946364896F80090D7F8008042
:10366000FFF744FE9DF8102002F00F02012A32D12C
:1036700088B34CF250302F4E0523C6F8CC31C6F833
:10368000D031C6F8BC31C6F8C031C6F8C431C6F86E
:10369000C831FFF753F9002347F2B802C6F8CC311E
:1036A000C6F8D031C6F8BC31C6F8C031C6F8C4314E
:1036B000C6F8C83141F2B803C6F8BC23C6F8C02327
:1036C000C6F8AC23C6F8B0330123C6F8B423C6F855
:1036D000B8232B7031E786F80090C7F8008046F2D7
:1036E000A810C8E7EA040320CF3B0020EC04032025
:1036F000EB04032000001A0800001A37E8FF02203C
:103700000000022900002C402400032000000902D0
:1037100000001A03280003201400032000000909F8
:10372000040003200000090A00001B0700001A061D
:10373000F1FFFF8000801F400000304040420F003A
:10374000F8B5324B0E465A6A94050DD49A6A22F4A3
:1037500080329A6272B69A6A42F400329A629A6A27
:1037600042F480329A6262B601F00EFE274D284F75
:10377000044604E001F008FE001BB84233D86B6A2F
:103780001805F7D506F13C0C204806F50F76436A7C
:103790001905FCD5ACF14003026A43F8042F6345D8
:1037A000FAD103F1400CB445F1D101F0EDFD174D14
:1037B000184E0446164F04E001F0E6FD001BB84227
:1037C0001AD82B6B3342F7D02A6B134B1A601A6846
:1037D0002A631A6892070DD51868104B1840B0FA82
:1037E00080F04009F8BD0E491A200E4B40F25632C7
:1037F00008701A600020F8BD1D200949094B40F2ED
:103800006132087000201A60F5E700BF00002C400C
:1038100040420F0002007F113000032000007F11A2
:10382000CF3B0020E8FF02202DE9F843244B8946D6
:10383000244D254E2B6001F0A7FDDFF8A88004463B
:10384000224F06E001F0A0FD001BB84223D801F092
:1038500005FB31681E48FFF78DFA0028F2D0D8F832
:103860001030DB05EED500234FF400722B60D8F842
:10387000283043F48033C8F82830164BC8F80420A9
:103880001B78A3B149461448FFF774FA68B90C22B3
:1038900040F2BD3304E000210A2240F2B133296036
:1038A0000E4C00200E4922700B60BDE8F8834FEAF1
:1038B000492909484946FFF75DFA0028F5D1E6E7AE
:1038C000011001002C0003202800032040420F00BB
:1038D00000001A0DEC04032030003A12CF3B002008
:1038E000E8FF022000002C402DE9F04100221D4E8F
:1038F0000D4642721146B36A1B4823F48033B3620B
:10390000FFF738FA20B104466DB92046BDE8F081D2
:10391000092240F2D333154800241549027020468D
:103920000B60BDE8F081134B134D2B6001F02CFDB3
:10393000736A0746DA0112D4DFF8408004E001F030
:103940008DFA736ADB010AD401F01EFDC31B4345E7
:10395000F5D900210A2240F2D7332960DBE70023A2
:103960002B60D2E700002C400000DB0CCF3B002096
:10397000E8FF02201D0A01002C00032040420F0036
:1039800010B50446FFF758F908B1637A03B910BDC2
:1039900020460121BDE81040FFF7A6BF70B5037AAD
:1039A000ADF5007D1546DC0720D593070FD1012327
:1039B0002A48FFF76FFBB8B929490B20294B4FF470
:1039C0005D7208701A6000200DF5007D70BD012346
:1039D0006A462248FFF75EFB0028EDD04FF40072E4
:1039E0006946284602F020FF0120EDE704460E4616
:1039F000FFF722F90028E6D0637A012B1DD0236857
:103A0000194A1B6A93421CD1FFF716F90028DAD035
:103A1000637ADBB931462046FFF706FF0028D2D093
:103A200001236660637229462046FFF789FE00285D
:103A3000C9D0636801336360D6E76368B342DED1FF
:103A4000F1E7204698470028BDD0E3E70121204652
:103A5000FFF74AFF0028B6D0DCE700BF11003A119B
:103A6000CF3B0020E8FF0220811A010070B5037AE5
:103A70001546ADF5007D0E46DA071BD5AB0706D01F
:103A800029466D464FF40072684602F0CDFE0123D0
:103A90002A4631462448FFF7FDFA002831D1234950
:103AA0000D20234B40F2114208701A6000200DF5E2
:103AB000007D70BD0446FFF7BFF80028F6D0637A9A
:103AC000022B20D023681B4A1B6A93421FD1FFF7A9
:103AD000B3F80028EAD0637AF3B923683146204668
:103AE0001B6E98470028E1D002236660637223684A
:103AF00029462046DB6D98470028D7D063680133FC
:103B000063600120D3E76368B342DBD1EFE720466F
:103B100098470028E1D1C9E701212046FFF7E4FEDC
:103B20000028DAD1C2E700BF01003A18CF3B0020DD
:103B3000E8FF0220811A0100012101F08BBC00BFC7
:103B400001F04CBC30B482B00C4602AB03E9060075
:103B5000C37C002B30D072B6C37CDA0708D54FF097
:103B6000E0214569D1F880212A408262C1F8802194
:103B70009D0708D54FF0E0218569D1F884212A40BE
:103B8000C262C1F88421590708D54FF0E021C56908
:103B9000D1F888212A400263C1F888211A0708D584
:103BA0004FF0E021056AD1F88C212A404263C1F828
:103BB0008C21DB063AD462B683689C4240D0234B0A
:103BC00084609B69224AC3F30111C3F3826352F8F4
:103BD00021100133B1FBF3F204B3944232D8B2FBAB
:103BE000F4F3B2FBF3F294422ED3B3F5817F1BD2F0
:103BF000022B27D9023B5C0804EB042443EA04248B
:103C0000C460036803220020019918615A620122EE
:103C10001C6419661A6102B030BC70479942EFD338
:103C2000531CB3F5817FE3D30A4CE9E74FF0E02260
:103C3000416AD2F890310B408363C2F89031BAE701
:103C4000C468DEE70024DBE71A46E9E700C00F405E
:103C5000D00C0020FF7F7F0008B5034653F8040B0B
:103C600093E80600FFF76EFF08BD00BF84B00DF1BA
:103C7000100C0CE90E00024623B11846136004B084
:103C800000F04CBB024B1846136004B000F046BB7A
:103C9000F4FE02200268D37C13B3D80704D5906ADF
:103CA0004FF0E021C1F80001990704D5D06A4FF028
:103CB000E021C1F80401580704D5106B4FF0E02152
:103CC000C1F80801190704D5506B4FF0E021C1F885
:103CD0000C01DB0604D5926B4FF0E023C3F81021F2
:103CE000704700BF006800F037BC00BF0268FF23C8
:103CF00012685366D36D13F4F81FFBD0506FC0B237
:103D0000704700BF4FF0FF0C006808B5134680F8FD
:103D10003CC00A46002100F01BFC002008BD00BF8B
:103D200003681A685166D36D13F4F81FFBD0536F04
:103D3000704700BF13460068002200F009BC00BFB6
:103D400038B50378D90701D4012038BD044640684E
:103D500004F110050368E1682A465B6A984780B160
:103D600023789A0709D560682A46D4E902311944B4
:103D700003685B6A984720B1237823F0010323701E
:103D8000E2E7002038BD00BFF8B5436813B3C3684D
:103D900004460F4615468B4208D1064616F8103BDE
:103DA00005F0030530462B432370F8BDFFF7C8FF2D
:103DB00080B16B0704D504F110060023E760EFE73C
:103DC000606804F110063946036832461B6998475B
:103DD0000028F2D10020F8BD10B50446808982B0D9
:103DE00018B10023A38102B010BDD4E901318B4288
:103DF000F9D201AA184600F0CDF878B1019B6060B5
:103E0000B3F5803F98B2EED3C0F309009B0AA0F54A
:103E10001052A3F52153A28198B2E4E74FF6FF7048
:103E2000E1E700BFB1F5807F10D9B1F5FC7F3FD944
:103E3000B1F57C7F48D9B1F5FC6F4FD9B1F57C6FF6
:103E400051D84FF4FC534FF03F0C04E010291FD819
:103E500040234FF0200CB2FBF3F1B1F5806F21D27B
:103E600003FB112300B5B2FBFCFEB3FBFCF30CFB20
:103E70001E224FEA910CDBB201322CF03F0CC9B28A
:103E8000037042EA0C028170D2B242705DF804FB0A
:103E9000202912D880234FF0200CB2FBF3F1B1F5AA
:103EA000806FDDD3FF21FE23417003708170704766
:103EB0004FF47C734FF03F0CCDE7802909D84FF4C5
:103EC00080734FF0200CC6E74FF4FC634FF03F0CBB
:103ED000C1E74FF400734FF0200CBCE74FF47C6354
:103EE0004FF03F0CB7E743F6C1634FF03F0CB2E72A
:103EF0007F280346A2EB010205D8002A46D00846D7
:103F000000F8013B7047B0F5006F0DD2012A3DD992
:103F1000820900F03F03084662F03F0263F07F032E
:103F200000F8022B4B707047B0F5803F13D2022A85
:103F30002CD94FEA103CC0F3851200F03F03C81C97
:103F40006CF01F0C62F07F0263F07F0381F800C009
:103F50004A708B707047032A18D90022C0F3053CC1
:103F600000B54FEA904E084609496EF307026CF31C
:103F70000F22C3F3851C03F03F036CF3174263F376
:103F80001F62114340F8041B5DF804FB00207047DA
:103F9000F080808088423DD2034610B490F9000042
:103FA0001C7800282DDA04F0E000C02834D004F09A
:103FB000F000E02834D004F0F800F02826D104F016
:103FC000070404201844884220D8013313F8011B49
:103FD00001F0C00C01F03F01BCF1800F41EA8414F4
:103FE00014D18342F2D1A4F180010F4B99420DD834
:103FF000A4F55843B3F5006F08D314605DF8044B83
:104000007047581C14605DF8044B704700205DF841
:10401000044B70470020704704F01F040220D1E7D2
:1040200004F00F040320CDE77FFF10007E283DD968
:104030004FF0350C002330B4284C04E034F8212034
:10404000824221D80B46ACEB0302012A03EB52015A
:10405000F4D89BB234F82320904217D24B2400238B
:104060001F4D05E035F8212082428CBF0C460B46DF
:10407000E21A012A03EB5201F4D89BB235F823204F
:1040800082421DD030BC70478C46DCE704EB8304D1
:10409000821AE3789A42E1DA94F90230012B14D0C3
:1040A000C3B19BB2034430BC98B27047A0F1610326
:1040B000192B8CBF00230123A0EB431398B2704748
:1040C00005EB8305688830BC704702F00102831A53
:1040D00098B2D7E74EF2A033E4E700BF0005002016
:1040E000D403002090F81CC04160BCF1020FC260F4
:1040F00001D18368184700F0C9BB00BF30B58646C0
:104100001446026840F20120106103B31D46F9B164
:1041100011F8010B013D5066106F800708D4A446CA
:10412000013B506F24B10CF8010B6446DEF800200F
:104130005069C007F0D5002DE9D143B1116F89074F
:10414000FCD4526F0CB104F8012B013B03D130BDFC
:104150009EF83C00DEE7DEF80020116F8907EDD401
:10416000EFE700BF324B334930B5D3E91154207922
:10417000C8771A6C95F804C081F81CC0087752B152
:10418000B2F5004F23D32C4911442A4A1964D07642
:1041900082F81BC030BD19680F24D86C8C6540F2C2
:1041A0000134CA610C614FF47C544C6103210468F2
:1041B000246883F83D10214B9C4226D1037F426046
:1041C000022BC26026D18368BDE8304018472D68B5
:1041D00092B2E98B090421D4EA832168EC8BA4B262
:1041E000EC82CC8B240405D5CC8BC2F3080204F4FA
:1041F0007E442243CA83CA8B92B2CA8200210D4AEE
:104200001964D07682F81BC030BD23461146BDE844
:1042100030401847BDE8304000F038BBE98BC2F3AE
:10422000080E01F47E4141EA0E01E983D5E700BFA3
:1042300044FF022000800E400180FFFFE5210100C5
:10424000324B334930B5D3E911542079C8771A6C11
:1042500095F804C081F81CC0087752B1B2F5004F40
:1042600023D32C4911442A4A1964D07682F81BC002
:1042700030BD19680F24D86C8C6540F20134CA61D6
:104280000C614FF47C544C6103210468246883F86A
:104290003D10214B9C4226D1037F4260022BC2601D
:1042A00026D18368BDE8304018472D6892B2E98B6B
:1042B000090421D4EA832168EC8BA4B2EC82CC8B74
:1042C000240405D5CC8BC2F3080204F47E442243B7
:1042D000CA83CA8B92B2CA8200210D4A1964D07671
:1042E00082F81BC030BD23461146BDE83040184758
:1042F000BDE8304000F0CABAE98BC2F3080E01F401
:104300007E4141EA0E01E983D5E700BFF4FE0220B9
:1043100000800E400180FFFFE521010043682DE988
:10432000F04FD3E90041814D4FF0B80A22684FF0B9
:10433000020822EA01027E492260AA6911407D4AF0
:104340000A43AA6190F810E07B4A03EB0E0603EBE8
:104350008E0E317C02EB01118968C1F800A090F843
:1043600011C003EB0C050CF10A0C95F8241002EBBC
:1043700001118968C1F800A0817C03EB010903EBFE
:10438000810199F838B002EB0B1BDBF808B0CBF8D1
:1043900000A0D4F800A05F684AEA070AC4F800A0A9
:1043A000347CDEF814E002EB04146468C4F800E026
:1043B00095F8244053F82CC002EB04146468C4F848
:1043C00000C0C96B99F8384002EB041252681160C2
:1043D0009A6C99F8441011601A6A317F5B6B116016
:1043E00095F830201A600F220368C3F810809A6590
:1043F000C27C002A32D072B6C37CDD0708D54FF0EC
:10440000E0214469D1F8802122408262C1F88021F4
:104410009C0708D54FF0E0218469D1F8842122401F
:10442000C262C1F88421590708D54FF0E021C46960
:10443000D1F8882122400263C1F888211A0708D5E3
:104440004FF0E021046AD1F88C2122404263C1F888
:104450008C21DF065CD462B6C27C0368374D81686C
:10446000A9425FD0314985608969354CC1F3011794
:10447000C1F38261334E54F827400131B4FBF1F4AB
:10448000B44230D80021C16000241C6103245C6266
:104490000724196401211C66196112B3D60704D5DB
:1044A000816A4FF0E023C3F80011950704D5C16A73
:1044B0004FF0E023C3F80411540704D5016B4FF00B
:1044C000E023C3F80811110704D5416B4FF0E02336
:1044D000C3F80C11D30604D5826B4FF0E023C3F868
:1044E0001021BDE8F08F1849A1FB0461090DB4FB50
:1044F000F1F4AC4288BF0131B1F5817F14D20229B9
:10450000C0D902394C0804EB042441EA0421BAE77B
:104510004FF0E022416AD2F890310B408363C2F839
:10452000903198E7C168AFE70849ACE700C00F4099
:10453000CFFFFFE3100000087415002000093D00C4
:10454000D00C0020FF083D0083DE1B43FF7F7F006F
:104550000BB1FFF7D3BD70474368D3E90012096878
:10456000114200D1704710B50268044600200521B1
:104570001061227C1344187C00F06CFF627C63683D
:104580000521134493F8240000F064FF6368A27CC3
:1045900005211344BDE8104093F8380000F05ABFDD
:1045A00038B5114C00214822104D04F108000DF0DF
:1045B000E7FA0F4B0F4A002105F10800C4E9002378
:1045C00048220D4C0DF0DCFA0C4B0D49482204F149
:1045D0000800C5E9001300210DF0D2FA094A0A4B80
:1045E000C4E9002338BD00BFF4FE022044FF0220CE
:1045F000CC06002000003A4094FF02205C06002018
:1046000000C0394000403940EC050020554B4FF0C8
:10461000000C2DE9F043A3FB001540F26D19DFF803
:104620005C816D09A3FB05134F49C5EB05165B09BA
:10463000A0EB8600A1FB03414C4C09090E1DA4FB15
:104640000674002760F30707301B04EB5000800856
:10465000C0EBC000361AC3EB0310A5EB8005013692
:1046600001EB410065F30F27A3EBC003604663F342
:10467000174766F31F673E4E17603E4F00E0A446A3
:104680005FFA8CF340F26D1E03F2B27313F0030570
:1046900006FB03F408D1B7EBB40F4FF4B77E03D396
:1046A000B8EB341F38BFCE4670440CF10104814290
:1046B000E5D282F806C04DB92D4C2E4E03FB04F412
:1046C000B6EBB40F43D24FF4B77401E040F26D146F
:1046D000091A00202144284C0BE094F800C0013056
:1046E0008C45C0B213D80C28A1EB0C0104F10104D5
:1046F00025D00128F1D17DB11B2931D91C390220E7
:1047000094F801C0013401308C45C0B2EBD90131BD
:1047100050711171BDE8F0831548164E03FB00F08F
:10472000B6EBB00F11D3154EB6EB301F2CBF1D20CA
:104730001C20884214D8091A01340220CDE70D202C
:10474000013150711171BDE8F0831D20F1E70B4E6E
:10475000B6EB341F40F26D1428BF4FF4B774B7E7BF
:104760000220D4E789888888ABAAAAAA254992247E
:10477000295C8FC2285C8F02D40500200AD7A300D1
:1047800070B5084ED6E90023994208BF904206D082
:1047900005460C46044AFFF739FFC6E90054024BB0
:1047A000987870BD80400020ECFF022070B5084E64
:1047B000D6E90023994208BF904206D005460C4630
:1047C000044AFFF723FFC6E90054024B587870BD36
:1047D00080400020ECFF022070B5084ED6E900238F
:1047E000994208BF904206D005460C46044AFFF79E
:1047F0000DFFC6E90054024B187870BD80400020C0
:10480000ECFF022070B5084ED6E90023994208BF9C
:10481000904206D005460C46044AFFF7F7FEC6E96B
:104820000054024B187970BD80400020ECFF02203C
:1048300070B5084ED6E90023994208BF904206D0D1
:1048400005460C46044AFFF7E1FEC6E90054024B58
:10485000587970BD80400020ECFF022070B5094EF1
:10486000D6E90023994208BF904206D005460C467F
:10487000054AFFF7CBFEC6E90054034B987900F2D6
:10488000B27070BD80400020ECFF0220EFF3108278
:1048900072B6437F5BB9017F012930B40BD0032985
:1048A00013D00123437702B962B630BC70470AB90E
:1048B00062B670477047124C2168B1B1114943612B
:1048C0000B68086083615861EBE70F4D0F492C6856
:1048D0008CB143610B68836158614FF0E0234FF066
:1048E00080540860C3F8044DDBE7064B2060186075
:1048F000C0E90511D5E7C0E905442860EDE700BF30
:104900004C000320580003205400032050000320D3
:1049100070B5EFF3108272B60C4C206880B10C4E6B
:1049200000254369236073B19D6102B962B6836853
:1049300045779847EFF3108272B620680028F0D1CF
:1049400002B962B670BD3360EFE700BF54000320C8
:1049500050000320FFF7DCBF0449054A4968054BB6
:104960001960136801331360704700BF001000E046
:104970003404032030040320084601F0C1BE00BF08
:104980002DE9F0410C46D1B1EAB180468E180025E0
:104990000E4F04E001F0B4FEB44205440CD0D8F848
:1049A000003014F8010B1B68BB42F3D001464046AF
:1049B0009847B4420544F2D12846BDE8F0810D463F
:1049C0002846BDE8F0811546F6E700BF792A0100C8
:1049D0002DE9F0418C688AB0DCB100258846064696
:1049E0002F462B46212201A9404600F0FDF9202C3C
:1049F0002246336828BF202201A930465B68A41AEA
:104A0000154498470744002CEBD138460AB0BDE85E
:104A1000F081274638460AB0BDE8F081054B0228F0
:104A200088BF034610B41C68184663685DF8044BE1
:104A3000184700BF70380020584B2DE9F043A3FB06
:104A4000002540F26D186D09A3FB0523544AC5EB00
:104A500005165B09A0EB8600A2FB0342514C12092C
:104A6000171DA4FB0764002660F30706381B04EB40
:104A700050008008C0EBC0003F1AC3EB0310A5EB49
:104A8000800502EB420065F30F26474DA3EBC00300
:104A9000002063F31746864667F31F66434F0E6098
:104AA000434E00E06046C3B240F26D1C03F2B273A5
:104AB00013F0030405FB03F908D1B6EBB90F4FF46B
:104AC000B77C03D3B7EB391F38BFC446E64400F1C7
:104AD000010C7245E6D2463088714CB93248344DEB
:104AE00003FB00F0B5EBB00F4ED24FF4B77001E00E
:104AF00040F26D10A2EB0E020026DFF8B8E002448F
:104B000007E01EF80600904222D80136121A0C2E39
:104B10002ED05FFA86FCBCF1010FF2D1F4B9224825
:104B2000DFF88C9003FB00F04FEAB008C8451F4F38
:104B30004FF01D0523D9954206F1010608D8521BF6
:104B4000F5B2012DF2D01EF80600AC469042DCD939
:104B5000013281F805C00A71BDE8F08301361B2AD5
:104B6000F0B2F5D90128A2F11C02F7D08446C8E7BB
:104B7000B446013281F805C00A71BDE8F083B7EB95
:104B8000301F38BF1C25D6E7084DB5EB301F40F26B
:104B90006D1028BF4FF4B770ACE700BF89888888D4
:104BA000ABAAAAAA25499224295C8FC20AD7A300DE
:104BB000285C8F02E0050020884200DB704730B49B
:104BC000124C091A2368EBB1114A124D82FB032CD7
:104BD000DA179C44C2EB2C4244F2A71C05FB1233AB
:104BE0000D4D05FB02F20CFB0322002A0CDA6FF0DC
:104BF000004313442360B3FBF1F201FB123330BCDA
:104C000018447047054BF5E71346F3E7F4FF02201D
:104C10005F0B4E831DF30100ECF4FFFF42CE0C1F2F
:104C2000F8B500260446C0E90066866029B108464A
:104C30000D460DF0E5FB074608B92046F8BD0130EA
:104C40000BF05CFC0028F8D0294606702060C4E90F
:104C500001770DF015FB2046F8BD00BFF8B588427E
:104C60004FF0000504468560C0E9005501D08E680C
:104C70000EB92046F8BD701C0F680BF03FFC0028F1
:104C8000F7D0394605702060C4E901660DF0F8FAE6
:104C90002046F8BD10B5044600680BF037FC2046EE
:104CA00010BD00BFF8B50446154606682AB906B11E
:104CB000327000232046A360F8BD43680F469A4235
:104CC0000BD93046511C0BF001FF064660B1A368BA
:104CD000C4E900050BB90370266839463046A56063
:104CE0000DF0CEFA2046F8BD206810B10BF00EFC96
:104CF000266000232046C4E90133F8BD10B5002327
:104D00008AB00446084601A9A360C4E900330BF049
:104D1000DFFB01A80DF074FB01A902462046FFF756
:104D2000C1FF20460AB010BD2DE9F8438368044650
:104D300000680E4615469F18884203D98ABB204654
:104D4000BDE8F88303448B4223D9002AF7D0626878
:104D5000974215D9A1EB00084FF00109791C0BF01F
:104D6000B5FE0028EBD0A368C4E9000713B90370AF
:104D70002068A3680344B9F1000F16D000EB0806C1
:104D80002A461846314601F04FFD00222368DA55C5
:104D90000FE0002AD3D06268974206D94FF000098D
:104DA000DCE762689742F9D80344314618460DF0B3
:104DB00067FA2046A760BDE8F88300BF10B5044637
:104DC0008A680968FFF7B0FF204610BD38B5054670
:104DD00041B10C4608460DF013FB02462146284619
:104DE000FFF7A2FF284638BDC2B170B5B1FA81F60F
:104DF0000C46760919B185689D4201D80E7070BDC8
:104E0000ED1A02F1FF3C016820466545194428BFB0
:104E100065462A460CF0A6FF665570BD704700BF78
:104E200008B5EDF7EDFEEDF75FFF00F017F8FAE7D4
:104E30000BF064BB0BF06ABB0BF068BB01F018BC55
:104E400001F0E8BB01F04CBC01F006BC01F09EBCD7
:104E500001F078BC0846114601F068BC2DE9F84322
:104E60002D4B1E7886B1DFF8C48098F800305BB90E
:104E70000123F10788F8003040D4B20725D400237D
:104E800088F80030730701D4BDE8F883234B1A6813
:104E9000002AF9D0EFF30582002AF5D1EFF310854F
:104EA00072B61868002830D01D4C217869BB0122E9
:104EB000227042691A6062B3916105B962B6002539
:104EC0008368457798472570DEE7DFF8649099F8A6
:104ED0000030002BD3D0134F002557F8044F236820
:104EE00020461B69984710B163699B689847013554
:104EF00099F80020EBB29A42EFD8C0E701F0ACFB82
:104F00000028BAD0AFF30080B7E7002DBCD162B65D
:104F1000BAE7054B1A60D0E7000503204C000320D8
:104F2000EF0403209440002058000320F1040320E4
:104F3000F00403202A2849D8F8B5254F04463B78C9
:104F4000E3B9244B1B5DFF2B29D0234A02EB04124B
:104F500091680A6802F44050B0F5805F30D01C06BA
:104F60001FD41E4C2360236AD80704D4FFF776FFB2
:104F7000236AD907FAD5194B586AF8BD174D184E50
:104F800001E0FFF76BFFAB6C1B06FAD4B36C13F0B8
:104F90008003F6D13B700F4B1B5DFF2BD5D100205A
:104FA000F8BD0F4C03F07F032360236ADA0704D4B3
:104FB000FFF754FF236ADB07FAD5094B586AF8BD9F
:104FC00022F480521C060A60EBD4CAE70020704726
:104FD000F4040320F01800207415002000400C4059
:104FE00000800C40A349A44B88422DE9F047A34C14
:104FF0005E699A69E4681CD9A14B984240F2148119
:10500000C31AA0491B0AA1FB031340F22761DB0965
:1050100003EB830303EB830303F2E2438B4228BFDA
:105020000B469949A1FB031E4FEADE0EAEF1200E9E
:1050300006E0964B984294BF4FF0060E4FF00E0ECE
:105040008D4904F01F05D1F88030754543F0C00349
:10505000C1F880300BD224F01F04A1F5F82144EAF6
:105060000E04CC600B68002BFCDA04F01F0516F070
:10507000007126D1864B1F69864BBB4300F0E98047
:1050800082F4805733464FF4805C13F0605F05D0A4
:1050900026F0605343EA0106774B5E6117F4405FE8
:1050A00008D022F44052744942EA0C028A618B6CA7
:1050B0001F07FCD446F000766F4A5661936C990640
:1050C000FCD4754A904200F2CB804FF0010C61464F
:1050D00010E008290ED1BCF1040F00F293800CF10E
:1050E000010C02210CFB00F3934200F2B0805B0044
:1050F000934206D801310CFB01F300FB03F393420A
:10510000E7D90CF1FF3701F1FF394FEA872886EA2A
:105110008727624A1A44624B9A427DD9DFF8B0A1D0
:105120006C2360485A4AB0FBF1F05F49B0FBFCF0D9
:10513000D2F800C00CEA0101514508D043F40053F5
:105140004FF48051116013601368002BFCDA4A4A57
:10515000136903F007034B4504D0C2F81090936C19
:10516000DB03FCD417F4E05F0AD026F4E05308F424
:10517000E058414A48EA03065661936C9907FCD40B
:105180004A494B4A0144914238D8C909494BA3FBCB
:105190000131090B4A1E120286EA020313F4407F12
:1051A00006D026F4407302F440721A43324B5A611F
:1051B000314A536923F000735361936C9B06FCD40E
:1051C0003D4BAE45A3FB00234FF0FF324FEA934324
:1051D000B0FBF1F1B2FBF3F3384A1060384A1160CA
:1051E000384A136008D224F01F04244A44EA0E040B
:1051F000D4601368002BFCDABDE8F0874FF44072EE
:105200000421C9E70CF1FF37244A4FF007094FEAA0
:1052100087281A4486EA87271F4B9A4207D8DFF867
:10522000B4A0362328487DE74FF0120E08E7A3F11B
:1052300082532648DFF8A0A0A3F589337E3BA3FB69
:105240000232130D03FB00F043EA0A0A6AE7012168
:1052500057E78C4686F0C05317464FF0C05114E70D
:105260004FF000084FF0010C03463746C146614637
:105270004FE700BF00A4781F00C00F4000000840A7
:105280000046C32323B24C001F85EB5100366E014C
:1052900000800D4040300080FFB19F26808D5B0074
:1052A000FF7EF64D00643F4D7F3001807FD1F008D6
:1052B0007F17B42C9F10E50083DE1B436C38002061
:1052C000683800202C04032000B29F26001BB70082
:1052D0006C200080362000800020008000B97047DC
:1052E0002DE9F84F01218146224C234E234D54E8ED
:1052F000003F3268286844E80013002BF7D12049AA
:105300004B684FF47A7BDFF87CA01B1A01270BFB5C
:1053100002F8DAF80020A2FB03235B4594BF98440F
:10532000D84454E8003F3268286844E80073002BF2
:10533000F7D14B68DAF800C01B1A0BFB02F2ACFB8A
:1053400003C3B3F57A7F94BFD21802F57A72A2EB49
:105350000802B2F57A7F08D3B9F1010F08F57A781F
:1053600009F1FF39DDD1BDE8F88FFFF777FD04497A
:10537000D7E700BF3804032034040320300403209F
:10538000001000E02C04032030B40F4B4FF0010C50
:105390000E4D0F4C53E8002F2868216843E800C2E7
:1053A000002AF7D10B4B5B680B4A5B1A4FF47A71FA
:1053B000126801FB00F0A2FB032330BC8B4294BFB8
:1053C000C0184018704700BF38040320340403207D
:1053D00030040320001000E02C040320362816D8E7
:1053E0000201104B03EB00109B5810B4C2685C68BC
:1053F000144205D061B95DF8044BC3F888207047AA
:10540000836851B1084A5DF8044B1A6070477047D1
:105410005DF8044BC3F884207047044A5DF8044BE0
:105420001A6070477415002038F001003830010010
:1054300036280BD8064B020103EB00109A58C368BC
:1054400090681840003818BF01207047002070474E
:1054500074150020362827D80201154B012903EBCB
:1054600000109B5830B45A68D0E902540DD004297A
:105470000BD022EA04025A6099B1022915D00329FF
:105480000CBF0C4B0C4B2B6006E0224301295A60E9
:1054900007D040F638032B604368152230BC1A60F1
:1054A000704738232B60F7E77047044B2B60F3E716
:1054B00074150020383001003800010038F0010078
:1054C00001F1FF3C70B5864666460846002100E0C3
:1054D0000131BEFBF2F502FB15E4E3B2092C03F146
:1054E000370403F130038CBFE3B2DBB29645AE461E
:1054F00006F8013FECD24B1C0022C418C25479B10B
:1055000062461CF8015F14F8016DA0EB0C03023237
:105510008CF80060013B121A25700B449A42EFDBB5
:1055200070BD00BF074A506A936A19468446506AA4
:10553000936A9942F9D18445F7D1DB0B43EA4040A5
:10554000704700BF00400D4072B6EFF30583504C2A
:10555000C4F884301EF0040F0CBFEFF30882EFF3A1
:1055600009824FF0E0234B4DD3F8280DD3F82C1DC2
:10557000C4E92201D3F8341DD3F8383DC4E924131B
:105580009369C4F89830D369C4F89C3000F0CEF821
:1055900084ED280AFFF7C6FF0B23C4F8A4004FF0E0
:1055A000FF323D493D48C4F880302B682024043543
:1055B0005A4042F30003013C03EA010383EA52022A
:1055C000F7D18542F1D1324BC3F8A820BFF34F8FFA
:1055D0004FF0E0232F49324AC3F8701FC3F8702FF1
:1055E000BFF34F8FBFF36F8F2E4A02252E48D36E25
:1055F0002E4943F44053D3660560D3692C4823F009
:105600007F0343F04003D3610B6883423DD8264DAE
:1056100000214FF0E0234FF0FF3229600126C5F84A
:1056200008112449C5F80011C5F80861C3F88021A4
:10563000C3F88421C3F88821C3F88C21C3F89021D2
:1056400001E000F063F9D5F80C31002BF9D00134FA
:10565000C5F80C614F2CF4D9174B022017494FF0B5
:105660000042C1F840015A63D5F80C313BB91448E7
:1056700014490D4A0163D2F80C31002BFAD04FF0D7
:10568000E023114AC3F80C2DFEE7FFF7ABFCBEE7A1
:1056900000FF272080FF27202083B8EDA8FF2720C8
:1056A000A0FF272000C00F40004008406C380020B9
:1056B000803DCD0B009F240000900D4000002E4047
:1056C00000800F40F100AD0B0400FA05094A08B54F
:1056D0000346106823B1034407498B4201D8136085
:1056E00008BD0CF00DFC0C2203464FF0FF301A6091
:1056F00008BD00BF9438002000002820002070471B
:105700004FF0FF30704700BF4FF4005300204B6054
:10571000704700BF012070474FF0FF30704700BF57
:1057200030BFFDE730BFFDE7FFF70EBF124AD2F8EA
:1057300080305B07FBD5D2F880301048C3F30B23D1
:105740000F4990ED007A07EE903A91ED006AB8EEBD
:10575000477A0C4AF8EEE77A0B4BD2ED006A77EE07
:10576000C77A93ED007AB8EE477A67EE867A87EECD
:10577000A60A37EE400A704700810D401C04032042
:10578000240403202804032020040320836BF0B4A6
:105790001BB1536843F40043536072B6446B3CB38F
:1057A0001A4B2260D3F8B0410C421DD1184E7768D5
:1057B00004E07468E41BB4F5166F0BD2D3F84041D3
:1057C00044F48044C3F84041D3F8B851D3F8404181
:1057D0006404EED50D4007D10C4CC0E90225D4F885
:1057E000B0310B43C4F8B031426362B6F0BC7047CD
:1057F000064DC0E90224D5F8B0310B43C5F8B031ED
:105800000263426362B6F0BC704700BF00002E40E6
:10581000001000E070B5056B95B106462B460024DC
:1058200003E01B680134012B0BD05A681206F8D52F
:1058300033632CB12846B36B2D689847013CF9D1EE
:1058400070BD00220023C6E90C23F2E730B4D9B9B9
:105850001F4C204B0021204A01254FF00110996078
:105860001D60C4E9023180245C60C2F8BC01D2F83A
:10587000B0311A482B43C2F8B0310160D2F8B031D0
:10588000002BFBD130BC70470904154B104C01258F
:1058900041F080019860104A596000F580511D6008
:1058A000D96000F50051A364196100F5405100F57D
:1058B0008040596100219861E164D2F8B03143F42D
:1058C0008033C2F8B031D2F8B031002BFBD1C0E741
:1058D00000000020C03E002000002E40AC0303204A
:1058E000E03E0020074901220B78824023EA0203B0
:1058F0000B7033B9044AD2F8483123F08003C2F860
:1059000048317047F804032000002E402DE9F04F85
:10591000AC4C83B0D4F84461F107C4F844614ED56F
:10592000D4F8AC31002B45D0A74DA84FDFF8B88292
:10593000DFF8D092C4F8AC31D5E90A20D4F8403170
:1059400043F40053C4F84031D4F840319B04F5D5FA
:10595000D4F840314FF0011123F40053C4F8403122
:10596000C4F8B411D4F8B43113F00113FAD191B2E0
:1059700084463B60B1F5086F00F01B8100F2968011
:1059800040F2023E714500F09A8100F2A580822922
:1059900000F0ED81B1F5817F00F0BD81802940F0FC
:1059A00096808B4802210380FFF750FFD4F8AC317A
:1059B000002BBFD1834AD2F8BC31002B42D17206F2
:1059C00016D5804BD3F8AC21C3F8AC21D3F8BC2159
:1059D000C3F8BC21D3F8B041002CFBD14FF0FF320B
:1059E000C3F8B421D3F8843100F024FD794B1C6056
:1059F000F40103D5784B1B6803B19847B00103D578
:105A0000764B1B6803B19847710708D56D4BD3F8E7
:105A1000843113F4007346D0714B01221A70694B24
:105A2000D3F848311A060AD5330608D56D4A1378DB
:105A30002BB1013BDBB21370002B00F04F8203B09F
:105A4000BDE8F08F6149C2F8BC310868034240F0FC
:105A5000A581604A12681340B1D01C0C5A4D1FFA40
:105A600083F811D04FF0010994FAA4F7B7FA87F739
:105A700005EBC71009FA07F74030FFF7CBFEBC4330
:105A8000F2D1B8F1000F9AD0012798FAA8F4B4FA2D
:105A900084F405EBC41007FA04F4FFF7BBFE38EA00
:105AA0000408F2D18BE74E4A1370B8E742F2212E78
:105AB000714559D048D8B1F5106F00F0A58042F279
:105AC000210C614503D1010C072900F098814FF0AA
:105AD0000113C4F8C03169E7B1F5A06F00F0D180BF
:105AE000A1F5D0610129F2D8D8F804100029EED030
:105AF0001FFA8CFE3C4B120C03E019690C33002991
:105B0000E5D0B3F800C09445F7D1B3F802C0F4452E
:105B1000F3D14FEA104A100A032800F0D6811B89FE
:105B20009A4528BF9A46B2F5007F40F0A7812C4BDA
:105B30001B78002B40F0D0812C4952462C48DFF8CE
:105B4000B0B000F071FEAAE142F22133994215D0C3
:105B50004FF6C0039942BAD183B2FF2BB7D843F4B2
:105B60006E4363F30F0CBFE780B238B9214BC2F329
:105B700007421968204B1960204B1A700023C5F8A2
:105B80004890EB64C9F808300123C9F8003080233D
:105B9000C9F804304FF00113C4F8BC31D4F8B03167
:105BA00043F48033C4F8B031D4F8B031002BFBD1CA
:105BB000FCE6134B012106481B780370FFF746FEF5
:105BC000F4E600BF00002E4000000020AC030320DC
:105BD000E4030320B00303209C040320A00403205B
:105BE000FE040320FF040320B83100202C1E0060B7
:105BF000000020203404032098040320FC04032028
:105C0000FD040320C03E0020B749C2F307420193C0
:105C10004FF0800A0A70B54AC4F8C821B44AC4F8E3
:105C2000CC21B44AC4F8D02100F006FC019B5246B6
:105C3000B14819460BF0A4FFB04AB149C5F8A020FD
:105C400002F13C42019B02F56C22C1F804A0EB6416
:105C500002F56F72A9648B60C5F8E02001220A602A
:105C60004FF00112C4F8BC21D4F8B02142F48032C4
:105C7000C4F8B021A34A3B60D2F8B031002BFBD16D
:105C800094E69F49EB648B600123A9640B60802339
:105C90004B604FF001139B49C4F8BC31D4F8B031CC
:105CA00043F48033C4F8B031D1F8B031002BFBD1CC
:105CB000130C5B0643F08073C1F8543176E610F0A4
:105CC000780F83B27FF403AF03F07F018E4A13F0A5
:105CD000800F52F8213014BF43F4803343F00103A6
:105CE00042F821300021864BE96499600121AB64C0
:105CF00019608021834A59604FF00113C2F8BC310A
:105D0000D2F8B03143F48033C2F8B031D2F8B031B8
:105D1000002BFBD14AE610F0780F83B27FF4D7AEA8
:105D200003F07F01784A13F0800F52F8213014BF3E
:105D300023F4803323F0010342F821300021704B1B
:105D4000E96499600121AB64196080216D4A596052
:105D50004FF00113C2F8BC31D2F8B03143F48033B4
:105D6000C2F8B031D2F8B031002BFBD11EE683B2BD
:105D700010F078007FF4ABAE634A03F07F0152F875
:105D80002110624A1080180636D5C90301D50123B7
:105D9000137002215D48FFF759FD07E600200860F7
:105DA0005B490C88486842F221018C427FF451AE75
:105DB00080B200287FF44DAE5649574C03C9A180EC
:105DC00086284FEA11412060A1717FF442AE72B67D
:105DD0005248017841F008010170D2F848110D06CF
:105DE00005D480200143C2F84401C2F8481162B6CC
:105DF0004B4A502111702CE6CB07CAD5C7E744495E
:105E0000EB60484BC1E900200122AB601A60464AB2
:105E10005A60404A9A60D4F8B01141F00101C4F8C8
:105E2000B01102F58051D96002F50051196102F5F7
:105E3000405102F5804259619A61324AD2F8B0313C
:105E4000002BFBD12E49EB648B600123A9640B600E
:105E500048F280034B604FF00113C2F8BC31D2F816
:105E6000B03143F48033C2F8B0314FF48033254A67
:105E70003B60D2F8B031002BFBD197E5B2F5E06F73
:105E80007FF45BAE294B1B7823BB2949DFF8A4B014
:105E90005246584600F0C8FC07238BF801302BF01F
:105EA0001F030BEB0A02BFF34F8F4FF0E021C1F845
:105EB000703F20339A42FAD8BFF34F8FBFF36F8FF2
:105EC0001C485146FFF7C2FC70E50B789A4528BF85
:105ED0009A4632E61849D9E715492EE60320FFF71E
:105EE00001FD11F0A5FF00BFFD0403200200CC005E
:105EF000C80002000200C800800000205DCFC6B8C4
:105F0000C03E002000002E40C0012E40E4030320CC
:105F100088410020A403032090040320F8040320F8
:105F2000FF040320E03E002080000700FE04032061
:105F3000901E0060000020202C1E00602DE9F0471C
:105F40001F46831E022B01D9BDE8F087DFF84C9075
:105F500015460C464FEAC01A09EBC0183C2206460B
:105F6000002108F1040024040BF00AFEB5FA85F2C2
:105F70000123520944EA427449F80A40C8F83870CB
:105F8000C8F80830002FDFD0034AB34011680B4334
:105F90001360BDE8F08700BFB003032000000020BD
:105FA0002DE9F0470D46811E022901D9BDE8F08791
:105FB000C701DFF84C909246044640373C2200214E
:105FC0001E4607EB09082D0408F104000BF0D8FD6C
:105FD000BAFA8AF2520945EA427249F807200122C8
:105FE000C8F83860C8F80820002EDFD0034B103402
:105FF0001968A2400A431A60BDE8F087B003032085
:1060000000000020120410B442F0800201248160DC
:10601000046001F58054426001F50052C36101F54E
:10602000405301F58041C4605DF8044B8161C0E9D3
:1060300004237047831E0A46022B00D9704700F1E3
:1060400010014FF0010C034B0CFA01F103EBC010EF
:10605000FFF79CBB40000020831E0A46022B00D99C
:1060600070470121024B814003EBC010FFF78EBB4C
:106070000000002040687047124A134BD2F82002FB
:1060800020F07F40984210B584B002D200EB80002F
:1060900040000E4C69460A22FFF712FA69460023B7
:1060A000204611F8012B01333AB10A2B20F8022FB8
:1060B000F7D11623237004B010BD5B00DBB2237050
:1060C00004B010BD00441F4080969800B83B0020EB
:1060D000F8B5144C4FF0E025134E4FF4003204EBAA
:1060E0004024124F06EB40160346C5F88C2121468A
:1060F00030463A88FFF786FF3B882344BFF34F8F33
:10610000C5F85C4F2034A342FAD8BFF34F8FBFF3DA
:106110006F8F03203146FFF79FFF4FF40033C5F820
:106120000C31F8BD80002020003F0020E404032053
:106130002DE9F843244BC5691C884368C3F30E431B
:10614000E41A002C25DD2149A7B221480A780078FD
:10615000D3B2204E8242204807D010F8039036F880
:106160001980C8F50072944218D90133002226F82C
:106170001570082B194E88BF134626F8152098BFB6
:10618000DAB2C554164B0A701A6814441C60BDE894
:10619000F8832846BDE8F843FFF79ABF08EB49208B
:1061A00010492246B844084401EB452100F03CFB6D
:1061B0000B4A284626F81980136823441360BDE86B
:1061C000F843FFF785BF00BFE4040320F604032073
:1061D000F7040320F003032010040320000403202D
:1061E000EC030320800020202DE9F8431E4B1A7891
:1061F000002A37D11D4B1B78A3B31D4E02F0FF05BB
:1062000032887AB3DFF87480C2F50069194F98F8C4
:1062100000304A46184C07EB431704EBC3242B46C7
:1062200038462146FFF7EEFE04EB0902BFF34F8F1D
:106230004FF0E023C3F8704F2034A242FAD8BFF3E6
:106240004F8FBFF36F8F04203946FFF7F3FE98F8A6
:106250000030002201333280DBB2032B98BF1D4691
:1062600088F80050BDE8F883FB040320FD040320F8
:10627000E60403200040002080102020FA040320C0
:106280002DE9F04F87B00490002900F0BE80002374
:106290005F4C604F4FF00109DFF890A15E4E029312
:1062A00003915E4B5E4A1D783B8802EB451284F8F1
:1062B00000900192002B40F0A48098461D469B461A
:1062C0000198FFF7D7FE10F0800000F08A80BFF33E
:1062D0004F8F9AF8003084F800B00DB9D6F80080DE
:1062E000002B7AD13368A3EB0803782B00F282806D
:1062F0004C4B1B78002B70D0FEF7B0FD3B8801257E
:1063000084F80090002BDBD044491A46C3F50060A6
:106310000D78039900EBC520DFF814B1ED0291422E
:10632000584417D20593DDE90321019200F07CFA6D
:10633000019A4FF04041059B9B1A3B803A4BC3F8B2
:106340008410BFF34F8F029800231044237007B0CE
:10635000BDE8F08F5D44049900F066FA00234FF425
:10636000006229460198FFF74DFEBFF34F8F05F1FC
:10637000200205F50063934294BF012340234FF0B0
:10638000E02205EB4313C2F8705F2035AB42FAD12F
:10639000BFF34F8FBFF36F8F04200199FFF74AFEC1
:1063A0001E4A13780133DBB2042B28BF002313707D
:1063B0003B88039AD11A029A1A4403910292049AD2
:1063C0001A4400230492184A3B80C2F88430BFF379
:1063D0004F8F237000297FF464AF029807B0BDE8A7
:1063E000F08F4FF400620D4B8AF800001D781346C1
:1063F0003A808EE7012302988AF8003007B0BDE8A2
:10640000F08F1A46C3F5006083E70846E6E700BF51
:10641000FB040320E604032034040320FA040320D1
:1064200000400020FD04032000002E40F90403205A
:1064300080102020704700BF2D4B002180222D4866
:1064400070B51B7800242C4E8B422C4D0CBF402382
:106450004FF4007333802B800BF092FB284A2146C7
:10646000284B14704FF4807227481C800BF088FB77
:10647000264A1021264B0220C2E90044C2E9024408
:10648000244AC3E900441470234AC3E90244234B5D
:106490001C70234614602246FFF782FD204B2246E3
:1064A00031880320FFF74AFD234601222988042072
:1064B000FFF776FD20460134FFF70AFE082CF9D1DC
:1064C000184B00214A221848184C0460C3F8841065
:1064D000C3F88020D3F84821154942F08072C3F8F0
:1064E000482121B1134A137843F00103137070BDA2
:1064F000FE04032000400020E4040320E8040320FD
:10650000FA040320E6040320003F0020F0030320E8
:1065100000040320F6040320EC030320F704032007
:106520003142010000002E409C040320E94201009A
:1065300000000000000503202DE9F84F4FF4003261
:106540004FF0E0238A46C3F88C212B4B1C7800299E
:1065500050D08346E4B20027DFF8B490274B58466A
:10656000274AAAEB07081B78A34204F1010438D09C
:10657000092C244B244928BF00241E5D39F816300D
:1065800031F8165003EB4621ED1A1144A8452A466E
:1065900017D24246584600F047F91C4939F81640D0
:1065A00050460B68A044A3EB0A0329F816803B442D
:1065B0000B604FF0E0234FF40032C3F80C21BDE82C
:1065C000F88F00F031F9114A2F4430461368AB447C
:1065D0005B1B1360E3B2084A1370FFF779FDBA45FD
:1065E000BCD84FF0E0234FF400323846C3F80C21FA
:1065F000BDE8F88F0846DCE7F7040320F604032023
:106600008000202010040320F0030320EC0303206B
:10661000000403200B4B0C4A12781978D3B28A423B
:106620000DD0013309480A4A092B0A4928BF002323
:10663000C35C31F8131002EB4323585C70474FF0F2
:10664000FF307047F6040320F704032010040320F2
:106650008000202000040320044B10B51C680CB1FE
:10666000204610BDFEF7FAFB204610BDEC030320C8
:106670002DE9F84F144E154D33782A78934221D0E6
:10668000DCB2DFF85090DFF850B0DFF85080104FE8
:106690000134082C5FFA84FA01D90024A24619F8C3
:1066A0000400DBF8003038F8102037F81010521AC8
:1066B0009B1ACBF80030FFF70BFD86F800A02B7873
:1066C000A342E5D1BDE8F88FF7040320F6040320C8
:1066D0000004032010040320EC030320F003032034
:1066E00000B583B001210DF10700FFF725FF20B1B0
:1066F0009DF8070003B05DF804FB4FF0FF30F9E7A9
:10670000094B00B583B01B788DF807003BB1012120
:106710000DF10700FFF7B4FD03B05DF804FB03F0D3
:10672000FF0003B05DF804FBFD040320044B1B785D
:1067300003F0FF020BB1FFF7A3BD1046704700BF87
:10674000FD0403202DE9F04100240D4E01230D4DE1
:10675000A0460D4F33703B782846A34205D0FFF783
:1067600089FC030658BF08F5006801342035042C65
:10677000F1D1BFF34F8F002340463370BDE8F08165
:10678000FB04032000400020FA0403202DE9F84315
:106790001F4B1B7813B11F4E32880AB9BDE8F8832E
:1067A000DFF88080C2F500691B4F98F800304A4638
:1067B0001A4C07EB43171A4D04EBC3240123384648
:1067C0002B7021460023FFF71DFC04EB0902BFF3E9
:1067D0004F8F4FF0E023C3F8704F2034A242FAD815
:1067E000BFF34F8FBFF36F8F04203946FFF722FCB2
:1067F00098F80030002201333280DBB2042B28BF2E
:10680000134688F80030BFF34F8F2A70BDE8F88335
:10681000FD040320E6040320004000208010202017
:10682000FB040320FA040320844641EA000313F02A
:1068300003036DD1403A41D351F8043B40F8043B87
:1068400051F8043B40F8043B51F8043B40F8043B4A
:1068500051F8043B40F8043B51F8043B40F8043B3A
:1068600051F8043B40F8043B51F8043B40F8043B2A
:1068700051F8043B40F8043B51F8043B40F8043B1A
:1068800051F8043B40F8043B51F8043B40F8043B0A
:1068900051F8043B40F8043B51F8043B40F8043BFA
:1068A00051F8043B40F8043B51F8043B40F8043BEA
:1068B00051F8043B40F8043B403ABDD2303211D38A
:1068C00051F8043B40F8043B51F8043B40F8043BCA
:1068D00051F8043B40F8043B51F8043B40F8043BBA
:1068E000103AEDD20C3205D351F8043B40F8043B8A
:1068F000043AF9D2043208D0D2071CBF11F8013B88
:1069000000F8013B01D30B8803806046704700BF4D
:10691000082A13D38B078DD010F003038AD0C3F15C
:106920000403D21ADB071CBF11F8013B00F8013B3E
:1069300080D331F8023B20F8023B7BE7043AD9D3FD
:10694000013A11F8013B00F8013BF9D20B780370D2
:106950004B7843708B7883706046704710B5002386
:106960004FF470440F224FF4806EA0F88C4119460A
:10697000A0F88E214FF46044A0F890310A46B0F898
:10698000883148F2B82C9BB243F0F003A0F888316C
:1069900001EB4103013100EB431304299C80A3F870
:1069A00006E05A841A865A805A81A3F80EC05A8289
:1069B000DA825A83DA83EBD1B0F888319BB243F0A4
:1069C0000F03A0F88831B0F888319BB243F47063AC
:1069D000A0F8883110BD00BF374B384A996F38484E
:1069E00041F47F0170B5996741F20106D3F8801038
:1069F00045F6C05543F226040A43C3F88020FFF74A
:106A0000ADFF00F58040FFF7A9FF00F58040FFF7DC
:106A1000A5FF00F58040FFF7A1FF0022A0F50310BD
:106A20004FF00F0E114600EB42134FEA421C0132A9
:106A30009981042A5981A3F80EE09E82DD8020F816
:106A40000C1019829C81EED100221E484FF00F0ECF
:106A500041F20106114645F6C05543F2260400EB0B
:106A600042134FEA421C01329981042A5981A3F84A
:106A70000EE09E82DD8020F80C1019829C81EED100
:106A8000002211480F2641F20105114645F6C05477
:106A900043F2260E00EB42134FEA421C0132998169
:106AA000042A5981DE819D82DC8020F80C10198235
:106AB000A3F80CE0EED170BD00C00F40000003FC55
:106AC00000C03D4000001E4000401E4008B5D0E917
:106AD00000325BB1BAB10F4BA3FB0213DB0803EB2F
:106AE0004303B2EB83030AD1012008BD094BA3FB8A
:106AF0000213DB0803EB4303B2EB830301D0D21A8A
:106B00004260F02AF0D80BF0FBF91C22034600206B
:106B10001A6008BDABAAAAAA70B550B3044619B151
:106B2000B2FA82F676099AB9206810B3626802B3A5
:106B3000154B164902FB03F3B1EBB30F19D3A3684E
:106B4000EBB9002323606360A360E360012070BDA4
:106B50001D46049BC0E90012C360FFF7B7FF60B198
:106B6000002DF3D0626831462068A5600BF008F86C
:106B7000ECE70BF0C5F916230360002070BD00217F
:106B80000AF0FEFFDDE700BFABAAAAAA55555515CE
:106B90000346084619460AF03FBA00BF38B5054615
:106BA000082000F0C3F92946044601F08DF9054A92
:106BB0000549204600F03CFF204600F0CFF900F0E8
:106BC00055FA00BF315E01008407002038B5054644
:106BD000082000F0ABF92946044601F0B5F9054A52
:106BE0000549204600F024FF204600F0B7F900F0E8
:106BF0003DFA00BF715E0100900700200FB4F0B5B0
:106C000083B000AF07F1200454F8046B30460BF05A
:106C1000F7FB00F2072323F00703ADEB030D00F5AC
:106C200000712346324668467C6000F067F8082011
:106C300000F07CF96946044601F090F9044A0549E0
:106C4000204600F0F5FE204600F088F900F00EFA2C
:106C5000B15E01009C070020F0B59DB0064600AF74
:106C60000C46A41B0D496922381DFFF7DDFD04F118
:106C7000700323F00703ADEB030D6822391D68464E
:106C8000FFF7D2FD224631461AA86C44FFF7CCFD2F
:106C90000023684684F86830FFF780FF441D002019
:106CA0002DE9F84300AF84B00DF10C09114E124DDF
:106CB000E846CE46A5FB0243DB0803EB830CA2EBC0
:106CC0004C0C1446092C16F80C200EF8012D1A460F
:106CD000F0D8A9EB0E09894509D8C9F10C014A463B
:106CE0004144FFF7A1FD4846BD46BDE8F8834FF09B
:106CF000FF39F8E7B01D0020CDCCCCCC2DE9F04118
:106D0000154612780139074646180446104632B92E
:106D100013E02A7804F8012B01352A7862B1A642E3
:106D200030D9252AF5D16A78732A1AD07A2A08D060
:106D3000252AEED10135EDE7E01B00232370BDE8E5
:106D4000F081AA78752AE4D19846311B58F8042BB3
:106D50002046FFF7A5FF002814DD04440335434611
:106D6000DBE753F8041B0A7852B104F8012B11F841
:106D7000012F2AB1A642F8D131463846FFF76CFF01
:106D80000235CAE721463846FFF766FF0868B0F1CA
:106D9000804F08B51DD2904204D9B0EB420F4FEAA4
:106DA000420304D3BDE808400130FEF741B8B3F117
:106DB000804F08D36FF040430B604FF08040BDE838
:106DC0000840FEF735B80B60581CBDE80840FEF7D8
:106DD0002FB80148FFF7FAFEBC1D0020034653F808
:106DE000080B984201D0FEF725B8704770B50546EC
:106DF00082B055F8083B01919D4218BF8268019B03
:106E000008BF0F229342044601D802B070BD01A909
:106E1000FFF7BCFFD4E9001306465A1C73B13AB918
:106E20000846FEF707F8019B2660A36002B070BD1C
:106E3000FFF7FAFC21688D42F2D1F4E70B7803707A
:106E4000F8E700BF21494A6830B5A0F1080442B311
:106E500050F8085C04EB050E724522D8536827D021
:106E600001F1040C33B92DE0596802F1040C1A4603
:106E700051B10B469E45F7D822D1536819685B681B
:106E80005360DCF800300D441A6899188C420CD01D
:106E90005B6840F8043CDCF8003040F8085C5C605B
:106EA00030BD40F8042C4C6030BD2A441A6030BD1F
:106EB000126840F8043C2A4440F8082C4C6030BD6D
:106EC0001346E1E7134601F1040CDDE7884000209A
:106ED000154900F108034868082B38BF082308B398
:106EE000073323F00703043102E0011D406890B12D
:106EF00002689342F9D80868026830B4D41A072CA3
:106F0000456809D9C2185560C450086830BC036090
:106F100008300A607047704702602A46083030BC6B
:106F20000A607047704700BF8840002010B500F12C
:106F30008004204609F0E2FA034630B180220021A5
:106F400018460AF01DFE803010BD2046FFF7C0FF36
:106F500003460028F2D100F0FFFC00BF064BD3E946
:106F6000022380381344984203D2824201D2FFF7B1
:106F700069BF09F0CBBA00BF88400020F0B5364D9C
:106F8000364889B00026C5E90166EE6009F052FA7C
:106F9000334B344A0821CDE902130923CDE90463B8
:106FA0000423CDE906230446002835D023782E4853
:106FB0003A2B08BF01340F2221460AF01BFD10B9FD
:106FC000E37B2E2B16D020463A210AF027FE0446FA
:106FD0000028EBD1079A049C402AA8BF4022002C2D
:106FE00008BF06243E3402FB04F4A400EC60B4B9EC
:106FF00009B0F0BD103402AE376821463A461FB1E1
:1070000070680AF0F7FC10B9E35D3D2B11D00C3627
:1070100008AB9E42F0D1D6E74FF48864EC6020467E
:1070200009F06CFAA860A0B10023C0E900436860D1
:10703000DEE7781C2044002201A909F091FF019CA1
:1070400023783A2B01D0002BBDD10028A8BFB06017
:10705000B9E7E860CCE700BF88400020D41D0020DD
:10706000E81D0020F41D0020001E00201EB400F0CA
:107070008DF81EBC08F0C6FFF0B50278472A83B031
:107080000C461D4619D0264E0020336801909B689F
:107090003046984778B1019B1B680193022723680B
:1070A000314620461E6901AA0123B04738BB074676
:1070B000384603B0F0BD0127F1E743784E2BE2D10B
:1070C0008378552BDFD1C378432BDCD10379462B52
:1070D0001AD0432BD7D143792B2BD4D183792B2BA7
:1070E000D1D1C379012BCED850F8206C4FF00003DA
:1070F00001930ABF3046583056F8786CC5E7019BBB
:107100002B60384603B0F0BD43794F2BBBD1837958
:10711000522BB8D1C0790028B5D1024EB5E700BFD7
:10712000500700203C07002010B5044600F0FEF890
:10713000224612F82039472B04D0836823BB826093
:10714000012010BD63784E2BF7D1A378552BF4D1D5
:10715000E378432BF1D12379432BEED163792B2BA9
:10716000EBD1A3792B2BE8D1E379012BE5D854F8A7
:10717000043C0133012B44F8043CE1D1836844F81A
:10718000083C8260012010BD00F0E6FB08B500F06D
:10719000CDF8836883B393F82020472A04D00022D7
:1071A000826003F1200008BD93F821204E2AF6D119
:1071B00093F82220552AF2D193F82320432AEED1C6
:1071C00093F82420432AEAD193F825202B2AE6D1EC
:1071D00093F826202B2AE2D193F82720012ADED823
:1071E000DA69013ADA61002ADBD19969816000220B
:1071F0009A6103F1200008BD00F0AEFB38B50446EB
:1072000000F094F82246056812F82039472B03D085
:1072100085BB0260284638BD63784E2BF8D1A37831
:10722000552BF5D1E378432BF2D12379432BEFD1C2
:1072300063792B2BECD1A3792B2BE9D1E379012BAB
:10724000E6D854F80C3C002B11DB013344F80C3C1D
:107250004368013B4360954218BF44F8105C656A7F
:1072600018BF0260204608F0CDFA284638BDC3F1A9
:107270000103EBE700F070FB08B500F053F803687A
:107280007BB393F82020472A07D00022026003F145
:107290002000BDE8084008F0B7BA93F821204E2A34
:1072A000F3D193F82220552AEFD193F82320432AD3
:1072B000EBD193F82420432AE7D193F825202B2AF9
:1072C000E3D193F826202B2ADFD193F82720012A37
:1072D000DBD85A69002A05DB013A08D0511C0ED0D0
:1072E0005A6108BD0132FBD119690160F8E71A69DA
:1072F000026003F12000BDE8084008F085BA00F004
:107300002BFB00BF704700BF704700BF00487047AD
:10731000101E002010B504210446FDF78DFD204607
:1073200010BD00BF00487047400003200048704770
:1073300040000320502870B51DD0844600F00F0097
:107340000C2855D8DFE800F0074426071E54545493
:10735000542A22071E00104650F8046B4EB10CF060
:107360007004102C08BF11460E441CF0800F18BF8B
:1073700036681E6070BDD01C20F0030050F8046B0E
:107380001E6070BD104650F8086BE7E7104630F9F4
:10739000026BE3E7104630F8026BDFE70026104689
:1073A000344610F8015B05F07F0E0EFA04FE15F06E
:1073B000800F46EA0E0604F10704F2D11F2CCDD847
:1073C0006D06CBD54FF0FF3505FA04F42643C6E72A
:1073D00000261046344610F8015B05F07F0E0EFAC9
:1073E00004FE2D0646EA0E0604F10704F3D4B5E7C1
:1073F000FEF798F9FF2808B5034612D003F0700392
:10740000302B084613D005D8202B09D1BDE8084001
:1074100009F00DB8402B06D1BDE8084008F0F4BFD4
:1074200003D8002008BD502BFBD0FEF77BF9BDE848
:10743000084008F0F9BF00BFF8B50C4615460646EF
:1074400008B108F0E1FF286014F8017BFF2F28D174
:107450006860204610F8013BFF2B32D01023002437
:107460002B75224610F8011B01F07F03934009069B
:1074700044EA030402F10702F4D40444EC6010F877
:10748000013B6B750024224610F8011B01F07F03BD
:1074900093401C430B0602F10702F5D404442C610F
:1074A000F8BD31463846FFF7A5FF2B1D01462246A1
:1074B0003846FFF73FFF0446204610F8013BFF2BFC
:1074C000CCD12B750024D9E72DE9F04F97B00023DC
:1074D0001C46029300F00303012B0C9488461746C8
:1074E00000F0AB80022B0AD13946404608F076FF07
:1074F000002840F09780082017B0BDE8F08F002BDF
:1075000040F01C8210F00804EED110AB012503936B
:10751000039B009300230C2219463846CDF8408087
:1075200008F0A0F9384608F075FF05900028DBD078
:1075300044EA05030493029B039A05998DF854309D
:1075400038460023CDE91333FFF776FF9DF854301A
:107550000293054639461846139B149C0693FFF781
:1075600049FF0DF13C090023079012901946CDF810
:1075700000900F22384608F04DF90F9BA54223F0EA
:10758000010303F1FF3B34D29DF85560DDF840A0C4
:1075900000213046FFF72EFF2A4601460DAB30464C
:1075A000FFF7C8FE002105463046FFF723FF2A46B5
:1075B00001460EAB3046FFF7BDFE002105463046C2
:1075C000FFF718FF2A4601464B463046FFF7B2FE4A
:1075D00005460020024615F8011B01F07F03934089
:1075E00018430B0602F10702F5D40D9B53445B458B
:1075F0001CD9049BDC0727D50C9B00251C462E4676
:1076000000231946CDF8009038460D2208F002F903
:10761000059BC8E90B360F9BC8F82030C8E909451F
:10762000062069E7092017B0BDE8F08F0E9A1344D1
:107630005B4560D8A542ABD3DBE710F008040AD065
:1076400010AB0393022563E7049B180700F17481D4
:10765000404607F082FE10AB0D6A03930093029B35
:107660000D221946384608F0D5F8109B9D42E9D105
:10767000039B0093029BCDF840800C2219463846AC
:1076800008F0F0F8D8F83060002EE1D0D8E90A53BD
:107690000DF13C090593002DC0F20681032400235F
:1076A0001A461946CDF800903846CDF83C8008F0CF
:1076B000D9F8002319460122CDF8009038460F95DD
:1076C00008F0D0F8002319460F22CDF80090384674
:1076D00008F0A0F80F9ACDF8009002F00102002304
:1076E00032430F9238460F22194608F0BBF8022C9D
:1076F00068D0072000E70F9E002E3FF4F5AE119AE8
:107700001644002800F0F98001380444002E3FF4AC
:10771000EBAE049B13F008030A9300F0F980884B4A
:10772000C8F80030874BC8F80430029BCDE90867E1
:1077300003F007034FF0000A4FF0010B0B930025F5
:107740002A4614F8011B01F07F039340080645EA1E
:10775000030502F10702F4D41F2A05D84B0603D50E
:107760000BFA02F35B421D4300262046324610F816
:10777000011B01F07F0393400F0646EA030602F166
:107780000702F4D41F2A36D8490634D50BFA02F37F
:107790005B421E43002D6DD0049B022B10D0002DA8
:1077A0002FDC069A6FF040435B1B02EB8307B8F1B6
:1077B000000F02D00A9A002A60D03B689BB12EB11C
:1077C0003444BCE74046FFF7AFFC92E75346DDE99F
:1077D0000867002B3FF488AE049BDD073FF584AEBD
:1077E000002502245BE7049BDA07DDE9086719D569
:1077F0000C9B1C4604E785B1049B022BDFD0002DB7
:10780000CFDD029BFF2B76D00B9A042A00F29680E4
:10781000DFE802F00D942C0D28004FF0010A002E35
:10782000CED1D3E7002D3FF439AF00F0A3F8069B8B
:10783000A3EB8502079902984B46FFF77BFD0F9952
:1078400049B1B8F1000FBAD00CAB00224046FFF7A7
:1078500013FC0028B3D0049BD907DDE908677FF546
:107860001DAFC5E7069BA3EBC502E3E7069BA3EBB1
:107870004502DFE74FF0010A344460E7069A52F808
:1078800023100C9B0F9321B94CE057F8041F0029DB
:1078900037D039444B4600224046FFF7EDFB002825
:1078A000F3D0002E8CD191E7069B039A0599139390
:1078B0003846029B8DF85430FFF7BEFD9DF854000A
:1078C000139C3946FFF796FD6FF040435B1B04EBBA
:1078D000830C54F8233033B16246002352F8041F5E
:1078E00001330029FAD1C8E90A300423C8F834C0AA
:1078F000C8F83030D2E6069A9CE7002E7FF46CAFD1
:10790000F2E5049BDB07DDE908677FF5C4AE6FE7AE
:1079100098F80730012B0CBF58F8203C08F15803A9
:107920000C9302E71C46049BDB07DDE908673FF583
:1079300067AEB0E6FFF762FC00F00EF8FDF7F2FE6E
:10794000474E5543464F520008B58047FDF7EAFEC3
:10795000FFF754FCFDF7E6FE08B5034B1868BFF3CC
:107960005B8FFFF7F1FF00BF8038002008B580472C
:10797000FFF7F2FF08B5034B1868BFF35B8FFFF703
:10798000F5FF00BF84380020024B1868BFF35B8FFF
:10799000704700BF80380020024B1868BFF35B8F30
:1079A000704700BF84380020012810B51AD8BFF3F3
:1079B0005B8FA1F1280353E8002F013A43E8002030
:1079C0000028F8D1BFF35B8F5AB951F81C3C01F184
:1079D00058040BB1204698472046BDE81040FFF7F9
:1079E000BDBA10BD51F8140CFFF7AEFF002310B55F
:1079F00040E91E1240F8803C0446FFF7CDFF44F8F2
:107A0000700CFFF7C1FF0749074A084B44F8581CA0
:107A100044F8542C44F86C0C44F8503CA4F1800019
:107A200010BD00BF474E5543432B2B00A95A010000
:107A300070B504460D461646FFF778FC43680133DF
:107A40003246294643602046FFF7D0FF0446012313
:107A500044F8283B204608F0C5FA2046FFF7CEFB45
:107A6000FFF77AFF10B5FFF761FCD0E90042013261
:107A7000426064B194F82020472A0AD000220260B4
:107A80002034204608F0CEFA2046FFF7B7FBFFF778
:107A900063FF94F821204E2AF0D194F82220552A31
:107AA000ECD194F82320432AE8D194F82420432AE7
:107AB000E4D194F825202B2AE0D194F826202B2A13
:107AC000DCD194F82720012AD8D862695242626139
:107AD000D6E700BF10B5034B0360044600F00CFC72
:107AE000204610BD0C0C002010B5054B0360044669
:107AF00000F002FC20460C21FDF79EF9204610BD47
:107B00000C0C002070B582B00446069E96420D46CD
:107B100009D0A06804680696246A2946A44602B0E3
:107B2000BDE87040604719460192009300F064F888
:107B3000DDE900320028ECD0062002B070BD00BFA5
:107B40002DE9F04F0D4681B01946DDE90A8BDDE9DC
:107B50000CA91C460746164600F04EF880B9D045E1
:107B600027D0B86823460468CDE90CA9CDE90A8B73
:107B7000E46932462946A44601B0BDE8F04F6047AB
:107B8000002DC9F8008089F804600CDBA844C245C8
:107B900014BF4FF001084FF0060889F80680002056
:107BA00001B0BDE8F08F0235F9D1012389F8063024
:107BB000F5E75946384600F01FF80028D1D089F87B
:107BC0000560ECE72DE9F04106460F4614461D46D8
:107BD00000F0CCFB48B9B068016822468C692B469E
:107BE0003946A446BDE8F0416047BDE8F08100BFDA
:107BF000704700BF00207047814211D008B540682F
:107C000003782A2B0AD049680B782A2B08BF013148
:107C10000AF0C6F9B0FA80F0400908BD002008BD9E
:107C20000120704770B53A4B1A7882B0002A3ED1D5
:107C300001241C7007F00CFC78B34468354D2378A0
:107C40002A2B08BF013400224FF0FF30114601AB50
:107C50000190204607F004FB2B683022DB680121ED
:107C600006462D4809F03CFD2A68019BD16883B186
:107C7000204609F025FB2B682848DB6802220121F9
:107C800009F02EFD019B13B9304608F03FFCFFF7C9
:107C9000E9FE304609F014FBEDE71E4B20481B6857
:107CA0002D22DB68214609F01BFDFDF73BFD194B3A
:107CB0001C481B681D22DB68012109F011FDFDF73E
:107CC00031FD01290C4619D1FFF798FA03689B682A
:107CD00098472B682146DB6804460B22124809F0BE
:107CE000FFFC2B682046D96809F0EAFA2B680A20C5
:107CF000D96809F065FAFFF7BFFAD6E7FFF77EFA11
:107D0000FFF7BAFAD1E7FFF7B7FAFFF7AFF900BF0D
:107D1000F3040320043B0020441E0020781E0020B2
:107D20007C1E0020241E0020AC1E002040687047EE
:107D300010B543680C4A0D490446A3F10C0090426B
:107D400082B0216005D12046FFF7DCFA204602B060
:107D500010BD53F8042C511E002A43F8041CF2DC19
:107D600001A900F067F9EEE764000320880C002009
:107D700010B543680C4A0D490446A3F10C0090422B
:107D800082B0216005D12046FFF7BCFA204602B040
:107D900010BD53F8042C511E002A43F8041CF2DCD9
:107DA00001A900F047F9EEE764000320880C0020E9
:107DB00010B543680C4A0D490446A3F10C009042EB
:107DC00082B0216005D12046FFF79CFA204602B020
:107DD00010BD53F8042C511E002A43F8041CF2DC99
:107DE00001A900F027F9EEE764000320880C0020C9
:107DF00010B543680E4A0F490446A3F10C009042A7
:107E000082B0216008D12046FFF77CFA2046FDF7BA
:107E100011F8204602B010BD53F8042C511E002A60
:107E200043F8041CEFDC01A900F004F9EBE700BF04
:107E300064000320880C002010B543680E4A0F49E7
:107E40000446A3F10C00904282B0216008D1204684
:107E5000FFF758FA2046FCF7EDFF204602B010BDB0
:107E600053F8042C511E002A43F8041CEFDC01A92E
:107E700000F0E0F8EBE700BF64000320880C00206E
:107E800010B543680E4A0F490446A3F10C00904216
:107E900082B0216008D12046FFF734FA2046FCF773
:107EA000C9FF204602B010BD53F8042C511E002A11
:107EB00043F8041CEFDC01A900F0BCF8EBE700BFBD
:107EC00064000320880C0020F0B51B4B83B00446EF
:107ED000036071B308460D460AF092FA0646A8B14F
:107EE00001AA002100F07AF8012E074600F10C03E8
:107EF00011D0184629463246FEF796FC03460F4A33
:107F000097420BD12046636003B0F0BD0C4B636019
:107F1000204603B0F0BD2A780273F0E70022BA6071
:107F20003E6037443A73EDE72046FFF7EBF9FFF781
:107F30009DF80448FEF732FE880C00206400032000
:107F400070000320B81E002010B50446FFF7BCFFE8
:107F5000014B2360204610BD9C0C002010B5044648
:107F6000FFF7B2FF014B2360204610BDB00C00208C
:107F7000F0B5054683B0E2B10E4629B314460021A0
:107F800001AA204600F02AF8012C074600F10C0354
:107F90000CD0184631462246FEF746FC03460C4AF2
:107FA00097420BD128462B6003B0F0BD32780273A4
:107FB000F5E7084B2B60284603B0F0BD0022BA60FD
:107FC0003C6027443A73EDE70348FEF7E7FD00BF46
:107FD0006400032070000320B81E0020134B984259
:107FE00010B51FD88842044614D94A00904238BFC1
:107FF000144604F11D02B2F5805F04F10D000BD9A7
:10800000A14209D204F58054C2F30B02A41A9C4287
:1080100028BF1C4604F10D00FCF70AFF0022C0E94E
:10802000014210BD0248FEF7D1FD00BFFCFFFF3F3B
:10803000E41E0020FCF7FEBE00487047FC1E002036
:108040001368994201D0002070475368181AB0FA9B
:1080500080F04009704700BF704700BF004870477C
:10806000041F0020742A10B41CDC572A0FDC4D2A90
:1080700013DC3B2A28DC242A21DC0F2A01DC0E2A0F
:108080000BD8154BC0E900235DF8044B7047134B28
:10809000A2F15804E340DC07F3D4C0E900215DF805
:1080A000044B7047A2F17603182BF6D80C4C24FA37
:1080B00003F3DB07F1D5084BC0E90023E4E7A2F1A5
:1080C0002D03012BDDD9E8E7064BA2F13C04E34088
:1080D000DB07E2D5D5E700BF8C3800209D00BF1F2D
:1080E000BF07F1018F080200704700BFC0E90021FF
:1080F000704700BF4B68834201D00020704708687A
:10810000801AB0FA80F04009704700BF704700BF86
:10811000704700BF2DE9F04300F108034FF000085D
:1081200085B00446C0E90038914680F808803C27B5
:108130000BE02B7803B328460AF062F90646236861
:10814000666003F80680636893B939462046FEF7F7
:108150004DFE25683A4685F800802946484609F0D4
:1081600035FE0028E7D02228E3D17F000026E6E78D
:10817000204605B0BDE8F0830C4B0FCBEC46ACE8D5
:108180000700EE46ACF80030BEE807000D262B7362
:1081900028606960AA60D2E72046FEF71FFEFEF75E
:1081A00065FF2268002363601370F5E70C1F002051
:1081B00010B50446FCF73EFE204610BD10B504463F
:1081C000FCF738FE204610BD10B50B6886B004469B
:1081D0001B6968469847DDE900122046FFF7C8FE94
:1081E000009802AB984201D0FCF724FE204606B06E
:1081F00010BD6846FEF7F2FDFEF738FF742910B493
:108200001BDC572924DC4D2908DC3B292CDC2429E4
:1082100025DC0F2901DC0E2900D81748536883425A
:1082200003D000205DF8044B704710685DF8044BE4
:10823000401AB0FA80F040097047A1F17603182B7C
:10824000ECD80E4C24FA03F3DB07E7D50A48E5E740
:108250000B4BA1F15804E340DC07DFD5DDE7A1F1CA
:108260002D03012BD9D9D9E7064BA1F13C04E340FA
:10827000DB07D3D5D1E700BF8C380020BF07F10161
:108280009D00BF1F8F08020008B50649064A07482F
:10829000FEF77EFCBDE80840034A05490548FEF7A5
:1082A00077BC00BF0D620100983800208C38002098
:1082B000116201008838002070B5036884B0002482
:1082C0009E690394102315460293CDE900446B4642
:1082D0001268B0479DF8043003F00603062B03BF75
:1082E000009B2B600120204604B070BD0098904296
:1082F0000CBF06200120704710B5034B03600446F5
:10830000FFF776FC204610BDE00B002010B5054BB2
:1083100003600446FFF76CFC20460821FCF78CFD47
:10832000204610BDE00B00202DE9F041069F089982
:10833000099E8F42044690461D460CD02946204691
:10834000FFF75AFC20B10123376086F80480B3712F
:108350000020BDE8F0810799FFF74EFC0028EDD022
:1083600086F805800020BDE8F08100BF38B51546CD
:108370001C46FFF741FC00B938BD082206232560E2
:10838000E260237138BD00BF2DE9F0410646174673
:108390001D460C46FFF730FC48B9032D07D823686B
:1083A0003A46314620465B69BDE8F0411847BDE8D2
:1083B000F08100BF502970B584463BD834295BD882
:1083C00029290AD9A1F12A00082831D8DFE800F0CC
:1083D000171615301517172E16000A2924D9A1F1E2
:1083E0000B052D48EDB20124AC402040F0B92B48DC
:1083F000044204D12A482040A8B1CAB1C3B1DCE983
:108400000540844214DADCF8105004EB840E05EBCE
:108410008E0001340026C0E90166CCF8144005F84E
:108420002E10C0E9032370BD0429E6D9002AE6D145
:10843000002070BDA1F152000C28F7D801A454F817
:1084400020F000BFFF640100FF6401002D65010002
:10845000FD640100FD640100FB6401002D65010065
:108460002D650100FF6401002D6501002D650100EF
:108470002D650100FB640100A1F135050948EDB24D
:108480000124AC4020400028D0D1074820400028DB
:10849000B3D14F29B3D070BDFE1F005F00C07F0075
:1084A000010080000711C701F82E000A70B5C268EC
:1084B00013786E2B014623D0303BDAB2092A28D834
:1084C0000026154C00206FF0004E07E0CB685A1CC8
:1084D000CA605B78303BDAB2092A0DD8AEEB0302F2
:1084E000A4FB025200EB800CB0EBD20F03EB4C006C
:1084F000ECDD4FF0FF3070BD002EFCD0404270BD6F
:10850000531CC3605378303BDAB2092A01D80126E4
:10851000D7E7002070BD00BFCDCCCCCC10B5044651
:1085200051B1682917D02046FFF7C0FFE3681A78D9
:108530005F2A0ED0002010BDC3681A78002AF9D037
:108540005A1CC2601B78682B05D0762BEBD000201C
:10855000F1E70133E3602046FFF7A8FFE3681A78EC
:108560005F2AE7D10133E360012010BDC3681A78A8
:108570005F2A01D00120704710B55A1CC2605A789A
:108580005F2A044604D0FFF791FFC043C00F10BD1F
:108590000233C360FFF78AFF002809DB092805DDE5
:1085A000E3681A785F2A03D10133E360012010BD2C
:1085B000002010BD002977D038B505460C46A268CA
:1085C000012A2FDCD5F81C31B3F5806F2ADC237823
:1085D0000132422BA26037D8232B24D8013BDAB2D8
:1085E000222A1FD8222B1DD8DFE803F017171712F5
:1085F0001C1C2A2A171717171717171717171717DB
:108600001717171C1717171717171717171717000C
:10861000D5F844310133C5F84431D5F81C31B3F5F0
:10862000006F26DD38BDA3F12401C9B201228A40C2
:108630001E4911400029F0D192072BD1342BF1D1E2
:108640002469002CBBD138BD453BDBB2192BE9D8DE
:108650001749012202FA03F319400029DDD1154A16
:10866000134202D113F0180FDCD0E468002CA6D11D
:10867000E9E70133C5F81C31E1682846FFF79AFFA6
:1086800021692846FFF796FFD5F81C31013BC5F854
:108690001C3138BDE3681B78052BBED1D5F83831C5
:1086A0000133C5F83831B8E7704700BFEC7DFE7F75
:1086B000C16F000206100400034600202BB909E038
:1086C000DA682AB11B6901301BB11A78302AF7D059
:1086D000704770471846704720B909E039B1006902
:1086E000013930B10378302BF8D000207047C068D2
:1086F00070477047F0B514465268A5684B1C134488
:10870000AB4283B00E46074611D8E5686DB9636881
:108710002068324618443946FEF786F8D4E900321C
:1087200033449D5463683344636003B0F0BDE26832
:10873000002AFAD155B16D00AB42FCD82068294619
:1087400008F0C4F938B12060A560DEE7022B4FF0D5
:108750000205F0D8F2E70190206807F0D7FE019BF0
:108760000122C4E90033C4E90232DEE703784B2B6F
:1087700017D00ED8442B16D14078A0F17703012BE7
:108780000FD900F0DF00A0F14F00B0FA80F04009EF
:108790007047562B05D0A3F17200B0FA80F0400963
:1087A0007047012070470020704700BFD0F80031AB
:1087B000FF2B70B504460D4606D05A1CC4F80021A4
:1087C000E55484F8045170BD0026194680F8FF6016
:1087D000D0E942329847D4F8281101223346114497
:1087E000C4F82811C4F80021E55484F8045170BD80
:1087F000D0F810318BB15A68CB681069002B0BDBB5
:1088000020B906E03BB10069013B10B10278302A83
:10881000F8D000207047C06870470123C0F81831B5
:10882000F7E700BF002942D038B505460C4623784B
:10883000342B1ED8342B25D8DFE803F02C24242435
:10884000242E2C29292424242424242424242424CC
:10885000242424242C2424242424242424242424D0
:10886000242424242C242424242424242424242CB8
:108870002900433BDBB21C2B04D80E4A22FA03F337
:10888000DB0707D4E1682846FFF7CCFF18B9246955
:10889000002CCCD1002038BD21462846FFF7A8FF88
:1088A0000028F7D00378302BF5D00020F3E7002024
:1088B000704700BFE30C00102DE9F047044608465E
:1088C0000D4609F09DFD68B3013DD4F800112F1845
:1088D0004FF000094FF0010809E00B465546591CBE
:1088E000AF42C4F80011E65484F804611AD0FF299D
:1088F0006E7805F1010AF0D1D4E9423284F8FF9094
:1089000020469847D4F82821C4F8008101231A444E
:10891000BA45C4F82821267084F8046102D015F8FD
:10892000026FDCE7BDE8F08738B5C2681378542BD6
:1089300024D1531CC36052785F2A044620D06E2A8B
:108940001CD0FFF7B3FD411C18D4E3681A785F2AE6
:1089500014D1D4E9052001338242E3600EDA2369A1
:1089600002EB820C03EB8C0001320025C0E90155BB
:108970006261052203F82C20C16038BD002038BD9B
:108980000021E6E72DE9F04788B00A4604461D4974
:1089900001A808F0F1FE01A809F032FD70B301AEA4
:1089A000D4F8001106EB000A4FF000094FF001085F
:1089B00008E02E46591CB245C4F80011E75484F86B
:1089C00004711BD03546FF2915F8017B0B46F0D109
:1089D000D4E9423284F8FF9020469847D4F8282101
:1089E000277001231A44554584F80471C4F82821DE
:1089F000C4F8008102D02F780236DBE708B0BDE86A
:108A0000F08700BF1C1F00202DE9F0410446FFF74E
:108A10004DFD051E44DDE66863689B1B9D423BDC03
:108A2000A26873195207E36004D5725D242A04BF5B
:108A30000133E360092DD4E905781FDD27490822B9
:108A4000304608F0D7FF30B9337A2E2B2BD05F2B6E
:108A500029D0242B27D047451EDA206907EB87034E
:108A600000EB830001370023C0E901336761002375
:108A7000C0E90133C0E9036503700EE047450BDA36
:108A8000206907EB870300EB830001370023C0E96F
:108A900001336761002EEAD10020A062BDE8F081B9
:108AA0000020BDE8F081737A4E2BD4D1E36A1633EF
:108AB0005B1B4745E362EFDA2169094A07EB870050
:108AC0008500002301EB800001376761C0E90133B5
:108AD0004B551523C0E90323DFE700BF201F00200B
:108AE0002C1F00202DE9F041C3681A78532A26D1A3
:108AF0005A1CC2600446587848B39A1CE260587801
:108B00005F2846D0A0F13003DAB2092A1BD8002230
:108B100005E0E56008785F2831D0A0F13003D9B2D4
:108B2000092902EBC20300EB83031ED8303B9A42B3
:108B300005D8E16808781A464D1C0028E9D10025BF
:108B40002846BDE8F081A0F14102192ADFD9A368C7
:108B50001B0720D409BB434B03F1C4051A7882429A
:108B600023D01C33AB42F9D1E9E7A0F14103192B23
:108B7000E5D802EBC20300EB8303373BD7E70133B1
:108B8000226A9A42DBD9E26952F823502846BDE8AE
:108B9000F0810023F4E70121DDE7E3681978433928
:108BA00001298CBF00210121D5E75E69D4E90520A8
:108BB000AEB19042D3F8188052DD276902EB820CE7
:108BC00007EB8C054FF0000EC5E901EE01324FF0C6
:108BD000180E626107F82CE0C5E90368A562002958
:108BE00039D0D3E90371E36A90420B44E36235DD87
:108BF000236902EB820003EB800501320026C5E900
:108C000001666261182203F82020C5E90371E36858
:108C10001A78422A94D1A66A0133E3602046FFF70E
:108C2000F3FE2A4603464E212046FFF7C3FBE368C6
:108C30001A78422A0546EFD0A66200283FF47FAF9B
:108C4000D4E908329342BFF67AAFE1695A1C41F881
:108C50002300226274E7D3E90171C4E70025D6E757
:108C60000025BBE7F4300020F8B5C3681A78572A0E
:108C700028D104460E4607E0E569E36845F822007E
:108C800021621A78572A1DD15A1CE2605A78502A5C
:108C90004FF0550502D10233E36056252046376870
:108CA000FFF7B2FE3A46034629462046FFF782FB0D
:108CB000306030B1D4E908239A4202F10101DBDBD4
:108CC0000020F8BD0120F8BD2DE9F043C16885B052
:108CD00004460846FFF74AFD00BB0B78552B68D8C1
:108CE000402B40F29580413B142B00F29180DFE84D
:108CF00013F099018F00850112018F009301C000CC
:108D00008F008F008F008F008F00DB018F00B2007B
:108D1000A4008F0096008F00E600CE00002201A97B
:108D2000204601F03BFA054600283AD0E3681B785C
:108D3000462B20463AD0FFF7C7FF2860002830D0E6
:108D400003781F3B012B05D8019AC368C2602A68CB
:108D500001922B60019D25B3D4E90832934220DAB9
:108D6000E1695A1C284641F82350226205B0BDE84B
:108D7000F0830123256B2363204600F05FFF25630A
:108D80000246002345212046FFF714FB05460190CB
:108D900038B1E3681A7822B15A1CE2601B788B4222
:108DA00028D00025284605B0BDE8F08300F01AFC65
:108DB000C3E7A3F161025FFA82FCBCF1190F27D867
:108DC000C54D012303FA0CF31D40002D40F0E8824D
:108DD000BCF1140F1CD10131E1602046FFF714FEF5
:108DE0002B46024629212046FFF7E4FA054601906A
:108DF000002DD6D0D4E908329342D2DAE16941F8A5
:108E00002350019D5A1C2846226205B0BDE8F0831C
:108E10000121204605B0BDE8F04301F013BB01314C
:108E2000E1602046FFF750FF002302462421204640
:108E3000FFF7C0FA05460190DAE70131E16020460C
:108E4000FFF742FF0023024623212046FFF7B2FA34
:108E500005460190CCE70131E1602046FFF734FF81
:108E60000023024625212046FFF7A4FA054601907B
:108E7000BEE70131E1602046FFF726FF00230246EE
:108E800027212046FFF796FA05460190B0E7013109
:108E9000E1602046FFF7B8FDE36801901A78492A9F
:108EA000054600F09D822046FFF70EFF2B46024646
:108EB00022212046FFF77EFA0546019098E72046DA
:108EC000FFF732FDE66801903378492B05468FD1D4
:108ED000636B002B40F0BA8200283FF462AFD4E904
:108EE00008218A42BFF65DAFE16941F822000132F4
:108EF00022623278493A012A05D80136E6602046D6
:108F000001F0F6F903462A4604212046FFF752FAFB
:108F1000054601906CE74B1CE3604B78002B3FF457
:108F200040AF8B1CE3604B78463B302B3FF639AFAC
:108F300001A252F823F000BFDD710100A36E010011
:108F4000A36E0100A36E0100A36E0100A36E0100D9
:108F5000A36E0100A36E0100A36E0100A36E0100C9
:108F6000A36E0100A36E0100A36E0100A36E0100B9
:108F7000736E0100A36E0100A36E0100A36E0100D9
:108F8000A36E0100A36E0100A36E0100A36E010099
:108F9000A36E0100A36E0100A36E0100A36E010089
:108FA000A36E01009D730100A36E010071730100A7
:108FB0004173010011730100F9730100A36E0100F8
:108FC000C973010029740100A36E0100A36E0100A2
:108FD000A36E0100A36E0100B3720100A36E010035
:108FE00089740100A36E0100A36E0100E17201000B
:108FF000736E010059740100597201000131E16082
:109000002046FFF761FE0023024626212046FFF797
:10901000D1F905460190EBE6204600F0E3FA05465B
:109020000190E5E6481CE0604A785F2A00F0D681AE
:10903000303A092A00F2E18103461D460133E3601C
:109040001A78303A092AF8D9A5EB010ED4E905219E
:109050008A42BFF6A6AED4F8108002EB820C002143
:1090600008EB8C0701328E45C7E901114FEA8C0CE1
:1090700062617FF796AEC7E9011108F80C10C7E9E5
:10908000030E6A7818465F2A7FF48BAE0130E060E9
:109090002046FFF719FE3A4603462B212046FFF7EC
:1090A00089F905460190A3E60131E1602046FFF70A
:1090B0000BFE054600283FF474AE2046FFF704FE81
:1090C000034600283FF46DAE2A462C212046FFF7C8
:1090D00071F9054601908BE6FF7BEC032046FFF714
:1090E000E5F9E3681E78622E024600F0D381782EFF
:1090F00003D05F2E7FF455AE0026D4E905108142DF
:109100000FFA82FE03F1010380F2EC81276914203B
:1091100001FB00F03D1801314FF0000CC5E901CC16
:1091200061614FF05F0CBC4907F800C0E960A5F829
:1091300010E0BA49AE7401A8E36008F01DFB01A875
:1091400009F05EF9EB68E26A5B681344002E18BF11
:1091500001330344E36225E68B785F2B00F0B48192
:10916000D4E905329342BFF61CAE226903EB8301BA
:1091700002EB810501330020C5E90100636144234E
:1091800002F821302046FFF791F9E860E3681A7889
:109190005F2A7FF406AE0133E3602046FFF794FDBB
:1091A0002A4603462E212046FFF704F90546019082
:1091B0001EE6D4E90532934280F29981226903EBDD
:1091C000830102EB810501330020C5E901006361E1
:1091D000282302F82130E36A914AEA601133B9E7A3
:1091E000D4E90532934280F28281226903EB830144
:1091F00002EB810501330020C5E9010063612823EA
:1092000002F82130E36A874AEA600833E362C9E57D
:10921000D4E90532934280F26A81226903EB83012B
:1092200002EB810501330020C5E9010063612823B9
:1092300002F82130E36A7C4AEA600A33E362B1E56E
:10924000D4E90532934280F25281226903EB830113
:1092500002EB810501330020C5E901006361282389
:1092600002F82130E36A714AEA600933E36299E562
:10927000D4E905329342BFF694AD22696C4903EB01
:109280008305A8000133636102EB85050023C5E96E
:10929000013313540E23C5E9031383E5D4E90532E2
:1092A0009342BFF67EAD2269624903EB8305A800B5
:1092B0000133636102EB85050023C5E901331354D3
:1092C0000423C5E903136DE5D4E90532934280F226
:1092D0000E81226903EB830102EB8105013300203B
:1092E000C5E901006361282302F82130E36A524A8C
:1092F000EA600433E36255E5D4E90532934280F233
:10930000F680226903EB830102EB81050133002023
:10931000C5E901006361282302F82130E36A474A66
:10932000EA600933E3623DE5D4E90532934280F215
:10933000DE80226903EB830102EB8105013300200B
:10934000C5E901006361282302F82130E36A3C4A41
:10935000EA600833E36225E5D4E90532934280F2FE
:10936000C680226903EB830102EB810501330020F3
:10937000C5E901006361282302F82130E36A314A1C
:10938000EA600733E3620DE52046FFF79DFC00230A
:1093900002464D212046FFF70DF80546019027E5CE
:1093A000294D02EB820305EB8302D4E90535AB427C
:1093B00080F2A0804E1C216903EB830C01EB8C052D
:1093C0000133C5E901006361282301F82C30EA600C
:1093D000E36A5268E6601344E362E3E4002755E67B
:1093E0000133E360204600F083FF2A460346042150
:1093F0002046FEF7DFFF054655E50123256B236375
:10940000204600F01BFC2563074600283FF4C9AC4A
:10941000E068027837E600BFAC1000201C1F002077
:109420009810002070100020341000202010002020
:109430004C1F0020441F0020481000200C1000206A
:10944000841000205C100020040E0020731CE360D8
:109450002046D4F81490D4F82080E76A00F048FF42
:10946000E3681B78492B06D0E660C4F81490C4F872
:109470002080E762BCE4002D3FF493ACD4E90823DC
:109480009A42BFF68EACE16941F8225001320346A0
:10949000226238E510287FF484ACD4E90521013339
:1094A0008A42E36023DA2169142302FB03F3CD1817
:1094B00001320020C5E9010062612822CA54E36A32
:1094C0000D4AEA600F3345E603310123266BE16064
:1094D0002363204600F0B2FB2663054600287FF494
:1094E00055AE5EE40549E36001A808F045F90023A4
:1094F000DB68FFDEC368FFDEC01000201C1F0020F9
:1095000030B583B000230446019301ADE1680A78C9
:10951000A2F12E03D8B252B3242819D8242B17D87D
:10952000DFE803F02516161616161616161616166A
:1095300016161616161616161616162516161616BC
:10954000161616161613162513004B78452B0ED03B
:109550002046FFF7B9FB024600232F212046D2B157
:10956000FEF728FF2860B0B100F11005CEE70198A2
:1095700088B103690BB103B030BDC26811782829E6
:10958000F9D1D268117C0929F5D1E16A5268891AAA
:10959000E162C360EFE7002003B030BD70B5C3687F
:1095A0001A784A2A05461AD081B12846FFF78CFB63
:1095B000044690B12846FFF7A3FF034668B1224650
:1095C00028462A21BDE87040FEF7F4BE28460C4626
:1095D000FFF796FF03460028F1D1002070BD01334C
:1095E000C360E2E770B50446806810F480200BD1B8
:1095F000E26BB2F5006F06D8511CE368E16319789D
:10960000462907D0E26370BDE3681A78462A01D084
:10961000002070BD5A1CE2605A78592A04BF0233F8
:10962000E36001212046FFF7B9FFE5682B78522B54
:109630001AD04F2B0AD0452BA36806BF0135E56031
:1096400000205B03DFD4E26B013ADBE7E36A202111
:1096500003336E1CE36202460023E6602046FEF7F9
:10966000A9FE6B783546E6E7E36A1F210233F0E78F
:10967000C3681A78542A42D170B55A786E3A0446B3
:109680000D460B2A11D8DFE802F01C10061010104E
:109690002A101010101202332946C360FFF7E8FFAA
:1096A0005D21024638B901232B60002070BD0233D2
:1096B000C3605A21002220460023BDE87040FEF717
:1096C00079BE0233C360FFF7FFFA02460028EAD0F2
:1096D00020465B21BDE870400023FEF76BBE0233DD
:1096E000C360294600F00EF802460028DBD0E3688C
:1096F00019784529D7D10133E3605C21DBE70020ED
:10970000704700BF70B582B0002305460E46019336
:1097100001AC02E0236003F1100431462846FFF754
:10972000A7FF03460028F5D1019A32B159212846F6
:1097300002B0BDE87040FEF73DBE02B070BD00BF94
:10974000F8B5C3681F780646A7B35A1CC26093F8E1
:1097500001E01F78BEF1000F2ED1384D49210022C3
:109760008B1A03EBD37302EB6303180105EB031CA5
:109770002C582078B84206D094BF5A1C19468A4209
:10978000EED10020F8BD60787045F5D1D6E90532FC
:109790009342F6DA326903EB830102EB8100013375
:1097A0000024C0E901447361332302F82130C0F87A
:1097B0000CC0F8BDBE46D0E79A1CC260762F93F865
:1097C00001E016D0632FC8D1BEF1760FC5D1D0E924
:1097D0000C34B3FA83F35B094363FFF775FA736BD9
:1097E000024633B3002336213046FEF7E3FD7463AF
:1097F000F8BDAEF13004E3B2092BAED8FFF704F99F
:10980000D6E905318B420246BBDA376903EB8301A7
:1098100007EB810001330025C0E901558900736120
:10982000002AAED03423C0E901557B54C0E903427D
:10983000F8BD35213046FEF7BDFDD8E7D410002035
:109840002DE9F04385B00F4601A904460192FFF7C8
:109850000BFA002800F0CA80E2681378462B00F06B
:109860008A80A3F13002092A4FF0000640F28C8072
:10987000A3F16102192A29D86F2B256B00F0D28041
:109880002046FFF75DFF25630546002800F0F180C4
:109890000378332B7CD1C268E36A916807330B44A9
:1098A000E36213681A786C2A72D15A78692A6FD1E8
:1098B0009B78002B6CD12046FFF7A6F82A4603467A
:1098C00038212046FEF776FD054661E0442B00F086
:1098D000B380A3F14302012A40F2A7814C2B78D038
:1098E000552B40F08380E3685A786C2A00F016818B
:1098F000742A7BD11A78552A40F0BB805A1CE2604A
:109900005A78019D742A40F0B4809A1CE2609B78DA
:109910005F2B00F085816E2B00F089812046FEF7D9
:10992000C5FD10F1010C00F1A480E26813785F2BF3
:1099300040F09F800132E260D4E90532934280F228
:109940009880226903EB830102EB8105013300203B
:10995000C5E9010063614A2302F82130D4E90832E5
:109960009342C5F80CC080F28480E26942F823502B
:10997000013323620CE0531CE3605378A3F13002FF
:10998000092A06463FF674AF2046FFF73DF8054624
:10999000019B2BB12A4657212046FEF70BFD0546B9
:1099A000E3681A78422A26D05EB937B12B463A4688
:1099B00001212046FEF7FEFC0546284605B0BDE81D
:1099C000F0832A46002351212046FEF7F3FC05468A
:1099D000EBE7E36801332046E360FFF715F805463F
:1099E00020B12046FEF7C2FD0028D1D1002528462F
:1099F00005B0BDE8F083D4F828800133E360204649
:109A0000FFF702F82A4603464E212046FEF7D2FC15
:109A1000E3681A78422A0546EFD0C4F82880002E61
:109A2000C3D0CEE7E3685A786E2A7FF429AF0233B9
:109A3000E3600023236323E7E3685A78432A00F0B6
:109A4000BC80A26A3AB1117809B1182903D1E16A40
:109A500010690144E162197843290CD0442908D1E6
:109A600059783039052904D8DFE801F0552D520323
:109A70004F4C00258CE75978492900F0BF80A1F1AF
:109A800031000428F5D830390233E3605FFA81F8F9
:109A9000D4E905318B42ECDAD4F810C003EB830132
:109AA0000CEB810501330020C5E9010089006361E9
:109AB000002ADED00723C5E901000CF8013085F843
:109AC0000C802A6164E74FF0020E0233E360D4E9B0
:109AD00005318B42CDDAD4F810C003EB83010CEBD7
:109AE000810501330020C5E9010089006361002A76
:109AF000BFD00823C5E901000CF8013085F80CE05F
:109B00002A6145E74FF0050EDFE74FF0040EDCE772
:109B10004FF0030ED9E74FF0010ED6E71A78552A19
:109B2000A7D15A1CE2605A786C2AA2D102330022D3
:109B3000E36003A920460392FFF7E4FDDDF80C90F3
:109B40008046B9F1000F94D12046FFF7D9FC0028D8
:109B50008FD0B8F1000F66D0C8F81000E3681A780B
:109B6000452A86D15A1CE2605B785F2B0ED06E2BA3
:109B70003FF47FAF2046FEF799FC10F101093FF555
:109B800078AFE26813785F2B7FF473AF0132E26045
:109B9000D4E905329342BFF66CAF226903EB83012F
:109BA00002EB810501330020C5E901006361482310
:109BB00002F82130C5E90389EAE60233E3604FF099
:109BC00000082046FEF720FF0023024654212046CD
:109BD000FEF7F0FBC1468046B9F1000F0CD0C9F882
:109BE0001000B8F1000F3FF444AFE3681A78452A3B
:109BF000E7D10133E360CBE60546F2E75A1CE260A9
:109C00009A78A2F1310104293FF633AF0333303A99
:109C1000E36020465FFA82F8FFF756F8A26A37E75A
:109C20004FF0000C86E6804698E7E36809E7002DD0
:109C30003FF4BAAE2B460025ACE600BFC2681378ED
:109C40004C2B00F0D880542B00F0D780732B2DE9DB
:109C5000F04104461FD0662B55D0A3F130010929ED
:109C600042D96F2B3BD0692B00F0C980742B00F0D8
:109C7000DF80752B15D10132C260FEF7C5FE0546A7
:109C8000204600F035FB2A46034640212046BDE829
:109C9000F041FEF78FBB5378722B7CD0702B00F015
:109CA0006B812046FFF74CFD054600286FD00378F6
:109CB000332B58D0342B00F0C680352B67D1E368A6
:109CC0001A785F2A00F011822046FFF7B7FF03469B
:109CD0002A4620463821BDE8F041FEF76BBB537899
:109CE0006E2BDED10232C260002211462046FFF701
:109CF000A7FD054600284AD0E3681A78492A66D0AD
:109D00002846BDE8F0815378702BCAD1931CC360FC
:109D10009378542B00F02C815F2B00F0A4806E2BE5
:109D200035D0FEF7C3FB411C31D4E3681A785F2AB3
:109D30002DD16FF0004201339142E36027D0023011
:109D4000D4E90532934222DA226903EB830102EB64
:109D5000810501330026C5E901666361062302F827
:109D60002130E860CCE7C168E36A8A680E68023A8D
:109D70001344E3623378732B36D17278742A33D16B
:109D8000B2788ABB2046FEF79FFF0346A0E7002576
:109D90002846BDE8F081836B911CC16053B1937874
:109DA000552B00F27481422B00F25981303B092B74
:109DB00040F25D812046FEF787FF014600222046E3
:109DC000FFF73EFDE3681A78492A054698D101332A
:109DD000E360204600F08CFA2A4603460421204620
:109DE000BDE8F041FEF7E6BACF68032FCFD8DFE831
:109DF00007F0323E865C00F09FBFFEF795BD5378BA
:109E00006C2B7FF44EAF0232C2600025117800291E
:109E1000BDD05378002BBAD04521204600F084F9FC
:109E20002A46034632212046BDE8F041FEF7C2BA79
:109E300053786C2B7FF435AF0232C260FEF744FFDB
:109E4000E2680546E2E7C368012B3FF43DAF032B10
:109E50009DD0002B9BD12A4620460023BDE8F0412F
:109E60003721FEF7A7BA0332C260012068E73278D3
:109E7000702A00F0E7806D2A00F0E4800027732B41
:109E800071D17378502B6ED1B378002B6BD12046F3
:109E900000F02EFA0346002F3FF41AAF1A463A217B
:109EA0002046FEF787FA034612E7712B70D17278CD
:109EB000752A6DD1B278002A6AD12046FFF7BEFE1E
:109EC00006462046FFF7BAFE07462046FFF7B6FED5
:109ED000034600283FF45BAF3A463D212046FEF79B
:109EE00069FA324603463C212046FEF763FA2A46C9
:109EF00003463B212046BDE8F041FEF75BBA71788E
:109F00003278632900F0C880662A00F0E980642B6B
:109F100040F0DD807378692B40F0D980B278002A58
:109F200040F0D58011462046FFF78AFC074633787B
:109F3000632B5FD172786C2A5CD1B278002A59D138
:109F40004521204600F0F0F8064633463A463A21CD
:109F50002046FEF72FFA2A46034639212046BDE85F
:109F6000F041FEF727BA2046FFF768FE034692E766
:109F70000332C2600020E3E60232C260FFF75EFEF9
:109F8000002302464D212046BDE8F041FEF712BAFB
:109F9000642B05D17378582B02D1B378002B8CD069
:109FA0003378662B00F0A9806E2B7FF4F0AE7378C7
:109FB000772B02D0612B7FF4EAAE5F21204600F0C0
:109FC000B3F806462046FEF77FFEE3681A78452A76
:109FD000074600F0A280702A00F09380692A7FF47F
:109FE000D6AE5B786C2B7FF4D2AE2046FFF726FE10
:109FF000034671E7642B5DD17278742A5AD1B27826
:10A00000002A57D1E3681A78672A65D0732A02D1EB
:10A010005B78722B56D0002211462046FFF710FCC9
:10A02000E3681A78492A06468FD10133E360204657
:10A0300000F05EF93246034604212046FEF7BAF9E5
:10A04000064682E7717891427FF418AFE268117892
:10A050005F297FF414AF0132E26033780EE7314AB2
:10A06000433BDBB222FA03F3DB077FF5A3AE4FF0ED
:10A07000FF33A3630021204600F084F9E3681A78D7
:10A08000452A01467FF49AAE0133E36096E6613BD0
:10A09000192B3FF68FAEEAE7A2F17201012904D92C
:10A0A000A2F1630101293FF62FAF2046FEF70CFE17
:10A0B00007463CE7702B05D17378742B02D1B37837
:10A0C000002B9FD02046FFF7B9FD06463DE720460E
:10A0D000FFF7B4FD07462AE75B78732B9BD1F1E7C6
:10A0E0002046FFF72DFB074621E70133E3604521BA
:10A0F000204600F019F80346EAE52046FFF720FB6A
:10A10000DEE65A78692A7FF442AE0233E3604521E5
:10A11000204600F009F80346DEE60133E360002341
:10A12000DAE600BF010204002DE9F041C2680E46E4
:10A13000117882B00023B1420446019324D001ADCE
:10A14000012709E0FEF736F9286000F1100588B113
:10A15000E3681A78B24211D0D4F8308027632046E1
:10A16000FFF76CFD024600232F212046C4F8308003
:10A17000002AE7D1002002B0BDE8F0810198013348
:10A18000E36002B0BDE8F0810132C2602F211A46BF
:10A1900002B0BDE8F041FEF70DB900BF2DE9F04F68
:10A1A000914609F00103C268002B0F4683B0117875
:10A1B000044615BF4FF01E0A4FF01B0A4FF01D0852
:10A1C0004FF01A0814BF1C2619263D464FF0010B0C
:10A1D0001BE0562932D04B2936D053784BB3931C11
:10A1E000E3605378782B35D06F2B52D1E36A093373
:10A1F000E3625221002300222046FEF7DBF82860AC
:10A20000B8B1E268117800F10C051046FEF7AEFA1D
:10A2100030B3531C7229E360DBD1E36A0933E36294
:10A220003146002300222046FEF7C4F828600028AB
:10A23000E7D10025284603B0BDE8F08FE36A093373
:10A24000E36241460023D6E7E36A0633E362514600
:10A250000023D0E7E36A1133E3624F210023CAE70A
:10A26000B9F1000FE6D14629E4D1BD42E2D01D206C
:10A270001E211C2207E01B2B37D0192B00D13A706E
:10A280000C37BD42D6D03F683B781A2BF3D13870DB
:10A29000F6E74F2B16D1E36A0933E3622046236BBE
:10A2A000C4F830B00193FFF7C9FC019B2363034658
:10A2B0000028BED0E26811784529BAD10132E260A7
:10A2C000522198E7772BB4D1E36A0633E362204644
:10A2D000FFF716F903460028ABD0E268117845294C
:10A2E000A7D10132E260532185E73970C8E700BF8A
:10A2F000F0B5C368866A1A78452A83B0044637D019
:10A300000023019301AD0BE0FEF754F8286000F143
:10A31000100570B1E2681378452B0DD0512B11D088
:10A32000204600F097FD0246002330212046002AF7
:10A33000EAD1002003B0F0BD0198A6620132E260CC
:10A3400003B0F0BD01320123256BE2602363204698
:10A35000019FFFF773FC256328B103463A465E214F
:10A360002046FEF727F8E2681378452BE5D0E0E7B2
:10A370005A1C0023C26030211A4603B0BDE8F040E9
:10A38000FEF718B8F8B5C56806460F4600242B78C6
:10A39000442B0AD0493B0B2B0CD8DFE803F03A0BD7
:10A3A0000B0B370B0B0B0B0B29236B7803F0DF0325
:10A3B000542B3DD0002221463046FFF741FA044697
:10A3C000002C3BD0F5682B78452B38D0002FDED001
:10A3D000D6E90832934231DAF26942F82340013378
:10A3E0003362D4E754BB3046FEF79EFA0446E7E7F3
:10A3F00001213046FEF776FB0246F8B10378553B63
:10A40000012BD8D9D4B9F5680446C0E70135F56009
:10A41000BDE79CB10135F5603046FFF769FF0346A3
:10A4200060B1224604213046FDF7C4FF0446C7E769
:10A4300024B93046FEF748FC0446C1E70024204614
:10A44000F8BD00BFF0B5C26813784E3B85B0044636
:10A450000D460C2B08D8DFE803F067070707072D28
:10A460000723070707078D000022164631462046BE
:10A47000FFF7E6F9E36819784929024633D065B158
:10A48000002A00F0B680D4E908318B4280F2B18016
:10A49000E069591C40F823202162104605B0F0BD48
:10A4A00000221146FFF7CCF90246002DE8D11046F4
:10A4B00005B0F0BD5378742B00F0A4800026002175
:10A4C0002046FEF70FFB0246002800F0928003783A
:10A4D000553B012BCAD9002E40F08B80E3681978D8
:10A4E0004929DAD110E0002800F08380D4E908106F
:10A4F00081427EDAE06940F8212001312162197839
:10A500004939012900F200810133E36020460192BC
:10A51000FFF7EEFE019A034604212046FDF74AFFAD
:10A520000246002DB9D0ABE7531CC3605378482BCB
:10A5300000F0DD80012203A9FFF730FE0646002867
:10A5400057D0E3681A78522A00F0E0804F2A00F0D2
:10A55000B48001212046FFF715FF3060002848D065
:10A56000E3681A78452A44D10133039AE360002D49
:10A5700086D192E7531CC3605378472B01D0542BEC
:10A580003BD1204600F08AF90646002E31D0E36820
:10A590001A78452A2DD15A1CE2605A78732A00F0A5
:10A5A000BB80642A4FD000212046FFF74BFF0346B3
:10A5B000002800F0AF80027802F0FD02482A05D0A2
:10A5C00001902046FDF7D2FF019B90B13278032A1B
:10A5D00005D1326911782A2904BF0021D1603246A1
:10A5E00002212046FDF7E6FE0246002D7FF448AF2B
:10A5F00053E70022104605B0F0BD002100F0B2F88C
:10A600000646C2E7D0E90531901C8B42E06080F23B
:10A61000A080216903EB8306B0000133636101EB85
:10A6200086060023C6E901330B544C4BF360032329
:10A630003361E36A0333E3629378532B18BF00223C
:10A640007FF414AF3BE79A1CE2609B785F2B00F02D
:10A6500082806E2BCDD02046FDF728FF471CC8D442
:10A66000E26813785F2BC4D101320021E2602046FA
:10A67000FFF7E8FE014658B1037803F0FD03482BCD
:10A6800006D001902046FDF771FF01990028B0D057
:10A69000D4E905239A423DDA206902EB820C00EBF3
:10A6A0008C0301324FF0000EC3E901EE62614922D2
:10A6B00000F82C20C3E9031788E7E26A202103325F
:10A6C0000133E3600023E26220461A46FDF772FE82
:10A6D000074601212046FFF755FE3060002888D04C
:10A6E000002F3FF43DAF039BFB60039738E7C36A3D
:10A6F0000232591D0023C260C1621A462121FDF7B2
:10A7000059FE03AE0746E4E7002305E7E26A1F218E
:10A710000232D5E7002359E70233E3602046FDF714
:10A7200025FF00283FF465AFD4E905239A42F1DA0A
:10A73000216902EB820398000132626101EB83031D
:10A740000022C3E901220A54054ADA600E221A6186
:10A750003CE700266DE7002786E700BF6C1F00205E
:10A760005C1F00202DE9F0410E4600210546FFF751
:10A7700069FE00284FD00446F6B1AB68DB071BD456
:10A7800023784F2BA3F11C01A3F152023BD038D800
:10A79000052938D9022B0CD12369002B3BD01A781C
:10A7A0004F2AA2F11C00A2F1520130D02DD8052869
:10A7B0002DD92046BDE8F081EB681B78002BF8D03E
:10A7C000452BF6D021460B78042B39D027D8022B05
:10A7D00034D109690029F6D12846FEF7DFFE074685
:10A7E000C8B116B92378022B3AD0EB681A78512AEF
:10A7F0003FD03B46224628460321BDE8F041FDF705
:10A80000D9BD012AD5D8E468BAE70129D1D8DB68D7
:10A810002361002BC3D100242046BDE8F0814F2BDB
:10A8200006D0A3F11C02A3F1520305D8052A05D8CE
:10A83000C9680029C7D1CFE7012BF9D90021CBE79F
:10A84000CB685BB11978082901F1FF320DD80629D0
:10A85000F4D8012A02D81B69002BF3D10121BBE7F0
:10A8600003782A2B08BFC660BFE7363918BF01211D
:10A87000B2E7013301222E6BEB602A632846FFF713
:10A88000DDF92E63034630B13A465E212846FDF7D6
:10A8900091FD0746ADE70746ABE700BF2DE9F04164
:10A8A000C16AC36801F1140282B0C2621A78542AE4
:10A8B000044629D0472A23D15A1CC2605A78FAB1DB
:10A8C0009A1CC2605A78562A00F2E580402A17D9AD
:10A8D000413A152A14D8DFE802F0D21313131313E8
:10A8E00013130B1313131313131313B4139D139197
:10A8F000002501A90195FEF7B7F9002840F01C8159
:10A90000002002B0BDE8F0815A1CC2605A78002ACB
:10A91000F6D09A1CC2605B78413B352BF0D801A27F
:10A9200052F823F0618C0100018A01006D8C010056
:10A93000018A0100018A0100A18C0100018A010045
:10A94000AD8C0100E78C01007B8D0100018A0100C4
:10A95000018A0100018A0100018A0100018A0100C7
:10A96000018A0100018A0100018A01006F8D010046
:10A97000878D0100018A0100F38C0100038D010025
:10A98000018A0100018A0100018A0100018A010097
:10A99000018A0100018A0100018A0100018A010087
:10A9A000018A0100018A0100018A0100118D010064
:10A9B000018A0100018A0100018A0100018A010067
:10A9C000478D0100018A0100018A0100018A01000E
:10A9D000018A0100018A0100018A0100018A010047
:10A9E000018A0100018A0100018A0100018A010037
:10A9F000018A0100018A0100BB8C01000021FFF7E0
:10AA000021FD002302461321204602B0BDE8F0419B
:10AA1000FDF7D0BC9A78002A00F09A80DA1CC26058
:10AA20009A78DB786E2A00F06881472B02D0542B8D
:10AA300040F08E802046FFF731FF024600234B2175
:10AA4000E2E70021FFF7FEFCD4E905129142064639
:10AA500080F28480226901EB810002EB80050023F3
:10AA6000C5E9013301314423616102F820302046F9
:10AA7000FDF71CFDE8602B4632461621C4E79B78A3
:10AA8000472B60D0542B5ED00021FFF76BFE0246AF
:10AA900000231721B8E7722A7FF432AFFDF706FDD5
:10AAA00001287FF72DAFE3681A78002A3FF428AF1A
:10AAB0005E1CE6601B785F2B7FF422AF0022451EF0
:10AAC00017464FF043083378002B3FF419AF242B7F
:10AAD00040F0E1807378532B00F007815F2B00F08A
:10AAE0000281242B7FF40CAF1946D4E90503E668F4
:10AAF000984206F1020680F2FA80D4F810C000EB0A
:10AB0000800E0CEB8E030130C3E90177023D6061DA
:10AB10000CF82E80D960E660002A00F0E280422125
:10AB20002046FDF747FC024600283FF4E9AE002D21
:10AB3000C9DC0023412167E7019A002A3FF4E0AE17
:10AB40002B46582160E72046FFF7A8FE02469FE704
:10AB500000212046FFF706FE02466FE700258AE740
:10AB600000F078F90023024631214DE7FEF7ACF8FA
:10AB700005462046FDF79AFC0028FFF6C1AEE368C3
:10AB80001A785F2A7FF4BCAE0133E3602046FEF7FB
:10AB90009BF8E16A0531E16202462B460B2133E75F
:10ABA000FEF792F8002302460E212DE70021FFF761
:10ABB00049FC00230246142126E77621FDF7AEFC6E
:10ABC00000283FF49DAEE3681B78472B00F0A0807F
:10ABD000542B00F09D8000212046FFF7C3FD024664
:10ABE0000023102110E7FEF76FF8002302460C2126
:10ABF0000AE70F31C162FEF767F800230246092118
:10AC000002E70021FFF71EFC002302461521FBE6A8
:10AC10000021FDF783FC00283FF472AE002120469E
:10AC2000FDF77CFC00283FF46BAEE3681B78472BF4
:10AC30007DD0542B7BD000212046FFF793FD0246A8
:10AC400000231121E0E66821FDF768FC00283FF4AD
:10AC500057AEE3681B78472B5FD0542B5DD00021A3
:10AC60002046FFF77FFD024600230F21CCE6FEF7CA
:10AC70002BF8002302460D21C6E6FEF725F8002337
:10AC800002461221C0E60A31C162FEF71DF8002318
:10AC900002460A21B8E606F1FF3C00211CF8013FFC
:10ACA00023B1242B02D00131A942F7D1D4E9050305
:10ACB00098421EDAD4F810C000EB800E0CEB8E0325
:10ACC0000130C3E90177606100293FF419AEC3E99F
:10ACD00001770CF82E70C3E90361E6686D1A0E4423
:10ACE00019E71A4623E72E21FFE62F21FDE6E6604D
:10ACF00006E6E3680B44E36002E6472B12D0542BD0
:10AD000010D00021FFF72EFD024600234C217BE6E8
:10AD10002046FFF7C3FD024662E72046FFF7BEFD6F
:10AD20000246A1E72046FFF7B9FD0246EDE72046BF
:10AD3000FFF7B4FD024683E7F8B5C26813784C2BE1
:10AD400032D1531CC36051785F2904464AD05A2936
:10AD500013D15A1CE2605B78472B3CD0542B3AD07D
:10AD600000212046FFF7FEFCE3681A780646452AD4
:10AD70001AD10133E3603046F8BDFDF7A5FF064662
:10AD800090B10378E768282B11D03D786E2D52D012
:10AD90003E21452D55D03B4603E0E3601D78452D0F
:10ADA00027D00133002DF8D100263046F8BDC36806
:10ADB0001A7C1AB1E26A5968521AE2622449186888
:10ADC00007F0EEF83D780028E0D1452D3DD06E2DFE
:10ADD00031D03E21DFE72046FFF760FDE3680646FD
:10ADE0001A78C4E7931CC36092785A2AB1D000261F
:10ADF000BDE7DD1BD4E905239A4224DAD4F810E03C
:10AE000002EB82000EEB80034FEA800C002001323F
:10AE10008542C3E90100626115DDC3E901000EF856
:10AE20000C00C3E9037532462046FDF7C3FAE36818
:10AE300006461A789BE77B1CE3607D783F211F461E
:10AE4000A7E70025D6E70023EDE70137E760ACE789
:10AE5000701F002038B5C3681A784C2A1BD00446EE
:10AE600008D8493A012A1AD80133C360BDE83840EE
:10AE7000FFF73EBA582A12D101330122056BC36095
:10AE80000263FEF7DBFEE36825631A78452A0BD1DF
:10AE90000133E36038BDBDE83840FFF74DBF2046C1
:10AEA000BDE83840FDF710BF002038BD2DE9F04F58
:10AEB000044697B0002A7FD0D0F81861002E7ED1CA
:10AEC000137815465F2B77D8DFE813F00D0547019F
:10AED00047017C06390660000B0909011609390390
:10AEE000330324031E03DC04920461043004FF03D3
:10AEF000CE039D036C03DA088609550956089F00A6
:10AF00009F009F00840084008400840084008400EB
:10AF1000840084002601260184008400D0057C0082
:10AF2000F802D80BBE007600BE0056015601080696
:10AF300029082E07FD067600CC064E085A0B3E0A5D
:10AF40007600E80976007600D500D5009C0A240931
:10AF5000BF0A97089B0B680B410C1202B0017600E8
:10AF60007F01E101B709FE0AC70A8400A50864074A
:10AF70008400840056050B010B0144059F05FB0767
:10AF8000CA077C0099077A024302B002D5F80C8008
:10AF9000D0F8203108F10102934241F34A87D0F8FA
:10AFA00010315B68DB68414633B1002901F0DE8770
:10AFB0001B690139002BF8D10123C4F8183117B0EF
:10AFC000BDE8F08FEA681121204617B0BDE8F04FC8
:10AFD00002F03EBDD0E9442306930023CDE9075398
:10AFE00006A9C0F814110992EA681121204602F05E
:10AFF0002FFD089B002B01F03A86069BC4F8143104
:10B00000002EDCD0C4F81071D9E7D0F81401024644
:10B01000002802F07A84916841B951680978A1F159
:10B02000190CBCF1020F04D88B42CBD01268002A55
:10B03000F1D1D4F81031099306AA0023CDE90753C2
:10B04000C4F814210690CFE7D0E9443206A90020C5
:10B05000CDE906250890C4F814112A690993112135
:10B06000204602F0F5FC089B002B02F02580069B91
:10B07000C4F81431A3E7EA681178282941F04C8715
:10B08000D268167C062E02F2A18026B12A691278B7
:10B09000002A02F0E583D4F80011FF2902F0438270
:10B0A0004B1CC4F800312823635484F80431112167
:10B0B000EA68204602F0CCFCD4F80011FF2902F027
:10B0C00022824B1CC4F800312923635484F80431D4
:10B0D0002B783F2B02F01182082E02F002822A699F
:10B0E00071E7EA68002A01F01A87112102F0B0FC2A
:10B0F0002B78562B01F01687EB68002BEFD02E260D
:10B10000D4F80011FF2902F05D824B1CC4F8003115
:10B11000665484F80461E2E7E868D4F82081037893
:10B12000B8F1000F03D1052B01F087834646242B8D
:10B1300001F0B3872A789A42D4E944C102F0BA8078
:10B14000252B01F0678606ABC4F814310023069165
:10B15000CDF824C00795089346E7EA68112102F06C
:10B1600077FCCE492046FDF7A7FB2D692B78492BAC
:10B1700001F01E832A4626E7EA6812B1112102F087
:10B1800067FC2B69002B3FF41AAFD4F80011FD299E
:10B1900002F27480C2492046FDF78EFB2A69D4F87A
:10B1A0000061D4F828511121204602F051FCD4F856
:10B1B0002831AB427FF403AFD4F80031B3427FF4BF
:10B1C000FEAE023BC4F80031F9E6B64ED0F80011ED
:10B1D00006F10E0B4FF0000A4FF001090AE00B4692
:10B1E0004646591CB345C4F80011E75484F804716D
:10B1F00001F05D84FF29777806F10108EFD1D4E9E9
:10B20000423284F8FFA020469847D4F828312770AE
:10B210000133C34584F80471C4F80091C4F828319F
:10B2200001F0458416F8027F0123DAE79E4ED0F83C
:10B23000001106F1070B4FF000094FF001080AE07A
:10B240000B465646591CB345C4F80011E75484F820
:10B25000047101F01385FF29777806F1010AEFD117
:10B26000D4E9423284F8FF9020469847D4F8283138
:10B2700027700133DA4584F80471C4F80081C4F8FA
:10B28000283102F04E8016F8027F0123DAE7874E5C
:10B29000D0F8001106F1160B4FF0000A4FF001092B
:10B2A0000AE00B464646591CB345C4F80011E75462
:10B2B00084F804713FF486AEFF29777806F101081F
:10B2C000EFD1D4E9423284F8FFA020469847D4F861
:10B2D000283127700133D84584F80471C4F80091EF
:10B2E000C4F828313FF46EAE16F8027F0123DAE786
:10B2F0006F4ED0F8001106F11C0B4FF0000A4FF012
:10B3000001090AE00B464646591CB345C4F8001132
:10B31000E75484F804713FF455AEFF29777806F1BD
:10B320000108EFD1D4E9423284F8FFA020469847C3
:10B33000D4F8283127700133C34584F80471C4F868
:10B340000091C4F828313FF43DAE16F8027F012386
:10B35000DAE7DFF86481EA68112102F079FB4FF047
:10B36000000AD4F8001108F10A0B4FF0010909E0B6
:10B37000B046591CC345C4F80011E75484F8047161
:10B380003FF4ADAE4646FF2916F8017B0B46EFD1E0
:10B39000D4E9423284F8FFA020469847D4F82831F7
:10B3A000277001335E4584F80471C4F8009108F1F8
:10B3B0000208C4F828313FF492AE37780123D8E769
:10B3C0003C4FEA68112102F043FB4FF00009D4F82A
:10B3D000001107F1030A4FF0010809E02F46591C3C
:10B3E000BA45C4F80011E65484F804613FF4E7ADAF
:10B3F0003D46FF2915F8016B0B46EFD1D4E94232E7
:10B4000084F8FF9020469847D4F8283126700133FD
:10B41000AA4584F80461C4F8008107F10207C4F862
:10B4200028313FF4CCAD2E780123D8E7EA68D2E981
:10B430000063002B01F0C3833344D0F80011013EB8
:10B4400003F1FF3B4FF0000A4FF001090AE00B4601
:10B450004646591CB345C4F80011E75484F80471FA
:10B4600001F0AD83FF29777806F10108EFD1D4E927
:10B47000423284F8FFA020469847D4F82831C4F817
:10B4800000910133C345277084F80471C4F8283152
:10B4900001F0958316F8027F0123DAE7901F002060
:10B4A0008C1F0020F7210020EB2100201721002015
:10B4B000CB210020E819002040220020EA68CAB110
:10B4C000D0F8141106ABC0F814310023CDE90615ED
:10B4D00008931121D0F81031099302F0B9FA089BB2
:10B4E000069AC4F81421002B7FF469AD2021204670
:10B4F000FDF75CF9D4F814312A461121204617B023
:10B50000BDE8F04F02F070BED249FDF7D5F9EA6808
:10B51000112159E5D049FDF7CFF9EA6811212046FC
:10B5200002F096FACD492046FDF7C6F92A691121A5
:10B530004AE5CB49FDF7C0F9EA68112144E5DFF897
:10B540004083D0F8001108F10B0B4FF0000A4FF0C8
:10B55000010909E0B046591CC345C4F80011E7547D
:10B5600084F804713FF42EAD4646FF2916F8017B9E
:10B570000B46EFD1D4E9423284F8FFA02046984729
:10B58000D4F8283127700133B34584F80471C4F826
:10B59000009108F10208C4F828313FF413AD377860
:10B5A0000123D8E7AF4ED0F8001106F1160B4FF08B
:10B5B000000A4FF001090AE00B464646591CB34504
:10B5C000C4F80011E75484F804713FF4FBACFF2980
:10B5D000777806F10108EFD1D4E9423284F8FFA070
:10B5E00020469847D4F8283127700133C34584F8A2
:10B5F0000471C4F80091C4F828313FF4E3AC16F8A4
:10B60000027F0123DAE7984ED0F8001106F1130B00
:10B610004FF0000A4FF001090AE00B464646591C5C
:10B62000B345C4F80011E75484F804713FF4CAAC80
:10B63000FF29777806F10108EFD1D4E9423284F886
:10B64000FFA020469847D4F8283127700133C3451E
:10B6500084F80471C4F80091C4F828313FF4B2AC06
:10B6600016F8027F0123DAE7804ED0F8001106F1C8
:10B670000F0B4FF0000A4FF001090AE00B46464657
:10B68000591CB345C4F80011E75484F804713FF421
:10B6900099ACFF29777806F10108EFD1D4E942325D
:10B6A00084F8FFA020469847D4F82831277001334A
:10B6B000D84584F80471C4F80091C4F828313FF4E7
:10B6C00081AC16F8027F0123DAE7694ED0F8001149
:10B6D00006F11A0B4FF0000A4FF001090AE00B4681
:10B6E0004646591CB345C4F80011E75484F8047168
:10B6F0003FF468ACFF29777806F10108EFD1D4E96F
:10B70000423284F8FFA020469847D4F828312770A9
:10B710000133D84584F80471C4F80091C4F8283185
:10B720003FF450AC16F8027F0123DAE7514ED0F80F
:10B73000001106F1110B4FF0000A4FF001090AE069
:10B740000B464646591CB345C4F80011E75484F82B
:10B7500004713FF437ACFF29777806F10108EFD187
:10B76000D4E9423284F8FFA020469847D4F8283123
:10B7700027700133C34584F80471C4F80091C4F8FC
:10B7800028313FF41FAC16F8027F0123DAE73A4E66
:10B79000D0F8001106F1150B4FF0000A4FF0010927
:10B7A0000AE00B464646591CB345C4F80011E7545D
:10B7B00084F804713FF406ACFF29777806F101089C
:10B7C000EFD1D4E9423284F8FFA020469847D4F85C
:10B7D000283127700133C34584F80471C4F80091FF
:10B7E000C4F828313FF4EEAB16F8027F0123DAE704
:10B7F000224ED0F8001106F1100B4FF0000A4FF066
:10B8000001090AE00B464646591CB345C4F800112D
:10B81000E75484F804713FF4D5ABFF29777806F13B
:10B820000108EFD1D4E9423284F8FFA020469847BE
:10B83000D4F8283127700133C34584F80471C4F863
:10B840000091C4F828313FF4BDAB16F8027F012304
:10B85000DAE700BF24200020002000201C20002068
:10B86000F41F0020B32000209F2000208F20002004
:10B87000732000205F2000205B2000204720002054
:10B88000E81F0020CB4ED0F8001106F1120B4FF04C
:10B89000000A4FF001090AE00B464646591CB34521
:10B8A000C4F80011E75484F804713FF48BABFF290E
:10B8B000777806F10108EFD1D4E9423284F8FFA08D
:10B8C00020469847D4F8283127700133C34584F8BF
:10B8D0000471C4F80091C4F828313FF473AB16F832
:10B8E000027F0123DAE7D5E90353002B3FF467AB6E
:10B8F0002B44D0F80011013D03F1FF3A4FF000094D
:10B900004FF001080AE00B463D46591CAA45C4F811
:10B910000011E65484F804613FF451ABFF296E78BE
:10B9200005F10107EFD1D4E9423284F8FF902046B7
:10B930009847D4F82831C4F8008101335745267060
:10B9400084F80461C4F828313FF439AB15F8026F6C
:10B950000123DAE71121EA6802F07AF8D4F800113D
:10B96000FF2901F0B3844A1C4023C4F8002163542A
:10B9700084F80431FFF7B3BBD0F80011FF2901F0C0
:10B98000FA844A1C5B23C4F800214FF0000A635478
:10B99000AB4684F80431DBF80C201121204602F07C
:10B9A00057F8DBF810B0D4F80011BBF1000F00F02D
:10B9B000D287DFF80C82012508F1020908E0B046C1
:10B9C000591CC145C4F80011E75484F80471E2D051
:10B9D0004646FF2916F8017B0B46F0D1D4E94232E6
:10B9E00084F8FFA020469847D4F828312770013307
:10B9F000B14584F80471C4F8005108F10208C4F894
:10BA00002831C8D037780123DAE76B4ED0F800111F
:10BA100006F1170B4FF0000A4FF001090AE00B4640
:10BA20004646591CB345C4F80011E75484F8047124
:10BA30003FF4C8AAFF29777806F10108EFD1D4E9CD
:10BA4000423284F8FFA020469847D4F82831277066
:10BA50000133C34584F80471C4F80091C4F8283157
:10BA60003FF4B0AA16F8027F0123DAE7EA68D2E9C8
:10BA70000053002B3FF4A3AA2B44D0F80011013D42
:10BA800003F1FF3A4FF000094FF001080AE00B46BE
:10BA90003D46591CAA45C4F80011E65484F80461D7
:10BAA0003FF48DAAFF296E7805F10107EFD1D4E9A3
:10BAB000423284F8FF9020469847D4F82831C4F8E1
:10BAC00000810133BA45267084F80461C4F8283136
:10BAD0003FF475AA15F8026F0123DAE7374ED0F864
:10BAE000001106F11E0B4FF0000A4FF001090AE0A9
:10BAF0000B464646591CB345C4F80011E75484F878
:10BB000004713FF45FAAFF29777806F10108EFD1AD
:10BB1000D4E9423284F8FFA020469847D4F828316F
:10BB200027700133C34584F80471C4F80091C4F848
:10BB300028313FF447AA16F8027F0123DAE70023F1
:10BB4000D0F84871C0F84851D0F81481EA68C0F8BC
:10BB50001431112101F07CFF94F804313C2B01F0E9
:10BB60005284D4F80011FF2901F03D844B1CC4F825
:10BB700000313C23635484F804312A6911212046A2
:10BB800001F066FF94F804313E2B01F02684D4F8CE
:10BB90000011FF2901F011844B1CC4F800313E2331
:10BBA000635484F80431C4F81481C4F84871FFF771
:10BBB00006BA00BF33200020CF1F0020AF1F002097
:10BBC0008C1F0020D5F80C80D0F814710022C0F82A
:10BBD0001421B8F1000F3FF4EFA90DF1180AD0F8C5
:10BBE00010115346944696464646C3E90026C3F8CC
:10BBF00008E0C4F81431D96030784F281A46A0F113
:10BC00001C0BA0F152090CF1010801F0F78001F2C0
:10BC1000F180BBF1050F41F2F18033460228464620
:10BC2000984601F02884042801F0B8842A6911217B
:10BC3000204601F00DFF98F80030042B04BF049B50
:10BC4000C4F810310AEB06154FF0200855F8086CBF
:10BC5000002E01F0AB80103D5545F7D1C4F81471AA
:10BC6000FFF7ADB9CC4ED0F8001106F1090B4FF03B
:10BC7000000A4FF001090AE00B464646591CB3453D
:10BC8000C4F80011E75484F8047100F0AC86FF2971
:10BC9000777806F10108EFD1D4E9423284F8FFA0A9
:10BCA00020469847D4F8283127700133C34584F8DB
:10BCB0000471C4F80091C4F8283100F0948616F895
:10BCC000027F0123DAE7B44ED0F8001106F1090B28
:10BCD0004FF0000A4FF001090AE00B464646591C96
:10BCE000B345C4F80011E75484F804713FF4F7A990
:10BCF000FF29777806F10108EFD1D4E9423284F8C0
:10BD0000FFA020469847D4F8283127700133D84542
:10BD100084F80471C4F80091C4F828313FF4DFA915
:10BD200016F8027F0123DAE7EF689C4DD7F808B0D8
:10BD30000097D0F8001105F108084FF0000A4FF005
:10BD4000010907460AE00B462546591CA845C7F8D5
:10BD50000011FE5487F8046100F05E86FF296E78BA
:10BD600005F10104EFD1D7E9423287F8FFA0384648
:10BD70009847D7F828313E700133444587F804616D
:10BD8000C7F80091C7F8283100F0468615F8026F11
:10BD90000123DAE7EA68824D112101F059FE4FF0E4
:10BDA0000009D4F8001105F1080A4FF001080AE073
:10BDB0000B463D46591CAA45C4F80011E65484F8C8
:10BDC00004613FF4FCA8FF296E7805F10107EFD16B
:10BDD000D4E9423284F8FF9020469847D4F82831BD
:10BDE00026700133BA4584F80461C4F80081C4F8B0
:10BDF00028313FF4E4A815F8026F0123DAE7694E11
:10BE0000D0F8001106F1080B4FF0000A4FF00109BD
:10BE10000AE00B464646591CB345C4F80011E754E6
:10BE200084F8047100F0A885FF29777806F10108ED
:10BE3000EFD1D4E9423284F8FFA020469847D4F8E5
:10BE4000283127700133D84584F80471C4F8009173
:10BE5000C4F8283100F0908516F8027F0123DAE754
:10BE6000514DD0F8001105F1080A4FF000094FF0CC
:10BE700001080AE00B463D46591CAA45C4F80011CA
:10BE8000E65484F804613FF49AA8FF296E7805F11E
:10BE90000107EFD1D4E9423284F8FF902046984759
:10BEA000D4F8283126700133BA4584F80461C4F807
:10BEB0000081C4F828313FF482A815F8026F0123ED
:10BEC000DAE7D0F80011FF2901F066824A1C3C2312
:10BED000C4F80021635484F80431EE688EB1002563
:10BEE000A946B3462F46002F40F0EA845A46112156
:10BEF000204601F0ADFDDBF810B00137BBF1000FBB
:10BF0000F1D1D4F80011FF2901F0A5824A1C3E238B
:10BF1000C4F80021635484F80431FFF750B8D5E920
:10BF2000032512B1112101F093FDD4F80011FF296E
:10BF300001F00F824A1C7B23C4F800212046635481
:10BF40002A46112184F8043101F082FDD4F8001151
:10BF5000FF2900F0EA854A1C7D23C4F800216354C0
:10BF600084F80431FFF72BB8EA681121204617B096
:10BF7000BDE8F04F02F0A6BCD5E90353002B3FF417
:10BF80001EA82B44D0F80011013D03F1FF3A4FF0F9
:10BF900000094FF0010814E03B2100202F21002070
:10BFA000132200202B2200201F2200200B463D469A
:10BFB000591CAA45C4F80011E65484F804613EF403
:10BFC000FEAFFF296E7805F10107EFD1D4E94232C7
:10BFD00084F8FF9020469847D4F82831C4F80081AF
:10BFE0000133BA45267084F80461C4F828313EF460
:10BFF000E6AF15F8026F0123DAE7D0F800112D7BC8
:10C00000FF2900F022864B1CC4F80031655484F8E7
:10C010000451FEF7D4BFC34EEA68112101F018FDA8
:10C020004FF0000AD4F8001106F1080B4FF0010997
:10C030000AE00B464646591CB345C4F80011E754C4
:10C0400084F8047100F07184FF29777806F1010803
:10C05000EFD1D4E9423284F8FFA020469847D4F8C3
:10C06000283127700133C34584F80471C4F8009166
:10C07000C4F8283100F0598416F8027F0123DAE76A
:10C08000A94ED0F8001106F1190B4FF0000A4FF03D
:10C0900001090AE00B464646591CB345C4F8001195
:10C0A000E75484F804713EF48DAFFF29777806F1E8
:10C0B0000108EFD1D4E9423284F8FFA02046984726
:10C0C000D4F8283127700133C34584F80471C4F8CB
:10C0D0000091C4F828313EF475AF16F8027F0123B1
:10C0E000DAE7ED68002D40F0DA869049204617B077
:10C0F000BDE8F04FFCF7E0BBD0F80011FF2901F0DC
:10C10000FF804A1C7E23C4F80021635484F8043164
:10C11000FEF7E5BF864ED0F8001106F10E0B4FF08A
:10C12000000A4FF001090AE00B464646591CB34588
:10C13000C4F80011E75484F804713EF443AFFF29BA
:10C14000777806F10108EFD1D4E9423284F8FFA0F4
:10C1500020469847D4F8283127700133D84584F811
:10C160000471C4F80091C4F828313EF42BAF16F8DE
:10C17000027F0123DAE76F4ED0F8001106F1110BB0
:10C180004FF0000A4FF001090AE00B464646591CE1
:10C19000B345C4F80011E75484F804713EF412AFBB
:10C1A000FF29777806F10108EFD1D4E9423284F80B
:10C1B000FFA020469847D4F8283127700133C345A3
:10C1C00084F80471C4F80091C4F828313EF4FAAE42
:10C1D00016F8027F0123DAE7574ED0F8001106F176
:10C1E000150B4FF0000A4FF001090AE00B464646D6
:10C1F000591CB345C4F80011E75484F8047100F0E9
:10C20000A484FF29777806F10108EFD1D4E94232FE
:10C2100084F8FFA020469847D4F8283127700133CE
:10C22000D84584F80471C4F80091C4F8283100F0AE
:10C230008C8416F8027F0123DAE7404ED0F8001113
:10C2400006F11A0B4FF0000A4FF001090AE00B4605
:10C250004646591CB345C4F80011E75484F80471EC
:10C260003EF4B0AEFF29777806F10108EFD1D4E9AA
:10C27000423284F8FFA020469847D4F8283127702E
:10C280000133C34584F80471C4F80091C4F828311F
:10C290003EF498AE16F8027F0123DAE72B691A788C
:10C2A0003C2A7EF489AE1B691B783D2B7EF484AE5C
:10C2B0002A46112102F092FD00287EF480AE2A4623
:10C2C0001121204602F0CEFE00287EF478AED5E99A
:10C2D0000383D3E90363D8F80C2019491068D3E924
:10C2E000037505F05DFE002841F078833246112188
:10C2F000204602F0E7FC42461121204602F0E2FA15
:10C30000112120463A4602F0DDFC0E492046FCF79A
:10C31000D3FA2A461121204617B0BDE8F04F02F0AB
:10C32000D1BC00BF07220020CB2000209C21002090
:10C330007F210020FF200020E72000201321002083
:10C3400054210020582100202B691B783A2B7EF4C1
:10C3500033AEEA68D3681B685978632901F0FA8024
:10C360002A461121204602F039FD00287EF427AE2E
:10C370002A461121204602F075FE00287EF41FAEE9
:10C38000EB681A78332A01F0A782DB68C84918687D
:10C3900005F006FE2B69DA6818B91378032B01F053
:10C3A0000F831121204602F08DFCEE68C149F3682D
:10C3B0001F68384605F0F4FD002801F0BD82BC4935
:10C3C000384605F0EDFD002841F0C6822B691121A9
:10C3D0001A69204602F076FCEB681A78332A7EF45C
:10C3E000EEADDB689A68012A7EF4E9AD5B681B78E4
:10C3F0003E2B7EF4E4AD2921204617B0BDE8F04F76
:10C40000FCF7D4B91121EA6801F022FBD4F800113D
:10C41000FF2900F0FE874A1C2823C4F8002163543A
:10C4200084F804312A691121204601F011FBD4F867
:10C430000011FF2900F085854A1C2923C4F800213A
:10C44000635484F80431FEF7BABDEA68112101F0A3
:10C45000FFFA2A691121FEF7B7BDDFF86482EA68A6
:10C46000112101F0F5FA4FF0000AD4F8001108F19B
:10C47000050B4FF0010909E0B046591CC345C4F84B
:10C480000011E75484F8047100F04F824646FF29FA
:10C4900016F8017B0B46EFD1D4E9423284F8FFA0B5
:10C4A00020469847D4F8283127700133B34584F8E3
:10C4B0000471C4F8009108F10208C4F8283100F0B2
:10C4C000348237780123D8E7D0F82081B8F1000F03
:10C4D00040F08084E968FCF7A5F9002800F07A8430
:10C4E00047460378302B40F0D886C368002B00F015
:10C4F000D486006901370028F3D1ED6846464FF035
:10C500000009A046C8F824612A4611214046013698
:10C5100001F09EFABE423EF452AD674CD8F80011CD
:10C52000009504F1020B4546A04609E0D046591C8F
:10C53000C345C5F80011EC5485F8044100F00882A9
:10C54000C246FF291AF8014B0B46EFD1D5E942321A
:10C5500085F8FF9028469847D5F828312C7001338C
:10C56000C5F82831D3454FF0010385F8044108F19F
:10C570000208C5F8003100F0EB819AF80040D6E7D8
:10C58000D5E903653378332B00F03C85352B00F07B
:10C59000AC853246112102F095F9BAE6DFF8248124
:10C5A000D0F8001108F10A0B4FF0000A4FF0010912
:10C5B00009E0B046591CC345C4F80011E75484F89B
:10C5C000047100F0FA824646FF2916F8017B0B46FB
:10C5D000EFD1D4E9423284F8FFA020469847D4F83E
:10C5E000283127700133B34584F80471C4F80091F1
:10C5F00008F10208C4F8283100F0DF8237780123FF
:10C60000D8E7EA682D4906A805F0B6F806A805F0AF
:10C61000F7FE00283EF4D3AC06AED4F8001106EBCA
:10C62000000A4FF000094FF0010809E02E46591C9E
:10C63000B245C4F80011E75484F804713EF4BFAC6D
:10C640003546FF2915F8017B0B46EFD1D4E942327C
:10C6500084F8FF9020469847D4F82831277001339A
:10C66000554584F80471C4F8008106F10206C4F847
:10C6700028313EF4A4AC2F780123D8E7D0F81491E8
:10C68000D0F8103109930DF1180A0023C846CDF8EF
:10C690001890C0F814A107950893B9F1000F01F0A4
:10C6A0003F810127AC464E46BE46554625E000BFB9
:10C6B0004C210020502100208C1F00201C1F002036
:10C6C000841F002090210020B368A3B9032F3EF6F9
:10C6D00073AC16AB03EB071B96E80F00ABF14009F8
:10C6E00089E80F004BF8405C0AEB0715C4F81451B9
:10C6F0000137C6F808E0366826B173681B78193B25
:10C70000022BE1D9DCF8102011212046654601F00A
:10C710009FF9089BC4F81481002B7EF450AC012FC4
:10C720000CD90AEB071A5AF80C2C013F11212046AC
:10C7300001F0BEF9012FAAF1100AF4D1D4F8143196
:10C740002A461121204601F0D3FFFEF738BCBF4E28
:10C75000D0F8001106F11D0B4FF0000A4FF001094F
:10C760000AE00B464646591CB345C4F80011E7548D
:10C7700084F804713EF426ACFF29777806F10108AD
:10C78000EFD1D4E9423284F8FFA020469847D4F88C
:10C79000283127700133C34584F80471C4F800912F
:10C7A000C4F828313EF40EAC16F8027F0123DAE714
:10C7B000A7492046FCF780F82A69A649013206A855
:10C7C00004F0DAFF06A805F01BFE8246002800F000
:10C7D0008F8506AED4F80011B2444FF000094FF037
:10C7E00001080AE03E46591CB245C4F8001104F89D
:10C7F00003B084F804B100F07B853746FF2917F8B1
:10C8000001BB0B46EED1D4E9423284F8FF902046BA
:10C810009847D4F8283184F800B00133574584F89C
:10C8200004B1C4F8008106F10206C4F8283100F012
:10C830005F8597F800B00123D5E7D4F83461002E66
:10C8400041F39180D4F830C14346614604E0B342DD
:10C8500001F1080101F087805CF83320904203F178
:10C860000103F4D1002901F07E80D4F82C61002E60
:10C8700000F0E687334603E05B68002B00F0E087BA
:10C880001A68824203D0AA42F6D1B342F4D00146DC
:10C890002046FBF7ADFF00283EF48EAB0378302B2B
:10C8A0007EF444ACD4F824110029C0F2FC84FBF7D8
:10C8B00013FF002801F0B78003784646FEF737BC27
:10C8C000654DD4F8001100970126274605F1020AAC
:10C8D0002C4608E04446591CA245C7F80011FD54F7
:10C8E00087F804511DD0A046FF2918F8015B0B46BC
:10C8F000F0D1D7E9423287F8FF9038469847D7F809
:10C9000028313D700133D04587F80451C7F80061E4
:10C9100004F10204C7F8283103D098F8005001232D
:10C92000D9E73C46009FFFF7E1BA11212A6920466A
:10C9300001F08EF8D4F80011FF2900F012834A1C90
:10C940005D23C4F80021635484F80431FEF737BB3B
:10C95000A846009DD6E5FF295D46F0D1D4E94232D4
:10C9600084F8FF5020469847D4F828310122134418
:10C970002946C4F82831E3E7384FEA6811212046F8
:10C9800001F066F84FF00009D4F8001107F1060A2B
:10C990004FF0010809E02F46591CBA45C4F80011B0
:10C9A000E65484F804613EF40AAB3D46FF2915F8CD
:10C9B000016B0B46EFD1D4E9423284F8FF90204658
:10C9C0009847D4F8283126700133AA4584F80461C9
:10C9D000C4F8008107F10207C4F828313EF4EFAA39
:10C9E0002E780123D8E7D4F84831EA6833B1D4F877
:10C9F0001001069006A9C4F81011079311212046D2
:10CA000001F026F8D4F84831002B3EF4D8AA069B52
:10CA1000C4F81031FEF7D3BA3C46009F7D682B78EE
:10CA2000613B192B40F24F830BF1FF37EB5D202B5D
:10CA300018BF5F46002F3EF4C2AA013DD4F8001192
:10CA40002F444FF000094FF0010814E0AB21002003
:10CA5000941F00201C1F00208C1F00203822002063
:10CA60000B465546591CAF42C4F80011E65484F8F1
:10CA700004613EF4A4AAFF296E7805F1010AEFD102
:10CA8000D4E9423284F8FF9020469847D4F8283100
:10CA9000C4F800810133BA45267084F80461C4F8F3
:10CAA00028313EF48CAA15F8026F0123DAE7EA6810
:10CAB000CC49013206A804F05FFE06A805F0A0FCF0
:10CAC000D4F8001170B306AE06EB000A4FF000096F
:10CAD0004FF0010808E02E46591CB245C4F8001179
:10CAE000E75484F804711DD03546FF2915F8017B01
:10CAF0000B46F0D1D4E9423284F8FF9020469847A3
:10CB0000D4F8283127700133AA4584F80471C4F899
:10CB1000008106F10206C4F8283100F024822F7843
:10CB20000123D9E7FF297FF416AA0025D4E9423270
:10CB300084F8FF5020469847D4F828310122134446
:10CB40002946C4F82831FFF707BADFF8A0822A691E
:10CB50001121204600F07CFF4FF0000AD4F80011AC
:10CB600008F1050B4FF0010909E0B046591CC34517
:10CB7000C4F80011E75484F804713EF423AA464631
:10CB8000FF2916F8017B0B46EFD1D4E9423284F835
:10CB9000FFA020469847D4F82831277001335E451E
:10CBA00084F80471C4F8009108F10208C4F828312F
:10CBB0003EF408AA37780123D8E7EA6833E4B5F9E8
:10CBC0001020884906A804F0D7FD06A805F018FC37
:10CBD00090B306AFD4F8001107EB000B4FF0000A3A
:10CBE0004FF0010909E03746591CBB45C4F8001154
:10CBF00004F8038084F804811ED03E46FF2916F80D
:10CC0000018B0B46EFD1D4E9423284F8FFA02046D5
:10CC10009847D4F8283184F8008001335E4584F8C1
:10CC20000481C4F8009107F10207C4F8283103D049
:10CC300096F800800123D7E7AD7C002D3EF4BFA914
:10CC4000D4F80011FF297FF4DEA90026D4F80831BA
:10CC5000D4F80C2184F8FF6020469847D4F82821A6
:10CC600001231A443146C4F82821FFF7CDB92A46DA
:10CC70001121204600F01CFFFEF7BFB9D4F8103197
:10CC8000EF6804930023D4F820610593C4F82031A1
:10CC900004ABC4F810311FB13B78592B00F0B484B9
:10CCA00001230DF1180AFF29C4F8203100F0C383D5
:10CCB0004B1CC4F8003128236354DFF8348184F816
:10CCC000043111213A46204600F0C2FE049BD4F8FC
:10CCD0000011C4F81031C4F8206108F1020B4FF0C4
:10CCE000000908E0B046591CC345C4F80011E754D8
:10CCF00084F804711DD04646FF2916F8017B0B46C7
:10CD0000F0D1D4E9423284F8FF90204698470123BD
:10CD1000C4F80031D4F8283127700133B34584F8C2
:10CD2000047108F10208C4F8283102D037780123D1
:10CD3000D9E72A692B490132504604F01DFD5046BF
:10CD400005F05EFBD4F8001100283FF4EBAE574627
:10CD50004FF0000982444FF0010809E02F46591CAA
:10CD6000BA45C4F80011E65484F804613FF4DAAE21
:10CD70003D46FF2915F8016B0B46EFD1D4E942324D
:10CD800084F8FF9020469847D4F828312670013364
:10CD9000AA4584F80461C4F8008107F10207C4F8C9
:10CDA000283100F0E0802E780123D8E7D4F8003154
:10CDB000FF2B00F017845A1CC4F80021112104F83D
:10CDC000038055F80C2C84F80481204600F070FE96
:10CDD000FEF741BF1121EA68204601F073FF0249C6
:10CDE000FFF784B91C1F0020E8190020E020002074
:10CDF000F4210020B9F1010F3EF60FAFF6681033B1
:10CE0000002E3EF4D9A8B8F1040F3EF4D5A8C446CC
:10CE1000FEF7EBBEC268069106ABC4F814310023DE
:10CE2000CDF824C007950893002A7EF4DEA8FEF70B
:10CE3000DBB8002B00F0A081DFF88C83D0F8001164
:10CE400008F1050B4FF0000A4FF0010909E0B04668
:10CE5000591CC345C4F80011E75484F8047100F06C
:10CE6000CF814646FF2916F8017B0B46EFD1D4E966
:10CE7000423284F8FFA020469847D4F82831277022
:10CE80000133B34584F80471C4F8009108F1020835
:10CE9000C4F8283100F0B48137780123D8E7C749B6
:10CEA000FBF70AFDC6492A4606A804F065FC06A859
:10CEB00005F0A6FAD4F80011B8B306AE06EB000AE6
:10CEC0004FF000094FF0010808E02E46591CB2450A
:10CED000C4F80011E75484F8047126D03546FF29C0
:10CEE00015F8017B0B46F0D1D4E9423284F8FF906B
:10CEF00020469847D4F8283127700133AA4584F892
:10CF00000471C4F8008106F10206C4F8283100F06B
:10CF10008C842F780123D9E70026FEF7BCB8562B66
:10CF20007EF4DDA83A26FEF7EBB8FF2900F06E8408
:10CF30007D234A1CC4F80021635484F80431FEF7B1
:10CF40003EB80025D4E9423284F8FF502046984785
:10CF5000D4F82831012213442946C4F82831FFF7B8
:10CF60006CBA0025FAE40121FEF7F5BF1A785D2AB4
:10CF700004D1DB68002B3EF41FA81A785A3A022A23
:10CF800040F2C1800123C4F818318D49424606A8F9
:10CF900004F0F2FB06A805F033FA00283EF40FA8CF
:10CFA00006AED4F8001106EB000A4FF000094FF06E
:10CFB000010809E02E46591CB245C4F80011E75497
:10CFC00084F804713DF4FBAF3546FF2915F8017B69
:10CFD0000B46EFD1D4E9423284F8FF9020469847BF
:10CFE000D4F8283127700133AA4584F80471C4F8B5
:10CFF000008106F10206C4F828313DF4E0AF2F7835
:10D000000123D8E7F3681F683B78B3F1610203D1CD
:10D010007A78643A08BFBA78297812B9032900F0FF
:10D020004F843A2900F06984732B14D17A785A2AF4
:10D0300040F0C083BA78002A40F0BC8329462046DD
:10D04000FBF7F0FBFBF738FB0146204617B0BDE8C5
:10D05000F04FFBF797BC32461121204601F032FC1D
:10D060003B78672B06D17A78732A03D1BA78002AE5
:10D070003EF480A8732B2CD17A78742A29D1BA78FF
:10D080003ABB28212046FBF791FB11212A46204676
:10D0900000F0DEFC2921FFF7AFB9D4F81031099375
:10D0A000D4F81431069306ABC4F81431002307906A
:10D0B00005460893FDF798BF2A461121204600F047
:10D0C000F7FCFDF7D4BF20212046FBF76FFB7D68FE
:10D0D000AAE46E2B7FF41DA97B78782B7FF419A925
:10D0E000BB78002BCDD0FFF714B92821FBF75EFBEE
:10D0F0002046F268112100F0ABFC29212046FBF705
:10D1000055FBFFF706B92F4B53F82250284605F080
:10D1100077F900283FF439AF013DD4F800112F18FA
:10D120004FF0000A4FF001090AE00B465D46591C1A
:10D13000AF42C4F80011E65484F804613FF425AF0F
:10D14000FF296E7805F1010BEFD1D4E9423284F862
:10D15000FFA020469847D4F82831C4F80091013345
:10D160005F45267084F80461C4F828313FF40DAFA0
:10D1700015F8026F0123DAE72946FBF739FB02466F
:10D1800000283DF419AF0378302B09D1D4F82411CD
:10D19000002905DBFBF7A0FA024600283DF40CAF9E
:10D1A000D4F810512B68C4F810311121204600F03A
:10D1B0004FFCC4F81051FDF702BF00BFA4210020AE
:10D1C0001C1F0020C8030020A81F0020072E7DF48C
:10D1D00062AF2A69117800297DF45DAF11690129D8
:10D1E0007DF459AF3E2B7DF456AFD3681B78302BBE
:10D1F00000F02584312B7DF44EAFD349FEF776BF86
:10D20000EA68D249013206A804F0B6FA06A805F089
:10D21000F7F8824600283DF4D2AE06AED4F80011ED
:10D22000B2444FF000094FF0010809E02E46591CA6
:10D23000B245C4F80011E75484F804713DF4BFAE60
:10D240003546FF2915F8017B0B46EFD1D4E9423270
:10D2500084F8FF9020469847D4F82831277001338E
:10D26000AA4584F80471C4F8008106F10206C4F8E6
:10D2700028313DF4A4AE2F780123D8E70026665468
:10D280002046D4E942329847D4F82831C4F80061E6
:10D290000133C4F82831FDF77DBFED68002F7FF41E
:10D2A0002DA9FDF78CBE2B78302BD4E944C146461E
:10D2B0007DF449AF06ABC4F8143100230691CDF8D4
:10D2C00024C0079005460893FDF78EBE0026D4F8CB
:10D2D0000831D4F80C2184F8FF6020469847D4F830
:10D2E0002831012213443146C4F82831FEF73CBBF3
:10D2F00097492046FBF7E0FAED682A46FDF763BE42
:10D300000026D0F80831D0F80C2180F8FF6098474B
:10D31000D4F82831012213443146C4F82831FEF7ED
:10D32000F1BED4F81031EF68049304ABD4F8206157
:10D33000CDF81490C4F81031C4F820911FB13B7897
:10D34000592B00F06181C4F8208101210DF1180AE8
:10D35000AEE40026D4F80831D4F80C2184F8FF603C
:10D3600020469847D4F82831012213443146C4F8A6
:10D370002831FEF7E0BD0026D0F80831D0F80C21A6
:10D3800080F8FF609847D4F82831012213443146D1
:10D39000C4F82831FEF7F6BA0026D0F80831D0F8E4
:10D3A0000C2180F8FF609847D4F8283101221344FB
:10D3B0003146C4F82831FEF78ABD0025D4E942324F
:10D3C00084F8FF5020469847D4F828310133C4F838
:10D3D000283129460123FEF7E0BB20212046FBF738
:10D3E000E5F9FEF7D4BB0026D4E9423284F8FF60A9
:10D3F00020469847D4F828310133C4F82831314603
:10D400000123FEF7B4BB20212046FBF7CFF9FEF73E
:10D41000A8BB0026D4F80831D4F80C2184F8FF60AA
:10D4200020469847D4F82831012213443146C4F8E5
:10D430002831FEF7F1BF4FF00008D4E9423284F8FA
:10D44000FF8020469847D4F828310133C4F82831AA
:10D45000414601232DE40025D4E9423284F8FF50EF
:10D4600020469847D4F82831012213442946C4F8AD
:10D470002831FEF74CBDD8F8108098F80030492BC1
:10D4800000F0D6810AEB0C1C8B4698F800004F2860
:10D49000A0F11C02A0F1520307D004D8052A04D938
:10D4A0005946FEF7C0BB012BFAD8042EE1463DF4E5
:10D4B00083AD9CE80F000CF1100E8EE80F000023E6
:10D4C000CCF810C0C9E90183D8F80C80C9F80CB0B9
:10D4D0000136F446C4F814E1B8F1000FD5D1FDF7D8
:10D4E0006BBD5B212046FBF761F911212A692046BB
:10D4F00000F0AEFA5D21FEF77FBF2D212046FBF73D
:10D5000055F9FDF7E9BD0027D4E9423284F8FF70F0
:10D5100020469847D4F828310133C4F828313946D9
:10D520000123FDF7CFBD0027D4E9423284F8FF7014
:10D5300020469847D4F828310133C4F828313946B9
:10D540000123FDF7AEBD00BF782100201C1F002085
:10D55000A41F00201B78A3F17201012903D9633BAA
:10D56000012B3EF6FDAE1121204601F0ABF93C2126
:10D570002046FBF71BF92B691121DA68204600F0E1
:10D5800067FAC3492046FBF797F92B6911211A69FD
:10D59000204600F05DFA2921FEF72EBFCDE90418E0
:10D5A000D8F8103004AAC4F810211A785E2A7EF444
:10D5B0003DABDA68C8F810202A69DA601A462B6198
:10D5C000FEF735BB0027D4E9423284F8FF702046CD
:10D5D0009847D4F828310133C4F82831394601235B
:10D5E000FDF794BDD4F80C2184F8FF60194620465D
:10D5F000D4F808319847D4F828210132C4F82821FA
:10D6000033460122FFF7D8BB3C2120460597FBF7A4
:10D61000CDF8D7F80CB00DF1180ABBF1000F6BD0A4
:10D62000CDE9017603955F46D4F820315A1CC4F841
:10D630002021002B40F0A8803A461121204600F01E
:10D6400007FAD4F80031FF2B00F0A380591C2022E8
:10D65000C4F80011E25484F804213B78D4F8202166
:10D6600000915D2B04BFFF683B785A3B022B02F10F
:10D67000FF3B4DD90123C4F8183186495A4650461C
:10D6800004F07AF8504604F0BBFE78B3D4F80011E9
:10D690000AEB000BD0464FF0010908E0A846591CE0
:10D6A000C345C4F80011E65484F804611ED0454611
:10D6B000FF2915F8016B0B46F0D14FF0000384F8F9
:10D6C000FF302046D4E942329847D4F828312670FA
:10D6D0000133AB4584F80461C4F8009108F10208F5
:10D6E000C4F8283102D02E780123D8E73F69002FF3
:10D6F0009AD1DDE90176039D3E212046FBF756F8DD
:10D70000D4F820313F69D4F800110133FFF7CBBAC8
:10D71000614A52F82350284604F072FE009900280E
:10D72000ABD0013D05EB000900974FF001082746FB
:10D730004C4609E00B464D46591CAC42C7F8001157
:10D74000FE5487F804611CD0FF296E7805F10109A9
:10D75000F0D14FF0000387F8FF303846D7E9423266
:10D760009847D7F82831C7F8008101334C453E70FF
:10D7700087F80461C7F8283103D015F8026F012338
:10D78000DAE73C46009F78E744492046FBF794F8E7
:10D7900052E74FF00002194684F8FF202046D4E9F2
:10D7A00042329847D4F8282101210A440023C4F8C2
:10D7B00028214CE7732B7FF44EAC7B78502B7FF401
:10D7C0004AACBB78002B7FF446AC1E4603E0013622
:10D7D0002D69002D71D02B78302B6ED1EB68002B8A
:10D7E0006BD01A784D2AF2D1D9682046FBF71AF887
:10D7F000024648B1002204E0C16829B10069013243
:10D8000010B101783029F7D01644E1E70025D4E9BA
:10D81000423284F8FF5020469847D4F8283101332B
:10D820002946C4F82831FFF783BB0121FFF780BBED
:10D83000D8F80C80B8F1000F7FF424AEFDF7BCBB24
:10D840004B68D4F81071C4F8103101462046FAF73D
:10D85000CFFF002800F0EB804FF00108FFF71EB863
:10D860003F2B00F0E8802A6911212046023E00F09B
:10D87000EFF8042E3DF6A3ABDFE806F01C19160600
:10D8800003000749FEF732BC0649FEF72FBC00BF74
:10D89000482100201C1F0020C80300208C1F0020EE
:10D8A0006C210020682100206649FEF71FBC6C2116
:10D8B000FEF7A2BD7521FEF79FBD3146FFF7C5BB40
:10D8C000EA68117801297FF4AFAB296909782A2920
:10D8D00008BF1546FFF7A8BBDA68916801297EF4F6
:10D8E00054AD526812783E2A7EF44FAD282120466E
:10D8F000FAF75CFFEB68FEF748BDEA6811212046A5
:10D9000001F0E0F93246FEF730BB06ABC4F8143143
:10D91000D4F810310690CDE907500993FDF764BBA8
:10D920002A69112100F094F8089BC4F81481002B97
:10D930003EF404AFFDF743BB20465B21FAF736FF08
:10D940002B6920461A69112100F082F85D212046DA
:10D95000FAF72CFFFEF740BD32461121204600F0B9
:10D96000B1FFFEF733BDD4F838319E42BDF624AB8B
:10D97000D4F83021D4F810C102EBC603711CC4F8EE
:10D980003411043342F83600BCF1000F40D0D4E922
:10D990005026864610E0D4F83C11DCF8040001EB78
:10D9A000C2010132C4F8402148601960DCF800C0AF
:10D9B0000B46BCF1000F2AD09642ECDCFDF7FCBA16
:10D9C00013691B782A2B1CBF0123C4F81831D268B5
:10D9D0001121204601F076F9FEF7E7BC1A492046EE
:10D9E000FAF76AFFF36843B111212046324601F08D
:10D9F00069F920212046FAF7D9FE3A46112120463E
:10DA000000F026F8002D7EF484ACFDF7D8BA7046FD
:10DA1000002201461A602046FAF7EAFE00287EF44A
:10DA20003DAFFDF7C9BAB8F1000F3DF4C5AAC4F87F
:10DA30001071FDF7C1BA2D21FAF7B8FE13E70349BB
:10DA4000FEF754BB642100205C21002070210020DF
:10DA500030B5044683B02AB35368012B154621DC48
:10DA6000D0F81C11B1F5806F1CDC01335360D0F885
:10DA70001C3100920133C0F81C311121D0F82C3137
:10DA8000C4F82CD10193FDF711FA6B68019AC4F820
:10DA90002C21013B6B60D4F81C31013BC4F81C31D4
:10DAA00003B030BD0123C4F8183103B030BD00BF4E
:10DAB0002DE9F84F1378033B15460446502B65D8E3
:10DAC000DFE813F067016400640064006400640030
:10DAD0006400640064006400640064006400640026
:10DAE0006400640064006400640064006400640016
:10DAF0006A009900C8006A009900C800E2023A0171
:10DB0000620047015A01F9006D019F01D0016400D4
:10DB1000640064006400020264004E026400640059
:10DB200064006400640064006400640064006400D5
:10DB300064006400640064006400640064006400C5
:10DB400064006400640064006400640064006400B5
:10DB50006400640064006400640064008102640086
:10DB60006400B2020701EA6811212046FFF770FF46
:10DB7000D4F80011FF2900F0EB824A1C2923C4F8D5
:10DB80000021635484F80431BDE8F88F2A4611213E
:10DB9000BDE8F84FFFF75CBFD54DD0F8001105F197
:10DBA000090A4FF000094FF0010809E00B463D4615
:10DBB000591CAA45C4F80011E65484F80461E3D066
:10DBC000FF296E7805F10107F0D1D4E9423284F8DB
:10DBD000FF9020469847D4F8283126700133BA4583
:10DBE00084F80461C4F80081C4F82831CCD015F859
:10DBF000026F0123DCE7BF4DD0F8001105F1090ADF
:10DC00004FF000094FF0010809E00B463D46591C52
:10DC1000AA45C4F80011E65484F80461B4D0FF2981
:10DC20006E7805F10107F0D1D4E9423284F8FF9013
:10DC300020469847D4F8283126700133BA4584F835
:10DC40000461C4F80081C4F828319DD015F8026F32
:10DC50000123DCE7A84FD0F8001107F1060A4FF0C6
:10DC600000094FF0010808E02F46591CBA45C4F8D6
:10DC70000011E65484F8046186D03D46FF2915F86A
:10DC8000016B0B46F0D1D4E9423284F8FF90204674
:10DC90009847D4F8283126700133AA4584F80461E6
:10DCA000C4F8008107F10207C4F828313FF46CAFD3
:10DCB0002E780123D9E7D0F80011FF2900F0578210
:10DCC0004A1C2623C4F80021635484F80431BDE8BB
:10DCD000F88FDFF83882D0F8001108F1060B4FF00A
:10DCE000000A4FF0010909E0B046591CC345C4F8C9
:10DCF0000011E75484F8047100F0D2814646FF29F0
:10DD000016F8017B0B46EFD1D4E9423284F8FFA02C
:10DD100020469847D4F82831277001335E4584F8AF
:10DD20000471C4F8009108F10208C4F8283100F029
:10DD30002D8237780123D8E7D0F80031FF2B00F08F
:10DD4000DA81591C2022C4F80011E25484F804211D
:10DD500027E0D0F80011FF2900F0BD814A1C2023E4
:10DD6000C4F80021635484F804312A692046112143
:10DD7000BDE8F84FFFF76CBED0F80011FF2900F0A6
:10DD8000D9814A1C2A23C4F80021635484F8043141
:10DD9000FAE6EA681121BDE8F84FFFF759BED0F85E
:10DDA0000011564F4FF0000907F1020A4FF0010829
:10DDB00009E02F46591CBA45C4F80011E65484F80E
:10DDC00004613FF4E1AE3D46FF2915F8016B0B46B7
:10DDD000EFD1D4E9423284F8FF9020469847D4F836
:10DDE000283126700133AA4584F80461C4F8008103
:10DDF00007F10207C4F828313FF4C6AE2E7801239C
:10DE0000D8E73F4DD0F8001105F1090A4FF000099D
:10DE10004FF001080AE00B463D46591CAA45C4F8DC
:10DE20000011E65484F804613FF4AEAEFF296E7829
:10DE300005F10107EFD1D4E9423284F8FF90204682
:10DE40009847D4F8283126700133BA4584F8046124
:10DE5000C4F80081C4F828313FF496AE15F8026F7B
:10DE60000123DAE7274FD0F8001107F10B0A4FF032
:10DE700000094FF0010809E02F46591CBA45C4F8C3
:10DE80000011E65484F804613FF47EAE3D46FF295C
:10DE900015F8016B0B46EFD1D4E9423284F8FF90BC
:10DEA00020469847D4F8283126700133AA4584F8D3
:10DEB0000461C4F8008107F10207C4F828313FF477
:10DEC00063AE2E780123D8E790F80431282B40F078
:10DED000F6800D4FEA6811212046FFF7B9FD4FF09B
:10DEE0000009D4F8001107F1030A4FF0010819E006
:10DEF0004B22002057220020642200209422002080
:10DF000097220020A4220020B02200208C22002092
:10DF10002F46591CBA45C4F80011E65484F8046130
:10DF20003FF432AE3D46FF2915F8016B0B46EFD1A9
:10DF3000D4E9423284F8FF9020469847D4F828313B
:10DF400026700133554584F80461C4F8008107F157
:10DF50000207C4F828313FF417AE2E780123D8E722
:10DF6000DFF88082D0F8001108F10A0B4FF0000AA8
:10DF70004FF0010909E0B046591CC345C4F800112F
:10DF8000E75484F804713FF4EEAD4646FF2916F8D5
:10DF9000017B0B46EFD1D4E9423284F8FFA0204642
:10DFA0009847D4F82831277001335E4584F804710E
:10DFB000C4F8009108F10208C4F828313FF4D3AD49
:10DFC00037780123D8E7854DD0F8001105F1110A03
:10DFD0004FF000094FF001080AE00B463D46591C7E
:10DFE000AA45C4F80011E65484F804613FF4CCADAE
:10DFF000FF296E7805F10107EFD1D4E9423284F8A8
:10E00000FF9020469847D4F8283126700133BA454E
:10E0100084F80461C4F80081C4F828313FF4B4AD39
:10E0200015F8026F0123DAE76D4ED0F8001106F102
:10E03000090B4FF0000A4FF0010909E00B46464674
:10E04000591CB345C4F80011E75484F8047127D073
:10E05000FF29777806F10108F0D1D4E9423284F83B
:10E06000FFA020469847D4F8283127700133C345D4
:10E0700084F80471C4F80091C4F8283100F0868057
:10E0800016F8027F0123DBE7D0F80031FF2B41D0E7
:10E090002022591CC0F80011C25480F804210CE65B
:10E0A0002B69002B3FF470ADFF2975D04A1C282343
:10E0B000C4F80021635484F804312A6954E5D0F887
:10E0C0000011FF2979D04A1C2023C4F80021635491
:10E0D00084F80431FDE60026D0F80831D0F80C2190
:10E0E00080F8FF609847D4F8283101221344314664
:10E0F000C4F8283133E600251946D0E9426280F899
:10E10000FF50B047D4F8282101210A442B46C4F817
:10E11000282117E60021D0E9425280F8FF10194665
:10E12000A847D4F82831012120220B442270C4F8DA
:10E130002831C5E50025D0E9423280F8FF509847E4
:10E14000D4F82831012213442946C4F8283119E6AD
:10E150000025D4E9423284F8FF5020469847D4F88D
:10E160002831012213442946C4F8283106E5002548
:10E17000D4E9423284F8FF5020469847D4F8283139
:10E18000012213442946C4F828319AE52B69002B53
:10E190003FF4FAAC012189E70026D4F80831D4F81D
:10E1A0000C2184F8FF6020469847D4F828310122DA
:10E1B00013443146C4F8283179E70026D0F80831F5
:10E1C000D0F80C2180F8FF609847D4F8283101225C
:10E1D00013443146C4F8283176E700BF6B22002093
:10E1E0007F220020B42200202DE9F04F044683B0A6
:10E1F00090461D46002B00F02181914F1A460026C3
:10E2000001209368A3B953681B78193BDBB2132B29
:10E2100000FA03F109D839423FD111F4E05F40F030
:10E22000B180082B08BF46F001061268002AE8D129
:10E230000023D4F81491C4F814312A461121204641
:10E2400000F002F9D4F80031FF2B50D02822591CDD
:10E25000C4F80011E25484F80421002E5FD1D8F8EC
:10E2600010201AB111212046FFF7F2FBD4F800115B
:10E27000FF2900F090804B1C2922C4F80031204671
:10E280006254012384F8042111212A4600F0DCF8AD
:10E29000C4F8149103B0BDE8F08F94F80431D4F8B9
:10E2A0000011202B40F08680FF2900F090804B1C4D
:10E2B000C4F80031282363540027D4F8149184F85B
:10E2C00004311121C4F814713B462A46204600F05F
:10E2D000BBF8D4F80011FF2900F088804B1C2922DC
:10E2E000FF2BC4F80031625484F80421AED14FF002
:10E2F000000A1946D4E9427284F8FFA02046B847C4
:10E30000D4F8282153460132C4F8282101212822BB
:10E31000C4F80011E25484F80421002E9FD0494F24
:10E3200001954FF0000B254607F1050A3C4608E031
:10E330003446591CA245C5F80011EF5485F8047104
:10E340001DD02646FF2916F8017B0B46F0D1D5E9F2
:10E35000423285F8FFB0284698470123C5F80031BE
:10E36000D5F828312F700133B24585F8047104F1D6
:10E370000204C5F8283148D037780123D9E72C4664
:10E38000019D6CE794F8043103F0FD02282A86D140
:10E39000D4F8001188E70026D4E9423284F8FF60FF
:10E3A00020469847D4F828310133C4F82831314643
:10E3B000012361E7FF2931D04B1C2022C4F8003132
:10E3C00062541946FF2984F804217FF470AF0027B6
:10E3D000D4E9423284F8FF7020469847D4F82831B7
:10E3E0000133C4F828313946012361E7D4E94232C8
:10E3F00084F8FF702046984729232370D4F82831E9
:10E400000133C4F82831012320E7D8F810202C4626
:10E41000019D002A7FF426AF01212CE7002384F818
:10E42000FF302046D4E942329847D4F828310133EE
:10E43000C4F8283120232370012138E71E46F7E66F
:10E4400007620800C0220020002A00F0A6802DE903
:10E45000F04F054689B0144601271E46D5F81831FD
:10E4600003BBA36823BB626836B913784F2B1FD058
:10E470001BD81C3B052B1BD9E368A760D5F810817E
:10E48000C5F8103113782A2B16D02B2B1ED0022B57
:10E4900026D011212846FFF70BFB2468C5F8108110
:10E4A000002CDBD109B0BDE8F08F523B012BE3D843
:10E4B0002468002CD2D1F5E7236811212846FFF704
:10E4C00093FEC5F8108109B0BDE8F08F23681121D3
:10E4D000284600F00DF9C5F8108109B0BDE8F08FAD
:10E4E000DFF80092D5F81471D2684FF0000A1121BC
:10E4F000C5F814A12846FFF7ABFA4646D5F8001137
:10E50000C5F8147109F1020B09E0B946591CCB4555
:10E51000C5F8001105F8038085F8048120D04F4626
:10E52000FF2917F8018B0B46EFD1D5E9423285F868
:10E53000FFA0284698470123C5F80031D5F82831B7
:10E5400085F8008001335F4585F8048109F10209EF
:10E55000C5F8283103D097F800800123D6E70121C0
:10E5600063681C692378492B18D04F2BA3F1520202
:10E57000A3F11C010ED00BD805290BD9224611217D
:10E580002846FFF765FAC5F8106109B0BDE8F08FBD
:10E59000012AF3D8E4682378E7E77047DFF8489169
:10E5A0004FF0000A09F10D0B09E0B946591CCB45A3
:10E5B000C5F8001105F8038085F804811FD04F4687
:10E5C000FF2917F8018B0B46EFD1D5E9423285F8C8
:10E5D000FFA0284698470123C5F80031D5F8283117
:10E5E00085F8008001335F4585F8048109F102094F
:10E5F000C5F8283103D097F800800123D6E72269B7
:10E600003749013201A803F0B7F801A803F0F8FE7A
:10E61000D5F80011834680B30DF10408C3444FF0D0
:10E62000000A09E0B846591CC345C5F8001105F8B1
:10E63000039085F8049120D04746FF2917F8019BE5
:10E640000B46EFD1D5E9423285F8FFA0284698471E
:10E650000123C5F80031D5F8283185F80090013341
:10E660005F4585F8049108F10208C5F8283103D008
:10E6700097F800900123D6E70121DFF870904FF062
:10E68000000A09F1030B0AE0B946591CCB45C5F84D
:10E69000001105F8038085F804813FF47BAF4F46F5
:10E6A000FF2917F8018B0B46EED1D5E9423285F8E8
:10E6B000FFA0284698470123C5F80031D5F8283136
:10E6C00085F800800133BB4585F8048109F1020912
:10E6D000C5F828313FF45EAF97F800800123D4E7F6
:10E6E0001C1F0020901F0020941F0020A41F00204A
:10E6F0002DE9F04F044683B0174653B11E469D687E
:10E700007DB31B68002BFAD1324611212046FFF75A
:10E710009BFED4F80031FF2B5AD0591C2022FF2930
:10E72000C4F80011E25484F8042128D05B224B1C69
:10E73000C4F80031625484F80421FA682AB1112126
:10E740002046FFF785F9D4F80031FF2B30D0591C53
:10E750005D22C4F80011E25484F8042103B0BDE83E
:10E76000F08F5B681B782B2B4ED111212B46324644
:10E770002046FFF769FED4F80011FF29D6D1002208
:10E78000D4F8083184F8FF202046D4F80C219847AB
:10E79000D4F8282101235B211A44C4F80031C4F8BD
:10E7A0002821217084F80411FA68002AC7D1CEE725
:10E7B00000251946D4E9426284F8FF502046B0474C
:10E7C000D4F8282101210A442B46C4F82821BFE7A8
:10E7D0000022194684F8FF20D4F80851D4F80C21FF
:10E7E0002046A847D4F828210132C4F82821022362
:10E7F0005B2245F62031C4F80031218084F80421E1
:10E80000FA68002A9BD1A2E7DFF8B490D4F800118F
:10E81000019609F1020B26464FF0010A4C46A94623
:10E8200008E04446591CA345C6F80011F55486F883
:10E8300004511DD0A046FF2918F8015B0B46F0D10A
:10E84000D6E9423286F8FF9030469847D6F828310C
:10E8500035700133D84586F80451C6F800A104F19B
:10E860000204C6F8283103D098F800500123D9E7F4
:10E870003446019E1121002332462046FFF7E4FD75
:10E88000D4F80011FF2907D029224B1CC4F800310D
:10E89000625484F804213EE70022D4F8083184F859
:10E8A000FF202046D4F80C219847D4F8283142F2B2
:10E8B0002902013302212280C4F8283136E700BF43
:10E8C000982100201178332902D01121FFF7C0B818
:10E8D000D3682DE9F047D3E901577FB32F44D0F82F
:10E8E00000110446013D013F4FF000094FF00108BF
:10E8F00009E00B465546591CAF42C4F80011E654D6
:10E9000084F804611AD0FF296E7805F1010AF0D16C
:10E91000D4E9423284F8FF9020469847D4F8283151
:10E92000C4F800810133BA45267084F80461C4F844
:10E93000283103D015F8026F0123DCE7BDE8F0872A
:10E940002DE9F04FEBB0037800AF5F2BC7E9022150
:10E95000064600F034819E490822304603F0C6F98D
:10E960000346002840F08580327A2E2A7AD05F2A2A
:10E9700078D0242A76D09B4607F11805002B4FF05B
:10E980000103AB6314BF462347233B61ABF1020392
:10E99000DBB27B61304603F033FD33184FEA4008A9
:10E9A0000021C5E90063B8F5006F4FF01103C7E916
:10E9B0001111C5E90236C5E90518C5E90810A962B3
:10E9C0006963E96300F2EE80E946830000EB8000B2
:10E9D000A9EBC0020733954623F00703EA46BBF1D3
:10E9E000010FADEB030DC5F81CD0C5F810A049D040
:10E9F0007B69012B3FD8F37A06F10B045F2BEC60A7
:10EA000003D1337B5A2B00F0AF80204603F0F8FC93
:10EA1000B8F1000F00F0C38000230122CAE90133DE
:10EA20006A61002800F0BB80CAE903408AF8003020
:10EA30000023396952462846F9F7BCFC8046204637
:10EA400003F0DEFC2318EB60235C1BB9B8F1000F68
:10EA500040F0C080AB6B013340F0AA800023AB6371
:10EA6000CD4697E7737A442B00F01E81492B00F0C6
:10EA7000128100237FE72846FAF726F9EB688046E3
:10EA80001B78E2E733785F2BE4D17378721C5A2B42
:10EA9000EA60DFD1B378B21C472BEA6001D0542B77
:10EAA00075D12846FBF7FAFE8046D5E90221D20748
:10EAB0000B78CAD52E2BC8D14FF0000A42467E6093
:10EAC0004B78A3F16100192805D95F2B03D0303BA7
:10EAD000092B00F2F280881C0378A3F16106192E3D
:10EAE0000446A3F1300C00F10100F5D9BCF1090F87
:10EAF000F2D95F2BF0D02E2B12D16378303B092B4B
:10EB00000ED8A378A3F13000092804F10204F2D84A
:10EB100014F8013FA3F130000928F9D92E2BECD0CD
:10EB2000D5E905039842EC60A4EB010C35DA2E69B7
:10EB300000EB800806EB88030130BCF1000FC3E94D
:10EB400001AA686129DDC3E901AA06F828A0C3E982
:10EB5000031C50212846F9F72DFC23782E2B024662
:10EB600040F096802146ABE7737B06F10D02472B00
:10EB7000EA60284601D0542B04D1FBF78FFEEC68E5
:10EB8000824655E7FBF7EEFDEC68824650E75946B2
:10EB90002846FBF7E7FD804687E70023D9E74FF0DB
:10EBA000000A45E7084607F5D677BD46BDE8F08F71
:10EBB0000020CD4607F5D677BD46BDE8F08F4378F7
:10EBC0005A2B7FF4C8AE00234FF0010BD4E600BFF0
:10EBD000201F002007F15804FA68C4F8082100201B
:10EBE0000021C7E96601BA68C4F80C2141462046F5
:10EBF000C7E96333C7E96133C4E94433C4E949333E
:10EC0000C4E94633C4F83C317B61C4F8003184F870
:10EC10000431C4F82031F9F7CDFCD4F81C217B690C
:10EC2000B2F5006F01DAC4F81C31D4F83811D4F809
:10EC30004431012901FB03F36E46B8BF0121A6EB65
:10EC4000C1018D46012BC4F844316846B8BF012389
:10EC5000A0EBC3039D4600254246C4F83011204670
:10EC60001121C4F83CD1C4F84851FEF7F1FED4F8A4
:10EC70000011D4F80831D4F80C21B546204665546B
:10EC80009847D4F81801B0FA80F04009CD4691E7D2
:10EC90007E688046D9E6B37AA3F15F03B3FA83F3C3
:10ECA0005B094FEA430B67E6B37A5F2B4FF0000333
:10ECB0007FF461AE4FF0030B5EE6EB687E681B7875
:10ECC0009046C2E670B51378012B82B01546044613
:10ECD00003D9322B01D0062B38D16B68012B30DCE5
:10ECE000D4F81C21B2F5806F2BDC012601336B6058
:10ECF000D4F81C31D4F82C2101920133C4F81C3112
:10ED00002A46C4F82CD1112120460095FCF7CEF8F4
:10ED10006B68019AC4F82C21013B6B60D4F81C315C
:10ED2000013BC4F81C317EB9D4F80011FF2924D06E
:10ED30004A1C2923C4F80021635484F8043102B02A
:10ED400070BD0123C4F8183102B070BDD0F8003195
:10ED5000FF2B21D02822591CC0F80011C25480F882
:10ED600004216B68012B04DCD0F81C21B2F5806F04
:10ED700031DD0123C4F81831D8E70025D4E9423247
:10ED800084F8FF5020469847D4F8283101221344D4
:10ED90002946C4F82831CCE70026194680F8FF60E0
:10EDA000D0E942329847D4F82831012128220B4477
:10EDB000C4F80011227084F80421C4F828316B686B
:10EDC0008B4204DCD4F81C21B2F5806F8EDDC4F8D0
:10EDD00018110121ACE7002688E700BFD368DB6883
:10EDE0001B681978662966D12DE9F04F1269D0F8B1
:10EDF0002411D2E9038422783D2A4FF0FF3208BF64
:10EE0000D4E9034983B0C0F824215B78009118BF8E
:10EE10004FF000096C2B074600F098804DD84C2B22
:10EE200002D0522B40F0DC80D7F80011FF2900F00F
:10EE300004814B1CC7F8003128237B54224687F8F5
:10EE4000043111213846844EFFF73CFF1121424620
:10EE50003846FFF737FD4FF0000AD7F8001106F1EA
:10EE6000030B09E02646591CB345C7F80011FD54B1
:10EE700087F8045100F0BB803446FF2914F8015B89
:10EE80000B46EFD1D7E9423287F8FFA038469847C2
:10EE90000123C7F80031D7F828313D700133A3456D
:10EEA00087F8045106F10206C7F8283100F09F8068
:10EEB00025780123D7E700207047722B40F090801F
:10EEC000D0F80011FF2900F0AA804B1CC7F80031D0
:10EED00028237B54224687F80431112138465F4E9F
:10EEE000FFF7F0FE424611213846FFF7EBFC4FF0EA
:10EEF0000009D7F8001106F1040A4FF0010808E0F4
:10EF00002646591CB245C7F80011FD5487F8045134
:10EF100066D03446FF2914F8015B0B46F0D1D7E9DF
:10EF2000423287F8FF9038469847D7F828313D702D
:10EF30000133A24587F80451C7F8008106F10206A3
:10EF4000C7F828314CD025780123DAE7444E0194E4
:10EF5000D0F800114FF0000906F1040A4FF0010B40
:10EF60000446374608E02F46591CBA45C4F800113C
:10EF7000E65484F804611CD03D46FF2915F8016B66
:10EF80000B46F0D1D4E9423284F8FF9020469847EE
:10EF9000D4F8283126700133554584F80461C4F84B
:10EFA00000B107F10207C4F8283102D02E780123FE
:10EFB000DAE72746019C424611213846FFF782FCDA
:10EFC000224611213846FFF77DFED7F80011FF29B0
:10EFD00014D04A1C2923C7F800217B5487F8043138
:10EFE000009BC7F82431012003B0BDE8F08F4246F2
:10EFF00011213846FFF766FC4A46E2E70024D7F8BD
:10F000000831D7F80C2187F8FF4038469847D7F8E1
:10F010002831012213442146C7F82831DAE70025B8
:10F02000D0E9423280F8FF509847D7F828310133B1
:10F03000C7F828312946012348E70025D7E942329D
:10F0400087F8FF5038469847D7F828310133C7F87A
:10F05000283129460123EDE6E8190020D0220020BE
:10F06000C8220020137803F0FD03392B01D00020C3
:10F070007047D3682DE9F04FDB68D3F8008098F82B
:10F080000030642B83B003D0002003B0BDE8F08FC4
:10F0900098F80130692B044611D003F0DF03582B98
:10F0A000F2D1D0F800111369FF29D3E9036500F00C
:10F0B00096804B1CC4F800315B2363540CE0D0F8FD
:10F0C00000111369FF29D3E9036500F0B8804B1CD8
:10F0D000C4F800312E23635484F8043132461121E0
:10F0E0002046FEF7B5FC98F80130582B39D0692B33
:10F0F0000BD0D4F80011FF2900F090804A1C5D234A
:10F10000C4F80021635484F804312B7803F0FD0324
:10F11000392B13D0D4F80011FF296ED04A1C3D239F
:10F12000C4F80021204663542A46112184F8043192
:10F13000FFF7C8FD012003B0BDE8F08FEB68DB6886
:10F140001B681A78642AE5D15B78692B03D003F039
:10F15000DF03582BDED12A4611212046FEF778FC2A
:10F16000E8E73E4FD4F80011019507F1050A25465E
:10F170004FF000094FF0010B3C4608E03446591CA3
:10F180005445C5F80011EF5485F804711CD026468B
:10F19000FF2916F8017B0B46F0D1D5E9423285F8FC
:10F1A000FF9028469847D5F828312F700133B24593
:10F1B00085F80471C5F800B104F10204C5F82831DE
:10F1C00002D037780123DAE72C46019D1121EA6845
:10F1D0002046FEF73DFC2D6998F8013087E70027AF
:10F1E000D4E9423284F8FF709847D4F828310133CB
:10F1F000C4F82831394601235CE70026D4F80831E9
:10F20000D4F80C2184F8FF6020469847D4F82831C0
:10F21000012213443146C4F8283180E70026D4F88F
:10F220000831D4F80C2184F8FF6020469847D4F8C0
:10F230002831012213443146C4F828315FE7002702
:10F24000D4E9423284F8FF709847D4F8283101336A
:10F25000C4F82831394601233AE700BFD8220020FC
:10F260002DE9F0411E4684B000283FD00C461546DB
:10F2700009B1002A3AD0002328496A46CDE9003373
:10F28000CDE90233FFF75CFB009F002837D0039BDA
:10F29000D3B9DDF80880002F3AD024B3384603F004
:10F2A000AFF82B68984218D2421C39462046F7F72F
:10F2B000BBFA384601F02AF927460EB10023336025
:10F2C000384604B0BDE8F0814FF00108002FE4D1CA
:10F2D00086B14FF0FF3333600CE0204601F016F9A1
:10F2E000C5F80080E9E7002DFAD1E6E716B16FF026
:10F2F000020333600027384604B0BDE8F081384689
:10F3000001F004F9002EF5D06FF001033360F1E74E
:10F31000002EEFD0B8F1010FF6D1DAE7F567010062
:10F320000378472B17D143784E2B14D18378552B74
:10F3300011D1C378432B0ED10379432B0BD14379E1
:10F340002B2B08D183792B2B05D1C07901288CBFB9
:10F350000020012070470020704708B550B10446D6
:10F36000F7F74CFF2046FFF7DBFF18B154F8140CF9
:10F37000F8F7EAFAF8F7F0FA2DE9F04F83B0024611
:10F38000FFF7CEFF38B152E90674D2E90C69D2F822
:10F3900028A0002505E004460746012581460646CB
:10F3A00082461046F7F72AFF0DB1F8F7E3FA384620
:10F3B000F8F7DCFAF7F722FF0DB1F8F7CDFAF7F717
:10F3C000B1FFD0F8008098F82730012B0CBFD8F897
:10F3D000003008F1780300934FEA960B0027BA45F6
:10F3E0001DDD07FB0BF309EB830259F8236006B11F
:10F3F00016446B460022314608F12000F7F73CFE28
:10F4000008B1F8F72FFB336801900E49304601AA86
:10F410001E690123B0472843C5B20137DFE745B174
:10F420000420F7F783FD084B084A06490360F8F704
:10F43000FFFA2046F8F788FAF7F71EFFF7F71CFFE8
:10F44000F7F714FEA8070020C40C0020095401009F
:10F4500008B5F7F76BFF006830B190F82730012B43
:10F4600004BF00687838006808BD00BF03685A0010
:10F470004CBF43F0004323F000431844704700BFE3
:10F480002DE9F04759B301F1FF38054616464746C6
:10F490004FF0000A0AEB070101EBD171491005EBAF
:10F4A000C1094846FFF7E2FF88454FEAC104034619
:10F4B00010D004F10800B342284407D8FFF7D6FF64
:10F4C0000138B04208D201F1010AE3E78A4506D0CB
:10F4D0004F1EDFE7B042F9D84846BDE8F0874FF04D
:10F4E00000094846BDE8F087012806D0022802D06E
:10F4F00028B9044870470448704704487047002002
:10F50000704700BFE9DC0100F9DC0100F1DC01001B
:10F5100030B5224B83B004468D1E43B301A9284663
:10F52000AFF30080F0B101992A46FFF7A9FF014629
:10F53000C0B1FFF79BFFA0644B68012B2BD0002BC1
:10F5400001F1040025DBFFF791FF00232365036829
:10F55000E064002B12DBFFF789FF034600202361E4
:10F5600003B030BD00230920236103B030BD0C4B34
:10F570000C49C91AC91018460191D5E7C3F30360B5
:10F58000FFF7B2FF031E0CBF09200020236103B068
:10F5900030BD0123DAE700230520E0E7000000008A
:10F5A000445F0200EC6202000368DA0710B504460B
:10F5B00006D49B0700F1500009D500F0ABFC23688E
:10F5C000590709D51A070ED5DB0613D510BD00F073
:10F5D00099FC23685907F5D404F1D80000F0A2FC87
:10F5E00023681A07F0D404F5AC7000F0A3FC23687C
:10F5F000DB06EBD404F5EC70BDE8104000F0DEBC97
:10F600000346006800B11844704700BF704700BF50
:10F6100070B504460E46316C2046FFF779FF05466B
:10F6200088B9326C626123693246214601209847CD
:10F630000828F0D0072806D12846316CFFF7E6FFEE
:10F64000301D00F053FCF6F76DF800BF2DE9F04FC8
:10F650000D1DD0F80C90D0F818A0074614460FCD19
:10F66000ADF5777D0DF10C0CACE80F000FCDACE8DB
:10F670000F000FCDACE80F0095E80F0002AE4FF081
:10F68000000E8CE80F000DF5F878C6F800E021E0D8
:10F69000336C7B614FF4F47231464046F7F7C4F89F
:10F6A0003B694246394658469847D8F83830B364E3
:10F6B0002146CDE9006A05463B4601203A46C84747
:10F6C000044618BB4FF4F47241463046F7F7ACF8E5
:10F6D000082D19D1316C3846FFF71AFF0934054659
:10F6E0005FFA84FB0028D3D0B36BB3643A46CDE90C
:10F6F000006A3B464BF010010120C84730B928464C
:10F700000DF5777DBDE8F08F072D05D0092528463A
:10F710000DF5777DBDE8F08F2046316CFFF776FF61
:10F7200003A800F0E3FB00BFF0B5CB6BFBB001F129
:10F73000040C0B640F460546BCE80F0001AC0FC477
:10F74000BCE80F000FC4BCE80F000FC49CE80F001A
:10F750004FF0FF3E84E80F006E46CDF800E006E073
:10F760002B693246294698470828044608D1316C4F
:10F770002846FFF7CDFE0028F2D009207BB0F0BD6F
:10F780003046FFF711FF062CF7D139462846FFF720
:10F790003FFF00BFC1608261DA6B1A641946002224
:10F7A000FFF754BF436970B50B64C668AEB903690F
:10F7B0000A4604460D46014602209847072805D010
:10F7C00008280FD129462046FFF722FF3046296C32
:10F7D000FFF71CFF281D00F089FB0122FFF736FF11
:10F7E000F5F7A0FFF5F79EFFC26808B532B1CA6B06
:10F7F0000A64BDE808400022FFF728BFFFF794FF26
:10F80000092008BD704700BF836801460BB1012085
:10F8100018477047052915D8DFE801F00A031403DB
:10F82000030501207047009A436C13600020704765
:10F8300043B90F2A06D800EB820200205368009AD1
:10F84000136070470220704700B585B00A46002358
:10F8500003A900911946FFF7DDFF039805B05DF895
:10F8600004FB00BF052915D8DFE801F00A031403E3
:10F87000030501207047009B1B684364002070470C
:10F8800043B90F2A06D8009B00EB82021B68536025
:10F89000002070470220704710B584B0002303ACED
:10F8A000039200940A461946FFF7DCFF04B010BD2E
:10F8B0002DE9F041D36BADF5107D02F1040C13641A
:10F8C00007460E46BCE80F000DF15C0EAEE80F00D7
:10F8D000BCE80F00AEE80F00BCE80F00AEE80F0078
:10F8E0009CE80F0016AC4FF0FF388EE80F006D4615
:10F8F000C4F8008010E0FFF7CFFF31462046B8473C
:10F90000034622460820294683B92B6998470528D3
:10F9100080460DD0092809D0216C2846FFF7F8FD54
:10F9200003460C212A462046002BE4D04FF009085C
:10F930002046FFF739FE40460DF5107DBDE8F08109
:10F940002DE9F04F1646CA6C89B00D4652F8041BDB
:10F95000069200F0030CE3B10C0C8DF81D40090475
:10F96000E4B2059102EB840202218DF81C10296D8E
:10F97000BCF1020F08BFAA6B11F001080FD005A956
:10F98000304600F0ABFB002839D1082009B0BDE8B3
:10F99000F08F090205918DF81D300321E5E7176806
:10F9A000002FECD000F008010191E346CDF808806B
:10F9B0009A46BAF1020F26D01788548802F104093A
:10F9C000AA6C24F001030F21304603EB0208FFF775
:10F9D0003BFF804515D827F0010202EB0803834264
:10F9E00094BF00230123640004F0020407F0010720
:10F9F0002743012F0BD0022F50D0002F45D00920D4
:10FA0000C4E70023EFE7546802F10809D8E7BBF127
:10FA1000000F73D1CBB1D9F80430D9F80020991C6C
:10FA20004FEAD272EBD005F158040133049400F090
:10FA3000CC8009F10400FFF7E3FD04AB0146284642
:10FA4000F7F71AFB002840F0978009F108021768C1
:10FA5000002FAED105A93046DDF8088000F03EFB4E
:10FA60000028CCD1B8F1000F8FD00F213046FFF71E
:10FA7000EBFE0E2102463046FFF70EFF594A0F21DA
:10FA80003046FFF709FF072080E7BBF1000F02D0E7
:10FA9000002B40F0878009F10402D8E7D9F8004034
:10FAA00024F00048BBF1000F0FD12BB1019B002BBC
:10FAB0003CD0B8F1000F39D0002C01DA09F104096B
:10FAC00008F1010209EB8202C1E70D213046FFF780
:10FAD000BBFE2F6A8742EFD1AB6A9945ECD1002477
:10FAE0000423C5E90B434B44C5F828806B63D9F860
:10FAF0000030A34270DB01230293E1E70D21304681
:10FB0000FFF7A2FE2C6A84429FD1AB6A99459CD133
:10FB10004846FFF7ABFC0F2102463046FFF7BCFE1C
:10FB20002A4600213046FFF7B7FEACE705F158033F
:10FB3000CDF80CB009F10407B34600241E460BE0D3
:10FB400038460496FFF75CFD0022014604AB2846C8
:10FB5000F7F792FA0437F8B9444504F10104EFD1FC
:10FB60000D215846FFF770FE049BC5F82890024609
:10FB7000C5E90823062009E704460D213046FFF7B2
:10FB800063FE049E2862022C04BFEE6205F12C067F
:10FB9000C5E909690620F9E65E46D9F80040DDF8B6
:10FBA0000CB089E74846FFF761FC09F104030446FD
:10FBB000AB632846F7F7B8FA00283FF420AF224697
:10FBC0000F213046FFF768FE5DE730460D21FFF755
:10FBD0003BFE26462862DBE708F1010209EB8200C2
:10FBE00097E700BF79D401000023FFF7A9BE00BF4B
:10FBF0000123FFF7A5BE00BF0223FFF7A1BE00BF90
:10FC00002DE9F0410646C4B01446052908D8DFE8BE
:10FC100001F016300773980B3A19102A40F2B7809A
:10FC2000022044B0BDE8F081836B002CF8D153F87A
:10FC3000042B42648363002044B0BDE8F081002BB4
:10FC4000EED1856B1FFA84FC012006F1040E00FA48
:10FC500003F111EA0C0F2A4604D052F8041B4EF8A7
:10FC6000231015460133102BF1D1A004E3D4B56362
:10FC7000E1E7012B4FEA1447A4B2CDD0052BCFD139
:10FC800007EB0408B8F1200FCAD80F2F40F2BD804F
:10FC9000002CD0D002685107A04600F11B810193CF
:10FCA00002AC204600F042F9D6F838C0019B102F74
:10FCB0004FF0FF3239464FF0020E38BF102118FBCB
:10FCC0000E2E04EBC10184397246604650F8045B85
:10FCD00041F8045F013A551CF8D10CF1040C012BDA
:10FCE0000CEB8E0200F0D5800F2FB26340F2FA8049
:10FCF000204600F017F99EE7032B91D1A7B207EB3E
:10FD00001443102B4FEA14448AD80368190700F1F2
:10FD1000A38022AD284600F02FF97A00B06B05EBE6
:10FD2000C404531E42B1011B625844F8042B013B2A
:10FD30005A1CF9D100EBC700B063284600F0FAF86E
:10FD400079E7002B7FF46CAF102C3FF669AF0368A6
:10FD5000D80679D422AD284600F03AF9B76B294687
:10FD600000234FF0010C0CFA03F22242384603F153
:10FD7000010303D050F8042B0A600746042B01F15D
:10FD80000401F0D1B763284600F018F953E7102FAB
:10FD90003FF446AF0268D10708D5304622F003028F
:10FDA00040F8502B019300F0B1F8019B019322AD74
:10FDB000284600F0ABF8D6F838C0002C6BD0019B79
:10FDC0004FF0000802214FF0FF3214FB012E05EB2B
:10FDD000C70104397246604650F8044B41F8044F9D
:10FDE000013A541CF8D10CF1040C0CEB8E0CB8F158
:10FDF000000F39D1012B4ED00F2FC6F838C03FF677
:10FE00001AAF284600F086F815E70268B8F1100F1F
:10FE100002F001012AD851B1304622F0010242F02D
:10FE2000020240F8502B019300F078F8019B0193F7
:10FE300022AD284600F072F8019B002CE1D0D6F8E4
:10FE400038C04FF00008BDE723F01003336006F51B
:10FE5000EC7000F0BDF87DE723F00803036000F5C7
:10FE6000AC7000F089F854E702AC20E7D1B955072F
:10FE700026D422AD2846019300F050F802A800F0E5
:10FE800055F8A8F11008D6F838C0019BC7F1100446
:10FE900098E7944622AD0CF10403B363284600F0C2
:10FEA00031F8C8E622F0010242F0020240F8502B7D
:10FEB000019300F033F83268019B12F0040FD8D0A0
:10FEC000304622F0040240F8D82B019300F02EF8BF
:10FED000019BCEE722F0040240F8D82B019300F0FA
:10FEE00025F8DDE622A800F015F801E700F134015D
:10FEF00091E838009C46A6464CF8045D90E8FF0F58
:10FF0000E54600BD90EC210B704700BF80EC210B53
:10FF1000704700BF90EC200B704700BF80EC200BB7
:10FF2000704700BFD0EC200B704700BFC0EC200B27
:10FF3000704700BFF0EC0201F0EC0211F0EC02217E
:10FF4000F0EC0231F0EC0241F0EC0251F0EC026115
:10FF5000F0EC0271F0EC0281F0EC0291F0EC02A105
:10FF6000F0EC02B1F0EC02C1F0EC02D1F0EC02E1F5
:10FF7000F0EC02F1704700BFE0EC0201E0EC02118E
:10FF8000E0EC0221E0EC0231E0EC0241E0EC025155
:10FF9000E0EC0261E0EC0271E0EC0281E0EC029145
:10FFA000E0EC02A1E0EC02B1E0EC02C1E0EC02D135
:10FFB000E0EC02E1E0EC02F1704700BFB0FC01812F
:10FFC000B0FC0191B0FC01A1B0FC01B1704700BFD1
:10FFD000A0FC0181A0FC0191A0FC01A1A0FC01B149
:10FFE000704700BFEC4600B52DE900502DE9FF1F1A
:10FFF0004FF000030CB401A9FFF796FBDDF840E0D9
:02000004600298
:1000000012B07047EC4600B52DE900502DE9FF1FF6
:100010004FF000030CB401A9FFF7C4FBDDF840E08A
:1000200012B07047EC4600B52DE900502DE9FF1FD6
:100030004FF000030CB401A9FFF7D6FBDDF840E058
:1000400012B07047EC4600B52DE900502DE9FF1FB6
:100050004FF000030CB401ABFFF79CFBDDF840E070
:1000600012B07047EC4600B52DE900502DE9FF1F96
:100070004FF000030CB401AAFFF71AFCDDF840E0D2
:1000800012B07047027A03467AB9427AA2B1416847
:10009000013A10B44272086803220C1D1A7202025F
:1000A0005C60000E10BC1A6070470068013A1A725A
:1000B00002021A60000E7047B020704700B585B08C
:1000C00003AA0023009219460C22FFF7A3FB039812
:1000D00005B05DF804FB00BFFFF7F0BF2DE9F0436A
:1000E000064685B00D4600272846FFF7CBFFB0280F
:1000F000044600F0218103065ED500F0F003A02B3A
:100100001DD033D8802B00F08780902B2AD100F0AF
:100110000D030D2B26D00DF10808002300F00F026F
:100120001946CDF800803046FFF774FB0023CDF868
:1001300000800D2219463046FFF794FBD4E7C343F5
:1001400003F007034FF47F621A41010702F47F6254
:1001500001D542F48042002319463046FFF750FD96
:100160000028C1D0092005B0BDE8F083B02B68D0CD
:10017000C02B3FD1C62800F0CC80C72800F0DF801C
:1001800000F0F803C02B00F0EC80C82800F0F780E6
:10019000C928E7D12846FFF775FF020300F00F00DA
:1001A00002F4702201300243012105233046FFF79B
:1001B00027FD002898D0D5E78300DBB203F10408BF
:1001C0000DF1080900231946CDF800900D223046A4
:1001D000FFF720FB029ACDF8009060064CBFA2EB1F
:1001E000080242440023029219460D223046FFF7CE
:1001F00039FB79E700F0F803D02BB3D100F0070208
:100200000132052342F4002201213046FFF7F8FCB9
:1002100000283FF469AFA5E72846FFF733FF240223
:100220002043B0F5004F9DD004010023A2B219462F
:100230003046FFF7E5FC002894D1C4F3C0300743F3
:1002400052E7A0F1B103042B00F2B580DFE803F020
:100250005729160C030003AA0023009219460D2209
:100260003046FFF7D7FA3FE700231A46052130460C
:10027000FFF7C6FC00283FF437AF73E72846FFF7C7
:1002800001FF020300F00F00013002F4702201238D
:10029000024319463046FFF7B3FC00283FF424AF71
:1002A00060E700230DF108090D221946CDF80090F2
:1002B0003046FFF7AFFA2846FFF7E4FE0206029C3D
:1002C0004FF002080CD500F07F0000FA08F004445B
:1002D00028460294FFF7D6FE030608F10708F2D479
:1002E00000FA08F004F50174204400230290CDF8D0
:1002F00000900D2219463046FFF7B4FAF4E628467E
:10030000FFF7C0FE431EDBB20E2B02467FF623AF83
:1003100028E72846FFF7B6FE020300F00F00013081
:1003200002F470220323024319463046FFF768FCAB
:1003300000283FF4D9AE15E76FB3002013E7284635
:10034000FFF7A0FE431EDBB20E2B02463FF60AAFBC
:10035000002304213046FFF753FC00283FF4C4AECD
:1003600000E700F00F020132032342F42022194675
:100370003046FFF745FC00283FF4B6AEF2E62846CB
:10038000FFF780FE00F0F00200F00F03103201339F
:1003900043EA023208E702AC3B46394600940E229B
:1003A0003046FFF737FA0F2200943B463946304675
:1003B000FFF758FAC1E700F0FC03B42B3FF4D2AECC
:1003C00000F007020132012342F4002219463046B0
:1003D000FFF716FC00283FF487AEC3E610B5C26CE9
:1003E000536884B04FF0030C08321C0208461B0E01
:1003F00001A9019402928DF80CC08DF80D30FFF721
:100400006DFE04B010BD00BF08B5FFF765FE806C3F
:1004100008BD00BF08B5FFF75FFEC06CC37900EBF5
:100420008300083008BD00BF08B5F5F77BF908B5B3
:10043000FFF7FAFF00B5054B83B0014601AA186823
:1004400000F006F803B05DF804FB00BF043B002099
:100450002DE9F047DFF8749007460E46904602F00B
:100460007BF8D9F800504DB133781C466BB1344657
:1004700002E014F8013F3BB13D2BFAD1384602F0BF
:1004800071F80020BDE8F087A41B28680028F5D08B
:100490002246314601F02AFC28B92868035D3D2B2D
:1004A00000EB040A04D055F8040F0028F0D1E5E76A
:1004B000D9F80030EB1A9B103846C8F8003002F02B
:1004C00051F80AF10100BDE8F08700BF1C3B002095
:1004D000931E222B10B50C460CD80A2A03D000F02C
:1004E0004DFD204610BD0028F9DA2D2301F8013B0F
:1004F0004042F4E700230B70184610BD024B014642
:10050000186800F00BB800BF043B0020024B014606
:10051000186802F089B800BF043B00202DE9F04FB5
:1005200001F10B05162D83B0064623D8102900F2E1
:10053000B48000F0BFFA102518230220B84F3B44C6
:10054000A3F108025C68944200F064816368E26889
:10055000A16823F00303CA602344304691605A68BF
:1005600042F001025A6000F0ABFA0834204603B0B2
:10057000BDE8F08F35F0070500F18F80A94200F249
:100580008C8000F097FAB5F5FC7FC0F0B8815FEA87
:10059000552E00F08980BEF1040F00F270814FEA01
:1005A000951E0EF1390003B20EF1380EDB009C4FA0
:1005B0003B44A3F1080C5C68A44507D10DE0002A78
:1005C000E16880F221818C4507D00C46636823F0F6
:1005D00003035A1B0F2AF2DD7046DFF85C823C6988
:1005E000444500F0FE80636823F0030CACEB050388
:1005F0000F2B00F38981002BC7E9048880F27381F7
:10060000BCF5007FD7F804E080F018814FEADC03E6
:10061000013319B24FEA5C1C012303FA0CF357F8BB
:100620003120A2604EEA030E07EBC103083BE360F2
:10063000C7F804E047F83140D46083104FF0010C54
:100640000CFA03FCF44535D81CEA0E0F08D120F053
:1006500003004FEA4C0C1CEA0E0F00F10400F8D026
:1006600007EBC00AD6468146DEF80C300BE059682D
:1006700021F003014A1B0F2A1C46DB6800F30F819F
:10068000002A80F223819E45F1D109F1010919F078
:10069000030F0EF1080EE7D161E10C233360002453
:1006A000204603B0BDE8F08F4FF4007340204FF0B8
:1006B0003F0E7CE7BC68636823F00309A94504D3B7
:1006C000A9EB05030F2B00F38F80564B1B68082006
:1006D00003F1100804EB0903009301F047FC524AB0
:1006E00013680133A844834605D008F1FF388044DD
:1006F000434203EA08084146304601F0D9FBB0F115
:10070000FF3F494A824600F01B8104EB0903834204
:1007100000F21481454B186840440BF1FF3C18600F
:1007200000F072811168013100F07A8104EB090256
:10073000AAEB020202441A601AF00702CDE9002374
:1007400000F03281C2F108029244D04408EA0C0160
:100750005A44521A02EA0C0B5946304601F0A8FBE3
:10076000421C019B00F07981A0EB0A0000EB0B0812
:100770001868C7F808A048F001025844BC42CAF8FB
:100780000420186016D0B9F10F0F40F24C81616857
:10079000A9F10C0222F0070201F00101114361608E
:1007A0004FF0050CA1180F2AC1E901CC00F25D81C0
:1007B000DAF804201E4B1968814238BF18601D4BBF
:1007C0001968814238BF1860544622F00308A845D2
:1007D000A8EB050301D30F2B06DC304600F070F9BF
:1007E0005DE7D7F804E028E7621943F0010345F01C
:1007F000010565603046BA60536000F061F9083465
:10080000204603B0BDE8F08FA2682344D160304693
:100810008A60A4E6DC68A3427FF498AE0230DCE68E
:100820006032002054020320F03A0020240203200A
:100830004C0203205002032068320020BCF5206FD8
:100840004FEA5C2272D3142A00F2C18002F15C03E9
:100850001BB25B32DB00F918FB580839994203D10F
:1008600098E09B68994204D05A6822F003026245DE
:10087000F7D8D968C4E902318C60DC60DDE6BEF1EE
:10088000140F60D9BEF1540F00F2AB804FEA153E51
:100890000EF16F0003B20EF16E0EDB0087E6D4F8A6
:1008A00008C03046661945F001056560CCF80C308B
:1008B000C3F808C042F00103C7E90466C6E902882C
:1008C0007360625000F0FCF80834E9E621443046D9
:1008D0004A6842F001024A6054F8082FD3609A60D7
:1008E00000F0EEF8DCE6A4443046DCF8043043F0D7
:1008F0000103CCF8043000F0E3F80834D0E6E8084F
:10090000431C1BB2DB0019E6621943F0010145F0FC
:10091000010565603046C7E90422C2E902885160DA
:1009200044F80C3000F0CCF80834B9E64FEA9C12D9
:1009300002F139031BB23832DB008CE7BC425CD0D9
:10094000BC68626841E70EF15C0003B20EF15B0E19
:10095000DB002CE65AF80839534540F0A68010F029
:10096000030F00F1FF30F5D17B6823EA0C037B60B5
:100970004FEA4C0C9C453FF69DAEBCF1000F04D1F4
:1009800098E64FEA4C0C09F104091CEA030FF8D071
:10099000484665E692104FF0010C0CFA02F24EEA5E
:1009A000020EC7F804E065E70AEB080202EA0C024F
:1009B000ABEB020202EA0C0B5946304601F078FA22
:1009C000431C019B7FF4D0AEDDF800B0D0E6542A82
:1009D0002DD84FEA1C3202F16F031BB26E32DB00DE
:1009E00039E7BEF5AA7F2DD84FEAD53E0EF1780043
:1009F00003B20EF1770EDB00D9E52D4B18684044A9
:100A00000BF1FF3C18608DE61AEA0C0F7FF48AAEFA
:100A1000D7F808A0C84448F00102CAF80420C9E683
:100A2000C2F800A088E60123CAF80430D5E6B2F582
:100A3000AA7F25D84FEADC3202F178031BB2773265
:100A4000DB0008E740F254539E4524D8AB0C03F179
:100A50007D0003F17C0EC300A9E5009A083A90449A
:100A6000A8EB0A084FF0000B82E6304604F10801BB
:100A7000009301F0D9FD009BD7F808A0186897E60D
:100A800040F254539A420CD84FEA9C4202F17D0343
:100A9000DB007C32DFE64FF47E737F204FF07E0E6A
:100AA00085E54FF47E737E22D5E67B6860E700BF64
:100AB00024020320014801F055BA00BF1C020320A4
:100AC000014801F051BA00BF1C02032010B4044CCD
:100AD00003460A4620685DF8044B194600F002B848
:100AE000043B00202DE9F84F1646002900F09880BD
:100AF0000C46804606F10B05FFF7DCFF54F8041C9A
:100B0000162DA4F1080921F0030758D81025AE428C
:100B100058D8AF4262DABF4B9A6809EB070C6245BE
:100B2000DCF8040000F0928020F0010363445B686D
:100B3000DB076AD420F003003B189D4249DDCB0758
:100B400012D454F8083CA9EB030BDBF8043023F073
:100B50000302104400EB070A554540F3F88007EB09
:100B6000020A554540F3CE8031464046FFF7D6FC99
:100B70000646002800F0228154F8043C23F00103CB
:100B80004B44A0F10802934200F0B6803A1F242A99
:100B900000F2D980132A00F2A4800346224611688D
:100BA00019605168596092689A602146404601F088
:100BB0003BFD4046FFF784FF3046BDE8F88F35F037
:100BC0000705A4D50C23C8F8003000263046BDE840
:100BD000F88F1F46DCE90223D3609A60D9F804300D
:100BE0007A1B0F2A03F0010309EB07001DD83B43D2
:100BF000C9F80430436843F0010343604046FFF7FF
:100C00005FFF26463046BDE8F88FC907ACD454F8DC
:100C1000083CA9EB030BDBF8043023F003029EE74A
:100C2000BDE8F84F1146FFF779BC09EB05012B43EE
:100C300042F00102C9F804304A60436843F00103FE
:100C400043600831404601F0EFFCD7E720F0030095
:100C5000C21905F1100C624580F29180CA0783D455
:100C600054F8082CA9EB020BDBF8042022F0030255
:100C7000104400EB070AD4453FF771AF5E46DBF83E
:100C80000C1056F8080F3A1F242AC160886000F241
:100C9000AE80132A40F2A9802168CBF80810616861
:100CA000CBF80C101B2A00F2A88008340BF11002BC
:100CB0002168116061685160A16891600BEB0501CA
:100CC000AAEB050242F0010299604A60DBF80430A9
:100CD00003F001032B434046CBF80430FFF7F0FE4E
:100CE00090E723680360636843601B2A3CD804F1E3
:100CF000080200F1080352E750F8043C23F0030314
:100D00001F446BE73A1F5E46DBF80C3056F8081FAD
:100D1000242ACB60996022D8132A1ED92368CBF8E5
:100D200008306368CBF80C301B2A3BD808340BF131
:100D3000100322681A6062685A60A2689A6034469A
:100D40005746D9464AE7214600F082FE2DE7DCE906
:100D500002133A1FCB609960D5E73346E9E7214695
:100D6000304600F075FEEAE7A3688360E368C3607D
:100D7000242A27D004F1100200F110030FE709EB39
:100D800005019960531B43F001034B6054F8043C88
:100D900003F001032B43404644F8043CFFF790FE68
:100DA00026462FE7A368CBF81030E368CBF8143061
:100DB000242A10D010340BF11803BAE74046FFF78D
:100DC0007FFE02E7236903616169416104F1180252
:100DD00000F11803E3E62369CBF818306369CBF818
:100DE0001C3018340BF12003A3E7324660E721469C
:100DF000304600F02DFE074B60E7A168CBF81010DD
:100E0000E168CBF81410242A06D010340BF1180234
:100E10004EE700BF603200202269CBF818206269DB
:100E2000CBF81C2018340BF1200241E72DE9F047E4
:100E3000074649480E46354616F801EB10F80EC035
:100E40001CF0080CF7D1BEF12D0F5AD0BEF12B0FBC
:100E500003BF96F800E06446AE1C64464BB9BEF191
:100E6000300F5CD00A23DFF8F4804FF0050A994672
:100E70000AE0102B4AD04FF0FF38B8FBF3F803FB21
:100E800008FA6FEA0A0A99460025284605E02CD0A0
:100E900009FB00C0012516F801EBAEF1300CBCF1E6
:100EA000090F06D9AEF1410CBCF1190F0BD8AEF108
:100EB000370C634510DDB5F1FF3FECD04045E6D976
:100EC0004FF0FF35E7E7AEF1610CBCF1190F03D825
:100ED000AEF1570C6345EEDC6B1C0BD004B1404205
:100EE0000AB165B91160BDE8F087D445D0DD4FF097
:100EF000FF35D0E722233B602846002AF3D0711E3D
:100F0000F0E796F800E00124AE1CA7E7BEF1300F31
:100F100011D04FF00F0A6FF070489946B4E733785C
:100F200003F0DF03582B0BD008234FF0070A6FF0B4
:100F300060489946A8E7307800F0DF005828E8D1EB
:100F40004FF0100996F801E04FF00F0A02366FF0EB
:100F500070484B4698E700BFE10C00209999991919
:100F600010B4054C8446134620685DF8044B0A46CD
:100F70006146FFF75BBF00BF043B0020F0B5254F83
:100F8000A2F1020E164605460C460FCF8BB0EC467A
:100F9000ACE80F000FCFACE80F0097E803004CF867
:100FA000040BBEF1220F8CF800102DD804F1FF3E87
:100FB00070464FF0000CB5FBF6F206FB12536B4483
:100FC000614693F800C000F801CF2B469E4201F124
:100FD000010C1546EFD9002304F80C3089B1A44464
:100FE00072461EF8010F1CF8015D8EF80050A4EB4C
:100FF0000E030232013B121B0B449A428CF8000094
:10100000EEDB20460BB0F0BD0023184623700BB07A
:10101000F0BD00BF2828002013460A4601460220E2
:1010200001F05ABA024A0349034800F0CBBA00BFA4
:10103000F83A002009320200683600200C4B416863
:10104000994210B5044601D004F05EF8A168094B3E
:10105000994202D0204604F057F8E168064B9942C5
:1010600004D02046BDE8104004F04EB810BD00BFCB
:1010700058020320C0020320280303202DE9F8436F
:10108000314A324C3249DFF8DC90DFF8DC80314FF6
:101090001160002504232946082204F15C00C4E9FC
:1010A00003352D4EA560C4E90055C4E905556566B4
:1010B00000F066FD04F15800C4E90749C4E9098756
:1010C000E66200F04BFF2946244B6367082204F1D7
:1010D000C400C4E91A55C4E91E552567C4F8CC50AC
:1010E000C4F8805000F04CFD04F1680304F1C00026
:1010F000C4F88430C4E92298C4E9247600F02EFFB5
:10110000174BC4F8DC30294604F596700822C4E970
:101110003455C4E93855C4F8D850C4F83451C4F82B
:10112000E85000F02DFD04F1D003C4E93D87C4F878
:10113000F09004F59470C4F8FC60C4F8EC30BDE89D
:10114000F84300F00BBF00BF9003032058020320B8
:1011500025F1010021F9010045F901000900010014
:1011600012000200BDF80100E1F8010010B50446CC
:101170000A4800F0F7FE636B23B9094B094A1B6864
:10118000626323B1BDE81040044800F0EDBEFFF7F4
:1011900075FFBDE81040014800F0E6BE20020320C4
:1011A000900303203DF10100014800F0DBBE00BFC9
:1011B00020020320014800F0D7BE00BF2002032018
:1011C000144B70B51E6805460C460EB1736BE3B147
:1011D000636ED80702D4A389990512D52246294601
:1011E000304600F08DFA636EDA07054602D4A38913
:1011F0009B0501D5284670BDA06D00F0B5FE2846C0
:1012000070BDA06D00F0AEFEE8E73046FFF7AEFF20
:10121000DEE700BF043B002030B587B00546084636
:101220001446019101F0ECF801AA0123CDE9020274
:101230000590049315B16B6B002B3CD0636EB4F931
:101240000C20D80716D591041DD442F4005223F483
:101250000053A2816366284603AA214600F03CF8A9
:10126000636E0546DA0702D4A3899B0510D528468C
:1012700007B030BD900511D59104E6D59B04EAD5A1
:101280004FF0FF35F0E79B04E5D54FF0FF35EEE773
:10129000A06D00F069FE284607B030BDA06D00F0DB
:1012A00061FEB4F90C20636E9004CED59904D2D5BA
:1012B0004FF0FF35D6E72846FFF758FFBEE700BFDF
:1012C00010B4044C03460A4620685DF8044B1946E6
:1012D000FFF7A2BF043B00209368002B00F0AF8013
:1012E0002DE9F04FB1F90CC01CF0080F83B0174680
:1012F00080460C4626D00B6923B31CF002093E68D9
:101300002CD04FF0000ADFF8B8B25546B9465D451B
:101310002B46524628BF5B464046002D7ED0E169F1
:10132000676AB847002840F38280D9F808301B1A52
:1013300082442D1AC9F80830002BE8D1002003B0F0
:10134000BDE8F08F2146404600F0D6FA002873D160
:10135000B4F90CC03E681CF00209D2D11CF0010A9D
:101360006FD1236800975546002D53D01CF4007FA1
:10137000D4F80890184600F0A980A945CB4600F2A1
:10138000E3801CF4906F32D021696269A3EB0109FC
:1013900002EB420202EBD27209F1010352102B441C
:1013A000934292BF93469B461A461CF4806F00F00E
:1013B000EA8011464046FFF7B1F8002800F0F980B6
:1013C0004A4621690190F5F72FFAA289019B22F480
:1013D000906242F08002A28103EB09002361ABEB33
:1013E0000903C4F814B0A3602060A946AB46514677
:1013F0005A4600F02DFBA2682368A2EB0902A26006
:10140000009A91685B44491B23609160002995D044
:10141000B4F90CC0D6E900A50836A5E7D6E900A5C1
:10142000083674E72146404603F06AFF68B3B4F912
:101430000C3043F04003A3814FF0FF307FE70020E2
:1014400070474D46BA46484600964F465DB3002861
:1014500031D04A46D4E904132068AA4228BF2A465C
:10146000884204D9A16803EB010B5A457CDC934206
:101470006DDCE169666A3A464046B047B0F1000B60
:10148000D5DDB9EB0B09CDD00120DAF80830A3EB9C
:101490000B035F44A5EB0B05CAF80830002B3FF4A3
:1014A0004DAF002DD3D1009A5568134608320092F3
:1014B000002DF8D01F682A460A21384600F040FF68
:1014C000002873D00130A0EB0709C2E722699A42D5
:1014D00022D36269AA421FD86FF00043AB4228BFF3
:1014E0002B46E16993FBF2F3676A02FB03F3404684
:1014F0005246B847B0F1000999DD009A9368A3EB12
:101500000903A5EB0905CA449360002B3FF416AF0D
:10151000B4F90CC0236827E7A94528BFA946184697
:101520004A46514600F094FAA2682368A2EB0902E9
:101530004B44A2602360002ADFD12146404603F0DD
:10154000DFFE0028D9D072E7A946AB464FE73946FF
:10155000019200F07DFA019AA3689B1AA3602368A8
:101560001344236093468CE739465A4600F070FADC
:1015700023685B4423602146404603F0C1FE0028F7
:101580003FF47FAF53E74046FFF7ACFA034600282D
:101590007FF422AF2169404601F046F8B4F90C30DF
:1015A0000C22C8F8002023F0800342E76A1C914611
:1015B00050E70C22B4F90C30C8F8002039E700BF1E
:1015C00000FCFF7F2DE9F8430746884616464FF09A
:1015D0000009D6E90154013D10D4A389012B08D993
:1015E000B4F90E3001332146384602D0C04749EAEB
:1015F0000009013D6B1C04F16804EED13668002E31
:10160000E7D14846BDE8F8832DE9F04186B002FBFA
:1016100003F81D4601AB039301230C9C019117466F
:10162000CDF80880CDF814800493064610B1436BC2
:10163000002B4CD0636EB4F90C20D80707D5910469
:1016400009D59B040DD5002006B0BDE8F0819005BA
:1016500030D591041DD442F4005223F40053A281EA
:101660006366304603AA2146FFF736FE636E03F039
:101670000103B8B12BB9A3899B0502D4A06D00F07A
:1016800073FC059BA8EB0308B8FBF7F006B0BDE8B8
:10169000F0819804E5D5A3899905D4D4A06D00F014
:1016A00063FCD0E713B9A3899A0513D5284606B081
:1016B000BDE8F081A06D00F055FCB4F90C20636E1C
:1016C0009104C8D59A04CCD5D807BCD4E3E7FFF77A
:1016D0004DFDAFE7A06D00F047FC2846E7E700BFEF
:1016E00010B5064C82B084462068009313460A4623
:1016F0006146FFF789FF02B010BD00BF043B002028
:1017000070B50E461446054610B1436B002B2FD022
:10171000636ED80702D4A389990520D5A368013B3D
:10172000002BA36019DAA26993420FDBF0B20A28FA
:101730000CD023685A1C226005461E70636EDA07BF
:1017400002D4A3899B050ED5284670BD28462246A3
:10175000314600F07BF80546F0E7F0B2E9E7A06D0E
:1017600000F000FCDAE7A06D00F0FEFB284670BD3B
:10177000FFF7FCFCCCE700BF0EB430B59CB06FF0B7
:1017800000411FAB049107910A4953F8042B0290C2
:1017900000240690084D0868019302A905951B9442
:1017A00001F03AFC029B1C701CB0BDE8304003B055
:1017B000704700BF043B00200802FFFF10B50C4635
:1017C000B1F90E1000F05EFB002803DB236D03442B
:1017D000236510BDA38923F48053A38110BD00BFEE
:1017E0002DE9F0410C46B1F90C101F46CB0505461A
:1017F00016460BD421F48051A1813B46B4F90E105A
:1018000032462846BDE8F04100F064BBB4F90E1042
:101810000223002200F020FBB4F90C10EAE700BF1D
:1018200010B50C46B1F90E1000F016FBB4F90C30EF
:10183000421C0EBF23F4805343F480532065A381E0
:1018400010BD00BFB1F90E1000F0F4BAF8B50D46A6
:101850001446064610B1436B002B4AD0B4F90C3045
:10186000A269A26018071FD52269EAB1EDB29904F6
:10187000626E2F4624D592042FD4226823696169B1
:10188000D31A99422CDD0133A1680139A160511CA2
:101890002160157062699A4219D0A389DB0701D5CE
:1018A0000A2D14D03846F8BD2146304600F024F801
:1018B00098B9B4F90C30626EEDB299042F46DAD4BF
:1018C00043F4005322F40052A3816266D5E7214617
:1018D000304603F015FD0028E4D04FF0FF37E1E774
:1018E0002146304603F00CFD0028F6D12268012382
:1018F000CAE7FFF73BFCB1E738B53D4B1B6805462F
:101900000C4613B15A6B002A5AD0B4F90C3019079F
:101910000BD522699AB113F0010221D19B075ABF5E
:101920006369A360A260002038BDDA0658D5580765
:101930001CD4226943F00803A381002AEBD1990546
:1019400028D5180603F0800124D4D80741D49D0778
:101950003CD5A2600029E6D043F04003A38144E0D7
:10196000636900225B42A260A361DCE7216B51B195
:1019700004F14002914204D0284600F055FEB4F92B
:101980000C300022226322690021C4E9002123F0E7
:101990002403CFE72146284603F0DCFCB4F90C30E1
:1019A000226913F001010FD0616900204942A06053
:1019B000A161002AB7D103F080010029B3D0CBE7A1
:1019C0001846FFF7D3FBA0E7980700D46169A16030
:1019D000EFE76069A2604042A0610029A3D0BBE7A5
:1019E000092243F040032A60A3814FF0FF3038BD45
:1019F000043B0020032A30B412D941EA0004A407B2
:101A000084460B4621D11946604653F8044B5CF8D6
:101A1000045BA54219D1043A032AF4D8604619465A
:101A2000541E7AB1431E0139021901E09A4209D0CD
:101A300013F8010F11F801CF6045F7D0A0EB0C00AF
:101A400030BC7047002030BC7047541EEAE700BF2E
:101A50008842F0B514D98B18834211D9032A00EBC0
:101A6000020166D802F1FF3C4AB16FEA0C0C0A464B
:101A70009C4413F8011D02F8011D6345F9D1F0BD26
:101A8000032A0FD8034602F1FF3C002AF7D00CF1DD
:101A9000010C013B8C4411F8012B03F8012F614527
:101AA000F9D1F0BD41EA00039B073ED10F2A64D96A
:101AB000A2F1100301F1100423F00F032031A4461A
:101AC000194400F1100E5CF8105C4EF8105C5CF8E4
:101AD0000C5C4EF80C5C5CF8085C4EF8085C5CF83A
:101AE000045C4EF8045C0CF1100C8C450EF1100EE9
:101AF000E9D1E11812F00C0F034402F00F0E03F1CC
:101B0000100338D02EF00305043D1A1F5E198C46D1
:101B10005CF8044B42F8044FB242F9D1043104336B
:101B200029442B440EF00302ADE702F1FF3C0346CB
:101B3000ADE741EA0304A4071F4602D002F1FF3CCF
:101B400093E7A2F1040E2EF003068E1B4FEA9E0EC1
:101B50008C46644653F8045D4CF8045DB442F8D1F9
:101B6000CEEB8E7301EB830107EB83073B1F043938
:101B700002F0030276E7724685E703469646C1E720
:101B8000830730B546D08418844604E003F8011B6F
:101B90009D0704D09C46A4456346F7D130BD013A69
:101BA0000244A2EB0C02032A29D9CCB204EB042490
:101BB0000F2A04EB04442FD9A2F1100C2CF00F0CC7
:101BC00003F11005AC44C3E90044C3E902441033F7
:101BD0006345F8D112F00C0F02F00F0E18D02EF062
:101BE000030C9C44AEF104051A4642F8044B6245CE
:101BF000FBD125F0030404330EF003022344002A32
:101C0000CCD0C9B21A4403F8011B9342FBD130BDBA
:101C10007246F4E70346C6E79646E0E711F0FF0197
:101C2000034600F0030239D08ABB026810B501EB0D
:101C3000012E0EEB0E4E8EEA0204A2F1013323EACE
:101C40000203A4F1013222EA0402134313F0803F9D
:101C50000FD150F8044F84EA0E0CA4F10133ACF11B
:101C6000013223EA040322EA0C02134313F0803FFB
:101C7000EFD0037823B936E010F8013F002B32D0C3
:101C80009942F9D110BD8A4228D09A0729D01A78F2
:101C900018460133002AF6D110467047CAB90268C7
:101CA000A2F1013323EA020313F0803F08D150F878
:101CB000042FA2F1013323EA020313F0803FF6D090
:101CC00003785BB110F8013F002BFBD170479907F7
:101CD00005D0184613F8012B002AF8D17047184692
:101CE000DDE71846A1E7184610BD00BF8AB330B53E
:101CF00040EA0104A40786460B4617D1032A07D8F9
:101D000014E0043A23D01CF0803F20D1032A26D9C6
:101D1000DEF80040194653F8045BA4F1013CAC42E4
:101D200070462CEA040C0EF1040EEAD003780C780D
:101D3000013AA34208BF121807D00CE06BB110F8AB
:101D4000013F11F8014FA34205D19042F6D1002086
:101D500030BD10467047181B30BD184630BD704668
:101D60001946E3E740EA01039B0710B501D1032AB6
:101D700017D8844601F1FF3E07E01EF8011F03F863
:101D8000011B541E29B19C4622466346002AF4D109
:101D900010BD9444002CFBD003F8011B6345FBD11C
:101DA00010BD8E468446DEF80040A4F1013323EADC
:101DB000040313F0803F71460EF1040EDAD1043AA9
:101DC000032A4CF8044BEED87146D3E7F0B583B044
:101DD0000026019612B3134B14460F46012201460A
:101DE000186801AB03F01EFB054600F009FBA0429A
:101DF0000DD22946384600F043FA019808B103B0E5
:101E0000F0BD2B78002B08BF162003B0F0BD013CBD
:101E1000224629463846F4F707FD3E55222003B0F6
:101E2000F0BD00BF043B0020014B93F81002704747
:101E30009C38002038B5074D0022044608462A6029
:101E4000F3F75EFC431C00D038BD2B68002BFBD0A1
:101E5000236038BDB403032038B50D46084C8446D2
:101E6000114628461A46002323606546F3F754FCC2
:101E7000431C00D038BD2368002BFBD02B6038BD3D
:101E8000B403032038B50D46084C84461146284655
:101E90001A46002323606546F3F730FC431C00D04C
:101EA00038BD2368002BFBD02B6038BDB403032062
:101EB00038B5074D0022044608462A60F3F706FCB1
:101EC000431C00D038BD2B68002BFBD0236038BDED
:101ED000B403032038B50D46084C84461146284605
:101EE0001A46002323606546F2F798FD431C00D094
:101EF00038BD2368002BFBD02B6038BDB403032012
:101F0000014B1868704700BF043B002070B50F4BB1
:101F10000F4DAB42A3EB050607D0B610002455F8D1
:101F2000043B01349847A642F9D805F07DFF094DDE
:101F3000094B5E1BAB424FEAA60606D0002455F8BB
:101F4000043B01349847A642F9D870BDD81D006003
:101F5000D81D0060D81D0060F81D0060704700BFEC
:101F6000704700BF704700BF704700BF082802D10C
:101F70004FF48050704708B5FFF7C2FF1623036087
:101F80004FF0FF3008BD00BF00000000000000005F
:101F90000000000000000000000000000000000041
:101FA00002780B78012A28BF9A4240F0D8806DE968
:101FB000044540EA0104CDE902676FF0000C4FEAE6
:101FC00044721AB380EA010414F0070F6BD100F0D9
:101FD000070420F0070004F0030521F007014FEA91
:101FE000C505F0E8042314F0040FF1E804670CFAC7
:101FF00005F462EA040266EA04060BD063EA04030D
:10200000624667EA0407664604E000BFF0E804237E
:10201000F1E8046782FA4CF582EA0604A4FA8CF42B
:102020006CBB83FA4CF583EA0705A5FA8CF595B9E4
:1020300050E9022351E9026782FA4CF582EA06046C
:10204000A4FA8CF483FA4CF583EA0705A5FA8CF51B
:102050002543DBD09CB92DBAB5FA85F424F00704EA
:1020600027FA04F1DDE9026723FA04F303F0FF0025
:1020700001F0FF01FDE80445A0EB0100704724BA20
:10208000B4FA84F424F0070426FA04F1DDE90267C7
:1020900022FA04F202F0FF0001F0FF01FDE804451E
:1020A000A0EB0100704714F0030F3CD110F00304C3
:1020B00028D150F8082B51F8083B82FA4CF582EAF7
:1020C0000305A5FA8CF55DB950F8042C51F8043CD1
:1020D00082FA4CF582EA0305A5FA8CF5002DE8D0CA
:1020E0002DBAB5FA85F424F0070423FA04F122FA94
:1020F00004F202F0FF0001F0FF01FDE80445A0EB4F
:10210000010070474FEAC40420F0030050F8082B88
:1021100021F0030151F8083B0CFA04F462EA0402CE
:1021200063EA0403C9E710F003041DD0A1EB040126
:1021300020F00300E40750F8042B06D012D28B786D
:102140005FFAA2F4E41A06D12BB1CB785FFAB2F4AD
:10215000E41A00D133B920465DF8104B7047A2EB6A
:102160000300704701F1040150F8042BCC0721F063
:10217000030151F8043B48D824D222F07F4482FA6C
:102180004CF594EA1325A5FA8CF50AD165B951F8F6
:10219000043B84EA0204B4EB036F0ED150F8042B25
:1021A000EBE74FEA132355E035F07F454DD1087832
:1021B000FDE80445C0F1000070474FEA126203F0E9
:1021C000FF0347E002EA1C4482FA4CF594EA134507
:1021D000A5FA8CF50AD165B951F8043B84EA0204EA
:1021E000B4EB034F0CD150F8042BEBE74FEA134349
:1021F00030E015EA1C4528D10B884FEA124229E04D
:102200004FEA124203EA1C4324E002F0FF0482FA80
:102210004CF594EA1365A5FA8CF50AD165B951F825
:10222000043B84EA0204B4EB032F09D150F8042BD9
:10223000EBE74FEA13630DE015F0FF0F05D10B68D4
:102240004FEA122223F07F4304E04FF00000FDE844
:102250000445704712BA1BBA82FA4CF482EA0304AE
:10226000A4FA8CF5B5FA85F402FA04F203FA04F341
:102270004FEA1260FDE80445A0EB1360704700BF11
:1022800080EA0102844612F0030F4FD111F0030FD0
:1022900032D14DF8044D11F0040F51F8043B0BD02E
:1022A000A3F101329A4312F0803F04BF4CF8043B83
:1022B00051F8043B16D100BF51F8044BA3F1013291
:1022C0009A4312F0803FA4F101320BD14CF8043B49
:1022D000A24312F0803F04BF51F8043B4CF8044B7A
:1022E000EAD023460CF8013B13F0FF0F4FEA3323EB
:1022F000F8D15DF8044B704711F0010F06D011F8CA
:10230000012B0CF8012B002A08BF704711F0020FB7
:10231000BFD031F8022B12F0FF0F16BF2CF8022BA2
:102320008CF8002012F47F4FB3D1704711F8012BC5
:102330000CF8012B002AF9D1704700BF0000000003
:1023400001F0FF01102A2BDB10F0070F08D010F866
:10235000013B013A8B422DD010F0070F42B3F6D16A
:10236000F0B441EA012141EA014122F007047FF083
:1023700000070023F0E80256083C85EA010586EADA
:10238000010685FA47F5A3FA87F586FA47F6A5FA16
:1023900087F68EB9EED1F0BC01F0FF0102F0070222
:1023A00032B110F8013B013A83EA010313B1F8D1CD
:1023B0000020704701387047002D06BF35460338AE
:1023C000073815F0010F07D1013015F4807F02BFE7
:1023D000013015F4C03F0130F0BC0138704700BF38
:1023E00000000000000000000000000000000000ED
:1023F00000000000000000000000000000000000DD
:1024000030B490F800F020F007016FF0000C10F0ED
:10241000070491F820F040F048804FF000046FF07E
:102420000700D1E9002391F840F000F1080082FA9A
:102430004CF2A4FA8CF283FA4CF3A2FA8CF34BBB65
:10244000D1E9022382FA4CF200F10800A4FA8CF2DE
:1024500083FA4CF3A2FA8CF3E3B9D1E9042382FAAC
:102460004CF200F10800A4FA8CF283FA4CF3A2FAC1
:102470008CF37BB9D1E9062301F1200182FA4CF2F9
:1024800000F10800A4FA8CF283FA4CF3A2FA8CF360
:10249000002BC6D0002A04BF04301A4612BAB2FA82
:1024A00082F200EBD20030BC7047D1E9002304F087
:1024B0000305C4F100004FEAC50514F0040F91F8BC
:1024C00040F00CFA05F562EA05021CBF63EA050359
:1024D00062464FF00004AAE72DE9F8431B4D06467B
:1024E000286898460F469146FFF73CFD184B1C683C
:1024F0001CB3286865681F2D22DC4EB96B1C0235A1
:10250000636044F82570FFF72FFD0020BDE8F883D5
:1025100004EB85010123C1F88890D4F88821AB40F1
:102520001A43022EC4F88821C1F80881E6D1D4F8F4
:102530008C211A43C4F88C21E0E7064C1C60D8E7D4
:10254000FFF712FD4FF0FF30E0E700BF90380020AA
:1025500080000320840003200148FFF703BD00BF73
:10256000180203200148FFF7FFBC00BF1802032038
:102570002DE9F843064608208946FFF7F7FCDFF807
:10258000A48005463046FEF795FAD8F808305F6813
:1025900027F00307A7F11104A4EB09042C44B4FBB2
:1025A000F5F4013C05FB04F4A54208DC00213046AB
:1025B000FFF77EFCD8F808303B44984205D03046FF
:1025C000FEF77EFA0020BDE8F88361423046FFF74F
:1025D0006FFC01300FD0114AD8F808303F1B47F08C
:1025E00001075F60136830461B1B1360FEF768FA33
:1025F0000120BDE8F88300213046FFF759FCD8F8E8
:102600000820831A0F2BDADD43F001035360044BDB
:1026100002491B68C01A0860D1E700BF24020320EA
:10262000F03A00206032002000295BD0F8B50C465B
:102630000746FEF73FFA54F804CC744DA4F10802A3
:102640002CF00103D118A8684E68884226F00306D2
:102650000CF0010E7ED088194E60406800F0010039
:10266000BEF1000F2FD154F8084C121B234494687C
:1026700005F1080C644562D0D2F80CE0C4F80CE017
:10268000CEF8084000287FD043F0010050600B6076
:10269000B3F5007F2FD2D90868685C0901310123A6
:1026A00009B2A34003436B6055F83100906005EB1D
:1026B000C103083BD36045F83120C2603846BDE80D
:1026C000F840FEF7FDB970B9334405F1080C88688D
:1026D000604543F0010471D0C968C16088605460EE
:1026E000D350D5E770474CF00101B3F5007F44F8B3
:1026F000041CD350CFD3B3F5206F4FEA532045D2FB
:10270000980900F1390109B200F13804C9006818CC
:1027100069580838884203D157E08968884204D054
:102720004C6824F003049C42F7D8C868C2E9021040
:1027300082603846CA60BDE8F840FEF7C1B988BB80
:102740001E44D1E90213CB60996046F00103536047
:102750009651B3E71E44BEF1000F07D154F8083C70
:10276000D21A1E44D2E90213CB60996046F00103ED
:102770005360274BAA601B68B3429FD8254B38464D
:102780001968FFF7F5FE99E73344A0E714280ED93E
:10279000542821D8180B00F16F0109B200F16E0422
:1027A000C900B4E743F0010050600B6086E700F118
:1027B0005C0109B200F15B04C900A8E7C5E9042285
:1027C000C2E902CC5460D35078E76E68A4100123AC
:1027D000A34033436B60A9E7B0F5AA7F07D8D80BB5
:1027E00000F1780109B200F17704C9008FE740F2E7
:1027F0005451884206D8980C00F17D0100F17C0408
:10280000C90084E74FF47E717E2480E760320020A7
:10281000F43A00205402032082B049B15AB16BB19E
:1028200013780B601278101E18BF012002B0704799
:1028300001A9002AF3D1104602B070476FF00100E1
:10284000F4E700BF436C70B505460C464BB153F836
:10285000240080B1026843F824200023C0E9033338
:1028600070BD2122042103F04FF80346686400285C
:10287000EDD1002070BD012101FA04F6721D920015
:10288000284603F041F80028F3D0C0E90146E4E708
:1028900031B1436C4A6853F82200086043F82210B3
:1028A000704700BF2DE9F0410D6907460E461C46F2
:1028B00001F1140E0020DEF800108BB202FB03437E
:1028C0004FEA134C090C02FB01CC01309BB203EB25
:1028D0000C4385424EF8043B4FEA1C44EBDC3CB110
:1028E000B368AB4207DD06EB850301355C613561FA
:1028F0003046BDE8F081716838460131FFF7A2FF2C
:102900008046A8B13269023206F10C0192000C3007
:10291000F3F78AFF7B6C726853F82210316043F83A
:102920002260464606EB850301355C613561DFE7D1
:10293000024B03484246BA2102F0C6FF9428002009
:10294000A8280020B0F5803F034636BF03040020CE
:102950001020B3F1807F3CBF1B020830B3F1805FD1
:1029600006D3B3F1804F0FD29A0012D403307047D0
:102970001A01B2F1804F00F1040006D29B0108D485
:102980005B00F3D4202070471A46002AFBDB01309D
:1029900070470230704700BF03685907024607D0EE
:1029A000D8071DD499072AD55B081360012070470A
:1029B00099B279B91B0CD9B2A1B11020190701D174
:1029C00004301B09990712D0D90701D401305B08E4
:1029D00013607047D9B241B1180718D10420F0E74D
:1029E0000020704718201B0AE8E70820FBE713F0D7
:1029F000040F4FEA930106D002300B46E8E79B082C
:102A0000136002207047DB0804D120207047DB08E8
:102A10000320DDE70330DBE738B5436C04460D46A1
:102A20004BB15868B0B102685A6000220123C0E976
:102A30000323456138BD2122042102F065FF0346CE
:102A400060640028EDD1094B0948002240F245118D
:102A500002F03AFF1C220121204602F055FF002817
:102A6000F1D001220223C0E90123DEE794280020EF
:102A7000A82800202DE9F04FD1F810801569A8454D
:102A800085B00E46924605DB2A46534645468A46A1
:102A900090461E46DAF80830DAF8041005EB080410
:102AA000A342B8BF0131FFF7CDFE8446002800F0F5
:102AB0008C8000F1140707EB840E774505D23B4666
:102AC000002243F8042B9E45FBD8143606EB8808F9
:102AD0000AF11409464509EB850567D2A5EB0A03FF
:102AE000153B0AF1150A23F00303AA4594BF9B4640
:102AF0004FF0000BCDF808E00394AE46E24605E047
:102B0000090C2BD1B04507F104074CD956F8041B2A
:102B10008DB2002DF4D0CC463C46002301965CF8E3
:102B2000040B216886B28AB2000C05FB0622090C50
:102B30001A4405FB001101EB124192B242EA014234
:102B4000E64544F8042B4FEA1143E8D807EB0B02A3
:102B5000019E536056F8041C090CD3D03B68002238
:102B600048461D463C469446028801FB02C202EBE1
:102B700015429BB243EA024344F8043B50F8043B3D
:102B800025684FEA134CABB201FB0C3303EB124345
:102B900086454FEA134CE7D807EB0B02B04553606C
:102BA00007F10407B2D8DDE902E4D446002C02DCC8
:102BB00005E0013C03D05EF8043D002BF9D06046EF
:102BC000CCF8104005B0BDE8F08F034B03486246D7
:102BD0004FF4B17102F078FE94280020A82800205C
:102BE00012F003032DE9F0411446074632D10E4698
:102BF000A4102CD03D6C002D35D004F001034FF013
:102C0000000864103BB92868B8B1054604F0010318
:102C10006410002BF7D02A4631463846FFF72AFFCA
:102C200036B17B6C716853F82120326043F8216023
:102C300074B1064628680028E7D12A462946384656
:102C4000FFF718FF2860C0F800800546DEE7304631
:102C5000BDE8F081013B0F4A52F823200023FFF723
:102C600021FE0646C4E701213846FFF7EBFD054685
:102C700040B1012340F27122C0E9043200233864DC
:102C80000360BAE7044B05482A4640F2451102F0BA
:102C90001BFE00BFE418002094280020A828002074
:102CA0002DE9F0470C4690462769A368496807EB71
:102CB00062177D1C9D4206464FEA621904DD5B00E7
:102CC0009D4201F10101FADC3046FFF7BBFD84466D
:102CD00000284ED0B9F1000F00F114000BDD09F10E
:102CE00005020CEB82020346002143F8041B9342C9
:102CF000FBD100EB8900216904F1140318F01F08CF
:102D000003EB81012DD0C8F1200986464FF0000A5F
:102D10001A6802FA08F242EA0A024EF8042B53F843
:102D2000042B994222FA09FAF2D80B1B153B23F027
:102D3000030304F11502914238BF0023043340F825
:102D400003A0BAF1000F00D13D46736C6268CCF865
:102D5000105053F822102160604643F82240BDE82D
:102D6000F087043853F8042B40F8042F9942F9D81F
:102D7000EAE7034B034862464FF4EF7102F0A4FD0B
:102D800094280020A82800200B6984460069C01AF6
:102D900016D10CF1140C14310CEB830210B401EBBE
:102DA000830301E0944508D252F8044D53F8041D02
:102DB0008C42F7D005D24FF0FF305DF8044B7047DE
:102DC000704701205DF8044B704700BF2DE9F04FBC
:102DD00013690E69F61A002E83B08946154614D180
:102DE00001F1140702F1140101EB830107EB8303E6
:102DF00001E09F427ED253F8044D51F8042D9442D5
:102E0000F7D080F08480012603E0FCDB00260D462D
:102E100091466968FFF716FD0146002800F084809E
:102E20002F69C660D9F8100005F1140B05F11002E6
:102E300001F1140A09F1140505EB80000BEB870E74
:102E4000D0460023CDF804B0944655F8046B5CF8E6
:102E5000042F1FFA86FB94B2A4EB0B041C44330C22
:102E6000C3EB124303EB2443A4B244EA0344A84255
:102E700048F8044B4FEA2343E7D82646A0EB090461
:102E8000153CDDF804B024F0030409F115094845A8
:102E900038BF00240BEB0402043204EB0A0596450C
:102EA00005F10404104636D9AAEB0B0A00EB0A0C14
:102EB00050F8045B13FA85F62B442D0C05EB2645E0
:102EC0009BB243EA05468645CCF800604FEA2543AD
:102ED000ECD80EF1FF339B1A23F00303234426B9E9
:102EE00053F8042D013F002AFAD008460F6103B0C1
:102EF000BDE8F08F0021FFF7A5FC014668B1012273
:102F00000023C0E90423084603B0BDE8F08F2B4638
:102F10004D4699467DE72B46E1E70A46064B0748B2
:102F200040F2372102F0D0FC0A46034B034840F23E
:102F3000452102F0C9FC00BF94280020A8280020E9
:102F40002DE9F0430E4683B0012159EC108B154654
:102F5000FFF778FC0446002844D0C9F30A57C9F3A8
:102F600013030FB143F480130193B8F1000313D19D
:102F700001A8FFF711FD019B636101212030216150
:102F80000FB3A7F233470744C0F13500376028601C
:102F9000204603B0BDE8F08368460093FFF7FCFCD1
:102FA000DDE9002330B1C0F1200103FA01F1C34093
:102FB0000A430193002B0CBF012102216261A3612E
:102FC0002161002FDDD104EB8103A0F2324030609B
:102FD0001869FFF7B7FCC0EB41102860204603B02A
:102FE000BDE8F083034B0448224640F20F3102F063
:102FF0006BFC00BF94280020A828002049B1FF2ABC
:1030000002D80A70012070478A2303604FF0FF3016
:1030100070470846704700BF2DE9F04F2DED048B37
:10302000CFB00C46079190460993824602F0E2FB2E
:10303000036811931846FFF7E3F908221090002166
:103040001EA8FEF79DFDA3891D0603D52369002B4D
:1030500001F0768000239FED728BCDE92333CDE91B
:10306000143325AA0D9322921746129313930593B6
:1030700045462C466C4BD3F8CC61FEF7D5FE1EAA14
:10308000034600921AA922465046B047002800F095
:103090009880C0F28E801A9A252A034601D01C44DB
:1030A000E8E7B4EB0508064640F08F8000234FF0B8
:1030B000FF328DF85F309B460693013423780492EB
:1030C00001349946A9F120035A2B00F2AF80DFE8C2
:1030D00013F00203AD00AD00FE02AD00AD00AD0087
:1030E000E102AD00AD00AC02BB02AD00B702C4020C
:1030F000AD00C0025B005B005B005B005B005B003F
:103100005B005B005B00AD00AD00AD00AD00AD004D
:10311000AD00AD002101AD009C01B90321012101E9
:103120002101AD00AD00AD00AD00B503AD00AD00B7
:103130000C03AD00AD00AD007702AD005B03AD0048
:10314000AD009207AD00AD00AD00AD00AD00AD002B
:10315000AD00AD002101AD009C01870121012101DD
:103160002101D90387016C00AD00F303AD00E30337
:103170002804FE036C00AD0077026A009403AD00E2
:10318000AD00FF07AD006A00A9F13003002214F87A
:10319000019B02EB820203EB4202A9F13003092BEF
:1031A000F5D906928EE723788AE723784BF0200B37
:1031B00086E7082200211EA8FEF7E2FC01231C443A
:1031C00058E7B4EB0508064610D02399249B01313B
:1031D00043440729C7E900582493239117DC083793
:1031E000059B43440593002E7FF460AF249B002B86
:1031F00041F00F83079B9B8903F04003002B41F0B4
:10320000048705984FB0BDEC048BBDE8F08F07999B
:1032100022AA504601F04CFF0028EBD125AFDFE792
:1032200000000000000000009C380020B9F1000FF1
:10323000DCD00023CDE90B3301228DF8D4908DF83A
:103240005F3008930A9204930E9335AD0392249A4B
:103250001BF08403904600F007819DF85F1009B3CE
:10326000DDF88CC000260CF10101012001327860EC
:1032700007290DF15F00CDE92312386000F32684A1
:1032800008377EB1DDF88CC00CF1010118A80232BC
:10329000386007294FF00200CDE92312786000F36F
:1032A00008840837802B00F04F83049B0A995E1A2C
:1032B000002E00F3EA801BF4807F40F023810A9BFC
:1032C0007B601A44239B3D600133072B2492239398
:1032D00000F3A58308371BF0040F05D0069B039964
:1032E0005D1A002D00F30084DDE905310398814269
:1032F000ACBF5B181B180593002A40F061830023C4
:103300002393089B1BB108995046FFF78DF925AF11
:103310002546AEE6099B073323F00703B3EC028B87
:103320009FEDA37BB0EEC86BB4EE476BF1EE10FAE5
:10333000099300F34486B4EE488BF1EE10FA81F164
:10334000AE85B9F1610F01F02C83B9F1410F01F0A5
:103350007E84049B013301F09382B9F1670F18EE6C
:10336000903A4BF4807801F0E684B9F1470F01F010
:10337000E2840023089318EE903A002BC1F2D68421
:10338000B0EE489B0026A9F14103252B01F2F18103
:10339000DFE813F0F10CEF09EF09EF09820AEC0AFC
:1033A000EF09EF09EF09EF09EF09EF09EF09EF095D
:1033B000EF09EF09EF09EF09EF09EF09EF09EF094D
:1033C000EF09EF09EF09EF09EF09EF09EF09EF093D
:1033D000EF09EF09F10CEF09EF09EF09820AEC0A96
:1033E0001BF0200F40F0E985099A1BF0100F52F8EE
:1033F000046B41F018861BF0400F099201F0958094
:1034000046F3C038434636B22CE2099BB9F1430F6C
:1034100003F1040603D01BF0100F00F06A860822A7
:10342000002120A8FEF7ACFB099B35AD1A682946A0
:1034300020AB504603F042FA034601330A9001F0F4
:10344000DF850A9B23EAE37303930023249A8DF814
:103450005F30CDE90B33089304930E931BF0840384
:10346000099690467FF4F9AE0699039E8E1B002EB6
:1034700000F311849DF85F1000297FF4F1AE049BE6
:103480000A995E1A002E7FF716AF4B49239B0F91C6
:10349000102E27DD39464FF0100837462E462546B8
:1034A000079C04E0103F102F01F1080116DD0133E5
:1034B00041481032072BC1E90008CDE92332F1DD84
:1034C00022AA2146504601F0F3FD002840F08082F8
:1034D000103F102FDDE9233225A9E8DC2C463546C4
:1034E0003E460F4601330F9939603244072BCDE930
:1034F00023327E6000F356841BF4807F07F10807B7
:103500003FF4DDAEB9F1650F40F39382B5EE408B29
:10351000F1EE10FA40F02A83239B284939600133E9
:1035200001320121072B24922393796000F36D87E8
:103530000837199B0D998B4280F2DF84109B1199FB
:103540001A44C7E90013239B24920133072B2393CA
:1035500000F3D98508370D9B5D1E002D7FF7BBAEAC
:103560001549239B0F91102D40F38487A146DDF868
:103570001C8010260C4604E00837103D102D40F347
:10358000788701331032072BC7E90046CDE9233293
:10359000F2DD22AA4146504601F08AFD002840F0A3
:1035A0001782DDE9233225AFE7E700BFAFF30080E4
:1035B000FFFFFFFFFFFFEF7F3C3200204429002088
:1035C000DDF8248058F8045B00238DF85F30002D6F
:1035D00000F0A585B9F1530F00F023871BF010030D
:1035E0000B9340F01E87049B002BC1F21D811A46ED
:1035F0000B992846FEF7A4FE9DF85F30089000283E
:1036000001F0ED83089A521B0A9222EAE2720392B9
:103610000BB1013203920B9BCDF8248004930E93DF
:103620000C9308934FF0730911E6099B53F8042B90
:103630000692002A80F26784069A09935242069203
:1036400023784BF0040B3BE52B238DF85F30237878
:1036500036E523784BF0800B32E5214611F8019BCB
:10366000B9F12A0F01F09B84A9F13003092B98BF0F
:10367000002201F2D88211F8019B02EB820203EBD7
:103680004202A9F13003092BF5D942EAE27304930F
:103690000C4617E5504602F0ADF843681393184600
:1036A000FEF7AEFE15900646504602F0A3F882687B
:1036B00023781492002E3FF403AD002A3FF400ADAE
:1036C0001278002A3FF4FCAC4BF4806BF8E42378CA
:1036D0004BF0010BF4E49DF85F202378002A7FF47F
:1036E000EFAC20228DF85F20EAE41BF0200F4BF0B6
:1036F000100000F02184099B073323F007031A46CA
:10370000596852F8083B099200228DF85F20049A0C
:10371000002A18DB53EA010220F4906B15D1049AB9
:103720009AB910F001031A46039300F0188630236B
:103730008DF83731049B0A92CDE90B330E93089331
:103740000DF2371583E520F4806B4EAD03F00702D0
:10375000DB0843EA4173C908303253EA01062846C0
:1037600005F8012DF2D11BF001030B9340F07B8291
:1037700004990E934EAA521B9142B8BF11460A9269
:1037800003910C93089362E51BF0200F4BF010019E
:1037900038D1099B1A1D099B04981B684FF000083B
:1037A00040458DF85F801E46C0F2948421F0800B66
:1037B000002B00F0F48309920A2E78F1000380F0C8
:1037C0000E8306F13003DBB2049A8DF83731012AFB
:1037D000B8BF012203929DF85F3001220A920DF2D8
:1037E0003715002B01F0E683039B0133039300237D
:1037F000CDE90B3308930E9329E51BF0200F00F061
:10380000B7835946099B073323F007031A46D3F8B9
:10381000048052F8086B099200238DF85F30049BF6
:10382000002BC0F2588456EA080321F0800BC3D164
:10383000049B002B00F0B8830026C2E723784BF0EE
:10384000080B3DE41BF0200F4BF0100300F06383E6
:10385000099A073222F007029B46536852F8086B18
:1038600009929846002BC0F2A982049A002AA3DB91
:1038700056EA08032BF0800B9ED1002A00F05387F4
:103880003023A1E72378682B03BF63784BF4007BD8
:1038900001344BF0400B13E4099A1BF0200F02F1A6
:1038A000040300F05183126805991160C917516033
:1038B00009932546FFF7DDBB23786C2B03BF6378A4
:1038C0004BF0200B01344BF0100BFFF7F9BB099ABA
:1038D000049E52F8041B002047F630038642ADF8E0
:1038E00060308DF85F000B46C0F2F8832BF0800546
:1038F00045F0020B002940F0F383002E00F01A87F8
:1039000030238DF837310123CDE90A318E460992F3
:10391000039608910E910DF237154FF078090C912E
:10392000BEE31BF0200F40F02083099A1BF010012A
:1039300052F8043B41F081831BF0400000F0EC851D
:103940009BB209925846DFE6069B03995E1A002E49
:103950007FF7ABAC8349239B0F91102E24DD3846B3
:103960004FF010082F46194625467E4C04E0103EC5
:10397000102E00F1080013DD013110320729C0E9D3
:103980000048CDE92312F2DD079922AA504601F042
:103990008FFBE8B9103E102EDDE9231225A8EBDCE1
:1039A0002C460B463D46074601330F993960324499
:1039B000072BCDE923327E6000F37885083774E465
:1039C000079922AA504601F073FB00283FF497ACF8
:1039D000089B002B3FF40EAC08995046FEF724FEDE
:1039E000079B9B8903F0400308E4109B11991A443C
:1039F000C7E90013239B24920133072B239300F381
:103A0000318707F108010028C1F24F810D980D6040
:103A100001330244072BCDE92332486046DD079984
:103A200022AA504601F044FB0028D1D1249A25AFA8
:103A300051E40D98239B012802F1010203F10103D7
:103A400007F1080140F36F810120072BCDE92332F4
:103A50003D60786000F339821098119E0133024472
:103A6000072BC1E90060CDE9233200F33A82083127
:103A70000D98B5EE408BF1EE10FA00F1FF3600F034
:103A80006A81013301353244072BCDE923320D60C1
:103A90004E6000F3548108311298486001330244AB
:103AA000072B1CA8CDE923320860B8DC01F1080718
:103AB00011E407990F9322AA504601F0F9FA002861
:103AC00086D1249A0F9B25AFFFF7ECBB07990F9384
:103AD00022AA504601F0ECFA00287FF479AF249A2C
:103AE0000F9B25AFFFF7CDBB102D239BDFF8788010
:103AF00024DD4146DDF81C90A04610260C4604E06B
:103B0000103D102D07F1080715DD01331032072B8A
:103B1000C7E90046CDE92332F2DD22AA49465046E4
:103B200001F0C6FA00287FF453AF103D102DDDE9F7
:103B3000233225AFE9DC21464446884601332A4436
:103B4000072BC7E90085CDE923327FF7CDAB079975
:103B500022AA504601F0ACFA00287FF439AF249A2B
:103B6000FFF7C2BB3C320020E40D0020199800286A
:103B700040F315840B9B0D998B42A8BF0B46002B7D
:103B800098460ADD1A44C7E90053239B2492013367
:103B9000072B239300F38E8708370B9EB8F1000F95
:103BA000A8BFA6EB0806002E00F3D9820B9B1BF4DE
:103BB000806F2B44994640F0F882199B0D998B42F7
:103BC00003DB1BF0010F00F0C285109911980A4425
:103BD000C7E900012399249201310729239100F3B9
:103BE000D28708370D996E18A6EB0906CD1AAE429A
:103BF000A8BF2E46002E0BDD239BC7F80090013393
:103C00003244072B7E602492239301F311800837FE
:103C1000002EA8BFAD1B002D7FF75DABC349239BD2
:103C20000F91102D40F32684A146DDF81C8010264C
:103C30000C4604E00837103D102D40F31A84013380
:103C40001032072BC7E90046CDE92332F2DD22AA64
:103C50004146504601F02CFA00287FF4B9AEDDE968
:103C6000233225AFE7E7302A00F01084302304998F
:103C700005F8013C02384EAB1B1A99424FF0000286
:103C8000B8BF1946CDE90B2208920A930546039165
:103C90000E92FFF7DCBA2399102E4046DFF894828B
:103CA00029DD3A461F4643460F94A846079C1D4609
:103CB00004E0103E102E02F1080216DD0131103032
:103CC00010230729CDE9231015605360F1DD22AAE6
:103CD0002146504601F0ECF900287FF479AE103E01
:103CE000102EDDE9231025AAE8DC3B460F9C174681
:103CF0002A464546904601F1010C3218BCF1070FE7
:103D0000CDE923C2C7F800807E6000F331839DF8BF
:103D10005F100837002940F0FA80002B3FF4C5AA55
:103D20000B46FFF7B1BA1BF0010F7FF48DAE0120F7
:103D3000072BCDE923323D6078607FF7ADAE079960
:103D400022AA504601F0B4F900287FF441AEDDE923
:103D5000233225A9A0E60D9801287FF79DAE1128F2
:103D600072480F9040F3C483A046079F1025044675
:103D700004E00831103E102E40F3B98301331032B5
:103D8000072BC1E90045CDE92332F2DD22AA3946ED
:103D9000504601F08DF900287FF41AAEDDE9233298
:103DA00025A9E7E7079922AA504601F081F90028E2
:103DB0007FF40EAE249A25AFFFF77DBA2D238DF840
:103DC0005F30049B764268EB4808002BFFF6F4ACAA
:103DD0000A2E78F100032BF0800BFFF4F2AC0BF409
:103DE000806300220894CDF828904EA9DDF8509009
:103DF000039794461C4626E016EB08034C4843F113
:103E00000003A0FB032020F0030202EB90029B1AA8
:103E1000F31A47484FF0CC32B646474602FB03F24E
:103E200068F1000800FB0822A3FB0063BEF10A0F43
:103E300013444FEA560677F10007294646EAC3764F
:103E40004FEA53082DD33A4D16EB080343F1000314
:103E5000A5FB032020F0030202EB90029B1AF31A49
:103E6000A3FB053268F1000005FB00225B0843EA72
:103E7000C27303EB8303A6EB430330330CF1010C55
:103E800001F8013C4D1E002CB6D099F80030634576
:103E9000B2D1BCF1FF0FAFD00A2E78F1000380F051
:103EA000DD834EAB0499039FCDF850905B1B1A46FF
:103EB0009142B8BF1146DDF82890089C0A93CDF8CE
:103EC00034C09DF85F3003918BE4079922AA5046D5
:103ED00001F0EEF800287FF47BADDDE9233225A95F
:103EE000BAE5079922AA504601F0E2F800287FF4CB
:103EF0006FADDDE9233225A9BAE51BF0010F3FF4D0
:103F0000EAA9FFF71BBB09932378FFF7D9B81E4630
:103F10000023FFF7A8B9099A0432099909920E689B
:103F20004FEAE6789B4643469CE400BF3C320020C3
:103F3000CDCCCCCCE40D0020099B1A1D099B099225
:103F40001B680021FFF7E0BB1BF0100F40F0C78299
:103F50001BF0400F40F007841BF4007F00F0BF828D
:103F6000099A059912681170A2E45846FFF7C3BB7D
:103F7000099A1BF0100852F8043B41F057801BF0DF
:103F8000400100F0E3829EB2049B8DF85F80002B1D
:103F9000FFF611AC2BF0800B002E7FF40CAC049BD1
:103FA0000992002B7FF448ACCDE90B330A930E93B2
:103FB000039308934EADFFF74AB95B4648E4B5EE6C
:103FC000C08BF1EE10FA2BF0800B00F1DD829DF832
:103FD0005F30B9F1470FCCBFB84DB94D002B40F061
:103FE00057870322CDE90B3308930A9204930E936B
:103FF0000392FFF72CB9B34E1BF0200000F06A814A
:10400000099B073323F007031A46586852F8083B08
:1040100009921BF0010200F06C8153EA000200F0EB
:10402000E48130228DF8602000228DF85F20049A10
:104030008DF86190002AC0F288812BF4906242F0E2
:10404000020B03F00F020BF00201B25C8DF8372176
:104050001B0943EA0073020953EA10100DF23715E9
:104060000BD003F00F001B09305C05F8010D43EA8B
:104070000273120953EA0200F3D1049A4EAB4FF0D7
:10408000000E5B1B9A42CDE90BEEB8BF1A460A93AD
:104090000392CDF820E0CDF838E000293FF4D7A80E
:1040A000039BDDE923C2023303931BF08403904694
:1040B000614604D1069E0398361A002E06DCBEF136
:1040C000000F3FF4E1A80226FFF7CDB80223E3E595
:1040D0007D4E91E709928B46FFF76EBB4BF0020BCA
:1040E0000992794E03F00F020221B25C4FF0780979
:1040F000ACE7099B1B688DF8D430012303930A9326
:1041000035ADFFF7A2B9079922AA504600F0D0FFBB
:1041100000287FF45DAC249A25AFFFF71CBA049BFE
:104120000895062B2A4628BF06230495CDE90B22C5
:10413000664D0393CDF824800A930E92FFF787B85B
:1041400040215046FCF7EAF9079B186018610028E7
:1041500000F06F87079A40235361FEF77BBF102E54
:10416000239B40F333875A48DDF81C800F90394673
:104170004FF01009074604E00831103E102E40F3BE
:104180005A8201331032072BC1E90079CDE923327D
:10419000F2DD22AA4146504600F08AFF00287FF453
:1041A00017ACDDE9233225A9E7E70D9BDDF8388060
:1041B000CDF83CB0EB1804930C9BDDF81CB00B94CD
:1041C000002B39464E46159FDDF850900E9531DD97
:1041D000B8F1000F40F3138108F1FF382398139BC7
:1041E00001303A440728C1E900372492239000F3B4
:1041F000A1800831049B99F800009D1B8542A8BF4F
:104200000546002D0CDD239801302A440728C1E91A
:1042100000652492239000F3558199F8000008313D
:10422000002DACBF441B0446002C14DC06440C9B40
:10423000002BCDDCB8F1000FCEDCDDE90D35EB183D
:104240009E42CDF850900B9CDDF83CB0B1460F4635
:1042500028BF9946B1E4102C23981D4B1FDD102573
:104260000A9304E0103C102C01F1080116DD013026
:10427000174B10320728C1E90035CDE92302F1DDE3
:1042800022AA5946504600F013FF00287FF4A0AB45
:10429000103C102CDDE9230225A9E8DC0A9B0B6009
:1042A000013022440728CDE923024C6000F36B83E0
:1042B00099F8000008310644B9E700BF082900203A
:1042C0000429002028290020142900203C2900204E
:1042D0003C320020099A52F8043B09921BF010026C
:1042E0007FF497AE1BF0400100F02A819BB210468C
:1042F0008FE68DF85F20049A002A28DB53EA00023B
:104300002BF4906B7FF49DAE049A002A00F0ED80B0
:10431000012A33788DF83731B8BF01220023039288
:104320000122CDE90B3308930A920E930DF2371553
:10433000FEF78DBF22AA5946504600F0B9FE00286C
:104340007FF446AB249A25A954E74BF0020B03F007
:104350000F020BF00201B25C2BF4806B76E6049B3B
:104360000A93CDE90B330E9308934EADFEF76FBF62
:1043700007990F9322AA504600F09AFE00287FF476
:1043800027AB9DF85F10249A0F9B002900F0BB809B
:104390001E46DDF88CC0034625AFFEF764BF239BA5
:1043A000AC493960013301320121072B2492239358
:1043B000796000F3AC81083700287FF416AB0D99C3
:1043C0000BF001030B433EF486AF109B11991A4486
:1043D000C7E90013239B24920133072B239300F397
:1043E000418207F10801FFF711BB049B00218B42BA
:1043F0008DF85F10C0F2C0802BF4906B84E70C9BAB
:10440000013B09F1FF390C93E8E6079922AA5046CF
:1044100000F04EFE00287FF4DBAA249A25AFFFF7B8
:1044200088B80822002120A81B95FDF7A9FB049B52
:10443000002BC0F2BE800026039708941F46344626
:104440000EE035A9504602F039FA411C204400F034
:10445000B684B84209DC06F1040600F00A85044679
:104460001B9A925920AB002AEBD10A94039F089C17
:10447000ADE04C4601330F9939602A44072B7D602B
:10448000CDE923327EF726AFFFF7C9BA04994EAAC9
:10449000521B91424FF00003B8BF1146CDE90B33D8
:1044A00008930A9203910E93FEF7D1BE079922AAB0
:1044B000504600F0FDFD00287FF48AAA249A25AF1B
:1044C000FEF7F3BE22AA5946504600F0F1FD00283F
:1044D0007FF47EAA99F80000249A25A9A0E6099AFB
:1044E000059912681160FFF7E3B9049B5CE5444647
:1044F00001330F9808603244072BCDE923324E6018
:104500007FF7C9AA1BE4002B00F02A81DDF88CC0DC
:104510000B4625AFFEF7B8BE1BF400711CBF014669
:10452000DBB209925846FFF7EFB81BF4007F16BFC5
:1045300046F3C0184FEAE67876B24346FFF792B9E1
:104540001BF400701CBFDBB2084662E51BF4007868
:1045500040F0518104998DF85F8000291E46FFF6D6
:104560002AA92BF0800B002B7FF425A90B4609927A
:1045700000297FF461A917E533788DF837312BF4E2
:10458000806B0DF2371578E52D238DF85F30B9F18A
:10459000470F4FF000030893049300F33681032282
:1045A0002D4D0A92CDE90B330E9304230393FEF7AE
:1045B0004EBE20AB0093002319461BAA504602F0C2
:1045C000A3F9034601330A9000F0F9831B950A9B77
:1045D000002B00F08C80632B40F33481591C504633
:1045E000FBF79CFF0546002800F030850890082264
:1045F000002120A8FDF7C4FA0A9E20AB00931BAA55
:1046000033462946504602F07FF9864240F018852D
:104610000A9A0023AB5422EAE27203929DF85F20CB
:10462000002A40F06B83CDE90B220492CDF8248060
:104630000E92FEF70CBE0F4601330F9939603244DB
:10464000072BCDE923327E6000F300810837FFF7A6
:10465000ADBA00BF4429002004290020159A1399FF
:10466000AD1A2846FDF77EFB99F801300BB109F130
:104670000109874A16EB080343F10003A2FB030775
:1046800027F0030000EB97001B1AF31A4FF0CC3110
:1046900068F1000803FB01F102FB0811A3FB0230E3
:1046A00001445B0843EAC1764FEA510816EB080360
:1046B00043F10003A2FB031020F0030101EB900182
:1046C0005B1AF31AA3FB023168F100005B0802FBDE
:1046D000001243EAC27303EB8303A6EB43033033B8
:1046E00005F8013C4FF0010C013DFFF7CEBB9DF8F2
:1046F0005F30CDF82480003B18BF012303930A9B51
:104700000493CDE90B330E930893FEF7A0BD0799F0
:1047100022AA504600F0CCFC00287FF459A9199831
:10472000249A25AF48E69DF85F3003920A924EAD79
:10473000FFF757B8049B0992CDE90A330E93039310
:104740000C939E4608934EAD4FF07809A8E46E187E
:10475000A6EB0906CD1AAE42A8BF2E46FFF758BAFF
:1047600025AFFEF7A2BD099A059912681180FFF7DF
:104770009FB820AB01931BAB0093049AB0EE490B9A
:1047800019AB0221504601F08BF905461BF0010FD1
:1047900040F04482209B5A1B199B0D92D81C0B930E
:1047A000C0F2FE8104999942C0F2CE819A4200F390
:1047B00071820B9B0A931BF4806F03D00B9B002B21
:1047C00000F31D830A9B23EAE373C34603934FF070
:1047D000670900230E930C930BF00201002E00F0EA
:1047E000C9804FF02D0E8DF85FE0039B01330393DA
:1047F0000023049351E4DEB2049B8DF85F10002B7C
:104800008846BFF6C7ABFEF7D6BF0322214D0A92FA
:10481000C8E6079C22AA2146504600F049FCA3891D
:1048200003F04003FEF7EABC2846FDF7E9FD9DF8DA
:104830005F300A9020EAE0720392002B3EF4EBAE68
:10484000FEF7E7BE0023089335ADD0E6079922AA0C
:10485000504600F02DFC00287FF4BAA8249A25AF1A
:10486000FFF7A4B9079922AA504600F021FC0028BE
:104870007FF4AEA8DDE92332199825A9FFF7C3B864
:1048800000230893062304934BF48078FEF773BD4E
:10489000CDCCCCCC08290020049B01330D93022100
:1048A00020AB01931BAB00930D9AB0EE490B19ABF3
:1048B000504601F0F5F80D9B29F0200CBCF1460F95
:1048C000054600EB030100F00181B5EE409BF1EEDF
:1048D00010FA00F0CB82209B8B4238BF4FF0450C82
:1048E00080F0C28230205A1C20921870209B8B428C
:1048F000F9D35B1B0D93BCF1470F199B0B9300F091
:104900001C81BCF1460F00F0F7800B9B8DF8709076
:10491000013B002B1993C0F24A812B22092B8DF801
:10492000712000F34D8130228DF872200DF1730259
:10493000303302F8013B1CABD31A12930D9B129A31
:10494000012B1A440A9240F345820A9B109A1344A1
:104950000A930A9A2BF4806343F4807B22EAE27282
:104960000023CDE90B330E93039235E7049B0D939F
:10497000032195E79DF85FE0BEF1000F7FF435AFAE
:104980000496FFF78ABB22AA5946504600F090FBD6
:1049900000287FF41DA899F80000249A25A9064450
:1049A00045E447F63003ADF86030049B632B4BF0D1
:1049B000020B00F3F68118EE903A002BC0F2D5817D
:1049C000B0EE480B19A800F043FFB4EE007B20EED8
:1049D000077BB5EE407BF1EE10FA40F0A782012391
:1049E0000026199335AD0896B448049BB3EE004BEE
:1049F0005A1E2B4606E0B5EE407BF1EE10FA00F0B1
:104A000066820A4627EE047BFDEEC76B9C4616EED7
:104A1000901A415C03F8011B511CB8EEE65B02F1F1
:104A2000FF3137EE457BE6D1B6EE005BB4EEC57BD9
:104A3000F1EE10FA08DCB4EE457BF1EE10FA1ED16F
:104A400016EE902AD2071AD5CDF880C013F8011CB3
:104A500090F80FC08C451A460AD14FF0300E02F87C
:104A600001EC209A511E209112F8011C6145F6D0EC
:104A7000392916BF0131817AC9B202F8011C199A8D
:104A80005B1B0D93B9F1610F02F1FF33199300F035
:104A9000768250214FF04109002B8DF87010C0F242
:104AA00064822B22092B8DF8712000F389800DF18F
:104AB00072023DE7079922AA504600F0F9FA002851
:104AC0007EF486AF249A25AFFFF767B82B78302B9A
:104AD00000F0C181199B1944B5EE409BF1EE10FA2C
:104AE00024D0209B8B42FFF4FDAE5B1B0D93BCF1E9
:104AF000470F199B0B9320D00B99049A0BF00103DD
:104B0000002943EA020340F36582002B40F0B7819D
:104B10000B9B0A934FF066091BF4806F40F0718184
:104B20000A9B23EAE373C346039352E6199B0B9354
:104B30004B1BBCF1470F0D93DED10B9B03332FDBD7
:104B4000049B0B9A934210DA0B9B013BA9F10209DB
:104B5000002B8DF870901993BFF6DFAE0B9B2D22C2
:104B6000C3F101038DF87120DDE60D9B0B9A934292
:104B700000F390801BF0010F0B9B00F0D581109A81
:104B800013440A9317E6079922AA504600F090FAB8
:104B900000287EF41DAF199B249A25AFFFF722B899
:104BA0000B9BA9F10209013B8DF8709019930B9BA7
:104BB000C3F101032D22092B8DF871207FF7B3AECD
:104BC0000DF1870CDFF800E162461046AEFB0312E0
:104BD000D20802EB8201A3EB4101303100F8011C45
:104BE00019466329134600F1FF32EEDC303302F838
:104BF000013C831E634580F0CF810DF1710213F8F3
:104C0000011B02F8011F6345F9D103F59C736B4446
:104C1000C43B1B1A1CAA9B1A12938FE6049B4FF0ED
:104C2000470CE91858E700230C460493FEF74ABAEC
:104C3000079922AA504600F03BFA00287EF4C8AE3D
:104C4000199D0D9B249A5D1B25AFFEF7E1BF45F62C
:104C50003003ADF86030049B632B4BF0020B00F384
:104C6000A08018EE903A002B7FDBB0EE480B19A81D
:104C700000F0EEFDB4EE007B20EE077BB5EE407B4E
:104C8000F1EE10FA01D10123199300260C48089681
:104C900035ADAAE60D9B109A9A180B9B0A92002B31
:104CA00040F324814FF0670936E74642103005484B
:104CB0000F902EDA102780460CE000BF1429002048
:104CC000282900203C320020CDCCCCCC0831103E2D
:104CD000102E1EDD01331032072BC1E90087CDE90C
:104CE0002332F3DD079922AA504600F0E1F90028AB
:104CF0007EF46EAEDDE9233225A9E8E7039A04933A
:104D00000132CDE90B330392CDF824800E93FEF7E8
:104D10009EBA01330F9808603244072BCDE9233245
:104D20004E6000F310810831FEF770BE2D26B1EE03
:104D3000489BFEF728BB049A002A00F0FC80002B59
:104D4000C0F26881B0EE489B002620AB01931BABFC
:104D50000093049AB0EE490B19AB0221504600F0C3
:104D60009FFE00230546089310E50023089335AD08
:104D70002D26B1EE489B19A8B0EE490B00F068FD56
:104D8000B4EE007B20EE077BB5EE407BF1EE10FA2F
:104D900004BF01231993B9F1610F3FF425AEB14867
:104DA00023E6049B5046591CFBF7B8FB0546002838
:104DB00000F0268108904BF48078FEF7DCBA079B60
:104DC000B3F90C300022089243F04003079A938114
:104DD000FEF7FEBD1BF0010F3FF4BBADB5E5CDF80E
:104DE0002480002B00F0CD80049B0A935A1C039270
:104DF00004900E900C904FF07309FEF728BA4FF014
:104E0000670914990B78FF2B00F0278100200B9A7B
:104E10000E90844603E001300131FF2B09D093420C
:104E200007DAD21A4B78002BF5D10B780CF1010C74
:104E3000F3E7CDE90B201491CDF838C00C9A0E9B06
:104E4000159913440A9A01FB03230A9323EAE37397
:104E5000C3460393C0E4B5EE409BF1EE10FA7FD158
:104E6000199B0B93194463E65B1B0D93199B0B93E2
:104E70004BE5049B039F089C0A93FFF7A8BB1346CE
:104E80000B449946109B4B440A934FF0660943E646
:104E90000023032208930A920493FFF783BB18EEC2
:104EA000903A13F000432BF0800B0B9329D02D2365
:104EB0008DF85F30B9F1470F4FF00003089304936A
:104EC00040F3AC800322684D0A92FFF76BBB002AC7
:104ED000FFF6D5AD501C184419464FF0300C01F8C0
:104EE00001CB8142FBD11A44531CC8E5C3F1010335
:104EF0001A4422EAE273C3460A9203934FF0670909
:104F000067E49DF85F30B9F1470FCCBF564D574D60
:104F1000002B40F0B180032204930A920E930C936D
:104F200008930392FEF793B90A9344E4002650488D
:104F3000089635AD59E5002B42DBB0EE489B0123C6
:104F4000049E049301E7079922AA504600F0B0F8A6
:104F500000287EF43DADDDE9233225A9FEF756BDDC
:104F60000D9BC3F101031993B5E5C2F10103092BB0
:104F70004FF02D028DF871203FF722AE97E570219A
:104F80008AE5049B0A930393089B0E930C93049366
:104F90004FF07309FEF75BB902231293CEE4099A2E
:104FA00063780C4652F8041B099241EAE1710491BE
:104FB000FEF786B8CDE90B3308930E93FEF747B999
:104FC00001232D260493B1EE489BBEE629490F919B
:104FD000FFF732BBC34633B9012303934FF0660991
:104FE0000A93FFF7F6BB109B03F10109049B4B44A6
:104FF0000A9323EAE37303934FF06609FFF7E9BBD3
:10500000079A938943F0400393814FF0FF33059350
:10501000FEF7F7B82D26B1EE489B96E60322134D16
:105020000A92FFF7BFBA5B46FEF777BF5946FEF715
:10503000B2BB0C23CAF80030E7E75846FEF77EBF44
:10504000079BB3F90C3043F04003BFE6079B089081
:10505000B3F90C3043F04003B8E600230E930C93F1
:10506000ECE600BF28290020102900200C29002090
:10507000142900203C320020002304930E930C934B
:10508000089303230A9304230393FEF7E0B800BFB9
:10509000936810B514461BB918460023636010BD11
:1050A000FCF71AF90023A3600023636010BD00BF62
:1050B0002DE9F843154692682C68FAB18046894676
:1050C000083401E00834CFB16B68591E002B174635
:1050D000696013DD54F8046C002EF3D0334654F8A5
:1050E000082C4946404602F0B5FD431C07D0AA688B
:1050F000921B1746AA600834002FE5D10020002338
:10510000C5E90133BDE8F88370B500293FD00646F4
:105110000C4610B1436B002B3CD0636EB4F90C20ED
:10512000DD0732D4900538D52146304600F04CF8E2
:10513000E36A054633B1E169304698470028B8BFB5
:105140004FF0FF35A3891A0639D4216B41B104F120
:105150004003994202D03046FDF766FA00232363EC
:10516000616C21B13046FDF75FFA00236364FCF700
:105170001BF8636E0022DB07A2811CD5A06DFCF733
:10518000EFFEFCF717F8284670BD002ACCD10025A9
:10519000284670BDFBF7EAFFBFE7A06DFCF7E2FE13
:1051A000B4F90C30002BBFD1636ED907EFD4A06DDA
:1051B000FCF7DAFEEBE7A06DFCF7D6FEDEE721692F
:1051C0003046FDF731FAC0E7B1F90C202DE9F04186
:1051D000804610070C4650D4496842F40063002909
:1051E000A38165DDA66A002E44D0002112F480520E
:1051F000D8F80050C8F8001067D1E1690123404693
:10520000B047411C02466ED0B4F90C30A66A5B0769
:1052100005D56368D21A236B0BB1E36BD21A002356
:10522000E1694046B047471CB4F90C304FD1D8F87B
:1052300000101D2942D8314ACA40D6073ED52269FE
:10524000226023F40062A281D9044FF00002626060
:1052500003D5D8F80030002B43D0216BC8F800509C
:1052600041B104F14003994202D04046FDF7DCF918
:10527000002323630020BDE8F0810E69002EF9D0E1
:105280000D680E6092070CBF4B690023AD1B8B604D
:105290000BE02B463246E169676A4046B847B0F1F9
:1052A000000CA5EB0C05664406DD002DF1DCE1E702
:1052B000E16B002996DCDDE7B4F90C3043F04003E4
:1052C000A3814FF0FF30BDE8F081226D9FE7226996
:1052D000226023F40062A281DB044FF000026260CE
:1052E000BBD52065B9E7D8F80030002B8CD01D2B3A
:1052F00001D0162BE0D1C8F80050BBE701004020D8
:1053000038B50C46054608B1436B03B3B4F90C003D
:1053100088B1636EDB0701D481050FD5284621468D
:10532000FFF752FF636EDA07054602D4A3899B0597
:1053300008D5284638BD0546284638BDA06DFCF77F
:1053400011FEEBE7A06DFCF70FFE284638BDFBF71A
:105350000DFFDBE770B5B1F90C300C46990796B03C
:1053600007D504F143030122C4E90432236016B0D7
:1053700070BDB4F90E10002905462BDB6A4600F01B
:105380003DFA002824DB4FF480612846019EFBF79C
:10539000C5F8B4F90C30A0B306F4704643F08003AE
:1053A0004FF48062B6F5005FA381206020616261E6
:1053B00035D1B4F90E10284600F036FAB4F90C30A5
:1053C00068B323F0030343F001034FF4006214E0D9
:1053D000B4F90C3013F0800F0CBF4FF480664026F8
:1053E00031462846FBF79AF8B4F90C3048B1C4E9C5
:1053F000040643F08003206000221343A38116B00B
:1054000070BD9A05B3D423F0030304F1430243F0C3
:1054100002030121C4E90421A3812260A7E74FF41C
:105420000062EAE78C461146BCF18E0F00F29180D3
:10543000DFE81CF03A013801360134013201300155
:105440002E012C012A01280126012401220120011C
:105450001E018F001C011A0118011601140112010E
:1054600010010E010C010A010801060104010201EC
:105470000001FE00FC00FA00F800F600F4008F00C6
:105480008F008F008F008F008F008F008F00F20041
:10549000F0008F008F008F008F008F008F008F0033
:1054A0008F008F008F008F008F008F00EE00EC00C8
:1054B000EA00E8008F008F008F00E6008F008F0069
:1054C0008F00E4008F008F00E2008F008F00E0006B
:1054D0008F008F008F008F008F008F008F008F0054
:1054E0008F008F00DE008F00DC00DA00D8008F0014
:1054F0008F00D6008F008F008F008F008F008F00ED
:105500008F008F00D400D200D000CE00CC00CA00A3
:105510008F00C800C600C400C200C000BE00BC00AE
:10552000BA00B800B600B400B200B0008F00AE0000
:10553000AC00AA00A8008F008F008F008F008F00A2
:10554000A6008F008F008F00A400A200A0009E0084
:105550009C0008B5002B14BF1A460246604600F0B6
:1055600047F9524A002808BF104608BD5048704706
:1055700050487047504870475048704750487047EF
:1055800050487047504870475048704750487047DF
:1055900050487047504870475048704750487047CF
:1055A00050487047504870475048704750487047BF
:1055B00050487047504870475048704750487047AF
:1055C000504870475048704750487047504870479F
:1055D000504870475048704750487047504870478F
:1055E000504870475048704750487047504870477F
:1055F000504870475048704750487047504870476F
:10560000504870475048704750487047504870475E
:10561000504870475048704750487047504870474E
:10562000504870475048704750487047504870473E
:10563000504870475048704750487047504870472E
:10564000504870475048704750487047504870471E
:10565000504870475048704750487047504870470E
:1056600050487047504870475048704750487047FE
:1056700050487047504870475048704750487047EE
:1056800050487047504870475048704750487047DE
:1056900050487047504870475048704750487047CE
:1056A000504870475048704750487047201D0020B0
:1056B000BC2F0020A42F0020902F0020F42F0020CA
:1056C000EC2C0020242C00205C2F0020742F0020C4
:1056D000602B0020202F0020942D00201C30002063
:1056E000282A0020F0290020F82A0020F82B00208A
:1056F000E82A0020303000203C2B0020102D002014
:10570000382F0020082F0020D82E0020C02E002087
:10571000A02E0020802E0020502E00202C2E0020B5
:10572000EC2E0020D02F0020142E0020F82D002079
:10573000E42D0020C82D0020BC2D0020A82D002025
:10574000842D00206C2D0020582D0020402D00209D
:10575000482E0020302D0020282D0020042D002070
:10576000D82C0020BC2C0020A82C0020782C002055
:105770006C2C00205C2C0020442C0020342C0020B9
:105780000C2C0020E82B0020D82B0020C02B002060
:10579000A02B0020802B0020282B0020182B00207D
:1057A000D82A0020C82A0020B42A0020A82A0020D5
:1057B000902A0020842A0020702A00205C2A0020E1
:1057C000482A00201C2A00200C2A0020DC29002066
:1057D000C8290020AC290020A02900208829002009
:1057E000782900205C290020502900204829002029
:1057F0000020704700487047743A002070B50C468E
:10580000084D03460026204611461C462E60EFF741
:105810007BFF431C00D070BD2B68002BFBD02360A6
:1058200070BD00BFB403032038B5074D0022044605
:1058300008462A60EFF76EFF431C00D038BD2B6886
:10584000002BFBD0236038BDB40303200000000010
:1058500030B482B08DED000B019A194C22F0004358
:105860000021A34201601FD8009C1C431CD0154C92
:10587000144054B99FED107B20EE077B8DED007B2B
:10588000019A6FF0350122F00043DDE900456FF326
:105890001E5242F07F551B1545F40015A3F2FE334E
:1058A000CDE900450B4403609DED000B02B030BC18
:1058B000704700BFAFF300800000000000005043BD
:1058C000FFFFEF7F0000F07F00B50B4C256814460A
:1058D000EE681A4685B003460D464CB1074900955F
:1058E000CDE901143046064901F01AF8EFF71AFF26
:1058F00004490C46F3E700BF043B00204830002079
:1059000058300020201D002038B5A1FB021454BBE4
:10591000FAF704FE054650B350F8042C22F00302B7
:10592000043A242A10D8132A13D91B2AC0E90044A8
:1059300016D9242AC0E902440ABFC0E9044400F190
:10594000100200F1180205E02146FCF719F928467B
:1059500038BD02460023C2E900339360284638BDB3
:1059600000F10802F6E7FCF7CBFA0C2303600025F0
:10597000284638BD2DE9F04F03690C69A34283B076
:10598000C0F28A80013C01F1140500F1140855F8B9
:10599000243058F8242001339A428E4681464FEA3B
:1059A000840105EB840708EB840AB2FBF3F63AD3D3
:1059B000CDE900150022AC46404613465CF8041BB6
:1059C00005681FFA81FB06FB0B22090C4FEA124BFC
:1059D00006FB01BB92B2A9B2891A19441FFA8BF3D4
:1059E000C3EB214303EB154389B241EA0341674509
:1059F00040F8041B4FEA1B424FEA2343DED2DDE9A5
:105A0000001558F8013073B9AAF1040AD04504D33F
:105A100007E0D04504F1FF3403D25AF80439002BD3
:105A2000F7D0C9F8104071464846FDF7ADF9002897
:105A30002EDB4146002255F8040BD1F800C01FFAB6
:105A400080FE1FFA8CF3A3EB0E031344020CC2EB8F
:105A5000234202EB1C429BB243EA0243AF4241F8AD
:105A6000043B4FEA2242E6D258F8242008EB840394
:105A70006AB9043B434504D807E0984504F1FF3474
:105A800003D253F80429002AF7D0C9F81040013690
:105A9000304603B0BDE8F08F002003B0BDE8F08FC2
:105AA0002DE9F04F2DED028B8FB08DED020B0191A2
:105AB000816B1A9D069357EC106B0446904641B1DA
:105AC000C26B4A60012393408B60FCF7E1FE002328
:105AD000A363B7F10009B4BF012300232B60A04BDF
:105AE000BCBF29F00049CDF80C9033EA090300F05F
:105AF00091809DED028BB5EE408BF1EE10FA0FD147
:105B0000069A012313601B9B13B11B9A954B1360DC
:105B1000954B049304980FB0BDEC028BBDE8F08F59
:105B20000CAA0DA92046B0EE480BFDF709FA5FEA72
:105B300019530C9A834640F085800D9B134403F261
:105B40003241202940F3F181C1F1400109FA01F904
:105B500003F2124126FA01F149EA010107EE101A97
:105B6000B8EE477B013B17EE901A4FF00109A1F107
:105B7000F8719FED753BB7EE082B9FED756B9FEDB0
:105B8000765B07EE901A04EE903A37EE427BB8EE61
:105B9000E44BA7EE036BB0EE467BA4EE057BFDEE77
:105BA000C76BB5EEC07BF1EE10FACDED056A00F1E2
:105BB000BD800599D21A162902F1FF3700F2A280A2
:105BC0006A4B03EBC10393ED007BB4EEC78BF1EEA0
:105BD00010FA00F1A481002A40F3CE840023CDE91D
:105BE00009130F44079300230893019B092B3FD807
:105BF000052BC4BF043B0193019BA3F10203CCBF5F
:105C000000250125032B35D8DFE813F0740271025B
:105C100066029A01069AC9F3130942F20F7359EA10
:105C2000060913601DD11B9B002B00F03686504BDC
:105C3000049308331B9A049813600FB0BDEC028BD9
:105C4000BDE8F08F18EE901AB0EE487BC1F3130157
:105C500041F07F51A3F2FF3341F440114FF00009AE
:105C600087E71B9B002B40F06781424B049351E771
:105C7000002301930025E56329462046FCF7E2FD59
:105C80000490002800F09E850D9A049BA363002ACF
:105C900072DB05990E296FDC344B049A03EBC103C8
:105CA00093ED004B88EE047BBDEEC77B4FF0FF3ACF
:105CB00017EE103A303302F8013BB8EEC76BA6EE90
:105CC000448B0123B2EE045B11E088EE047BBDEE51
:105CD000C77B013317EE101A534501F13001B8EEBE
:105CE000C76B02F8011BA6EE448B00F08F8428EEF0
:105CF000058BB5EE408BF1EE10FAE6D1059F154607
:105D00000137F1E001230A93002FC0F20381002341
:105D10000793059B002B80F2FA80079A059BD21A05
:105D20005B4208930023079209935EE7B8EEE66BA7
:105D3000B4EE476BF1EE10FA3FF43BAF0599013931
:105D4000059136E7AFF3008061436F63A787D23FC9
:105D5000B3C8608B288AC63FFB799F501344D33F5A
:105D60000000F07F4529002044290020A8020020DF
:105D700088300020943000204FF0FF3AA846CDF83C
:105D80002CA0B9F1000F00F0D884DDF8209002F2C9
:105D90003342079B012120469D181744FCF73CFE27
:105DA000079B0646002B40F01783089B002B00F052
:105DB0008683B9F1000F40F06A835946089A20465D
:105DC000FCF70EFF01238346089301212046FCF7D0
:105DD00023FE099B0090002B40F0BB82019B012B0E
:105DE00040F31E830120384410F01F0000F088812A
:105DF000C0F12003042B40F34583079BC0F11C0036
:105E00000344054407930744002D05DD59462A46FF
:105E10002046FCF745FF8346002F05DD00993A46F2
:105E20002046FCF73DFF00900A9B002B40F0758256
:105E3000BAF1000F40F34D82089B002B40F09F8188
:105E4000059F0137DDF81080DDF80090012507E09F
:105E5000594600230A222046FCF724FD01358346DB
:105E600049465846FFF786FD554500F1300008F8D1
:105E7000010BEDDB049BBAF1000F0AF1FF3503F1D2
:105E80000102D8BF00250023814605EB020A0193D9
:105E9000594601222046FCF703FF00998346FCF790
:105EA00073FF002840F30E83049A02E0924500F04D
:105EB000148355460AF1FF3A15F8013C392BF5D009
:105EC00001338AF8003000992046FCF7E1FC5EB10E
:105ED000019B2BB1B34203D019462046FCF7D8FCF6
:105EE00031462046FCF7D4FC59462046FCF7D0FC4E
:105EF00000232B70069B1F601B9B002B3FF40AAEF8
:105F000004981D600FB0BDEC028BBDE8F08F1F44FC
:105F1000099368E6C2F1010307930027F9E6059BA0
:105F2000013B059300230A93EEE6C1F1200106FA36
:105F300001F107EE101A13E6C14B0493033379E61F
:105F400001230093059B434403F1010A5646012EA9
:105F50000B93B8BF0126172E40F39584012204232A
:105F60005B0003F11400B042114602F10102F7D9BF
:105F7000E1632046FCF766FC0490002800F02284D0
:105F8000BAF10E0FA06300F2C280002D00F0BF80B6
:105F90000599002940F3D082AA4B01F00F0203EBD0
:105FA000C203CE0593ED007B4FEA211340F16E83CF
:105FB000A54A92ED086B03F00F03032288EE065BFF
:105FC0005BB1A149DD0740F19880B1EC026B5B1039
:105FD00002F1010227EE067BF4D185EE076B0A9BE6
:105FE0003BB1B7EE007BB4EEC76BF1EE10FA00F1F7
:105FF000AB83B1EE0C5B07EE902AB8EEE77BA7EE21
:10600000065B15EE901A53EC152BA1F15073BAF103
:10601000000F00F07582DDF814C05046FDEEC65B3F
:1060200043EC142B15EE901A864B049D303103EB94
:10603000C0025FFA81FE0099B8EEE57B12ED025BCB
:1060400036EE477B6A1C1646002900F02983B6EE1F
:10605000003B83EE056B36EE446BB4EEC76BF1EE9E
:1060600010FA85F800E000F30984B7EE002BB2EED9
:10607000044B002518E00135854280F28B8127EE24
:10608000047B26EE046BFDEEC75B15EE901AB8EEAE
:10609000E53B303137EE437BB4EEC67BF1EE10FAD0
:1060A00002F8011B00F1B88332EE475BB4EEC65B29
:1060B000F1EE10FADFD504990CF1010C02E08A42EE
:1060C00000F06583154612F8013D392BF7D00133F6
:1060D000DBB21370674607E701230093B8F1000FA6
:1060E00040F38781CDF82C80C246464633E7002333
:1060F000009327E700230093F0E75B10083161E786
:106100001C23079A1A441D4407921F447CE60D9AEB
:10611000002AC0F23481059B0E2B00F33081494BDD
:10612000059AB8F1000F03EBC20393ED004B80F228
:106130005882BAF1000F00F3548240F0F581B1EEBD
:10614000047B24EE077BB4EEC78BF1EE10FA5146C8
:1061500000F243832046FCF79BFBC8F10007049D37
:10616000C2E6314600230A222046FCF79BFB0B9B2C
:10617000002B064640F37983DDF82CA00595079B9C
:10618000002B05DD31461A462046FCF789FD064600
:10619000099B002B40F06382B046049D6B1E534464
:1061A0000993029B03F001030A9300995846FFF7F5
:1061B000E1FB314682465846FCF7E6FD009907466A
:1061C00042462046FCF702FEC3680AF13009014648
:1061D000002B3BD108905846FCF7D6FD0899079054
:1061E0002046FCF755FB079A002A5AD1019B1BB9A0
:1061F0000A9B002B00F01C83002F45DB099BAA465D
:106200009D420AF8019B00F04582594600230A226C
:106210002046FCF747FB4645834631464FF00003D6
:106220004FF00A02204636D0FCF73CFB41460646BA
:1062300000230A222046FCF735FB55468046B4E78A
:1062400094300020A8020020800200202046FCF7A5
:106250001FFB002F06DB029B03F00102019B1F4383
:106260003A4329D1594601222046FCF719FD0099ED
:106270008346FCF789FD002840F3C782B9F1390F46
:1062800000F089820AF13109059F019605F8019B0A
:106290000137464617E6FCF705FB5546064680469D
:1062A00083E7002FC0F29582019B1F430A9B1F4387
:1062B00000F08F82002AA1DDB9F1390F00F06B8266
:1062C000059F019609F1010305F8013B0137464698
:1062D000F9E5019B022B7FF7AFADBAF1000F40F05B
:1062E00075810099534605222046FCF7DBFA0146EA
:1062F00000905846FCF748FD002840F36781049D54
:106300000099312305F8013B2046FCF7C1FA059FAF
:106310000237002E7FF4E4ADE6E500995846FCF71D
:1063200033FD0028BFF684AD594600230A222046DB
:10633000059DFCF7B7FA089B013D8346002B7FF4CF
:1063400010AF0B9B002B40F38582059FDDF82CA03E
:1063500078E51A4601462046FCF742FC019B009076
:10636000012B40F36F8100230993009A136902EB1C
:1063700083031869FCF7E6FAC0F1200033E5009BBF
:106380007BB9079B002B63D1089B002B6FD11D4667
:106390001E461AE50D9A002A03DB05990E297FF7A0
:1063A000BFAE019B012B7FF7ECAC089B0AF1FF39D4
:1063B0004B45C0F2EB80BAF1000FA3EB090980F264
:1063C0003E82079D0121A5EB0A0320460093FCF7BE
:1063D00023FB009B07930646002F7FF7E6AC079A46
:1063E000BA421346A8BF3B46D21AED1A0792FF1ACB
:1063F000DBE40021E1632046FCF724FA0490002846
:1064000000F0E081049BA363002D40F017810D9AFA
:10641000002AC0F2068201230B939A4698467AE638
:10642000029B002B7FF4DEAC039BC3F31303002B12
:106430007FF4D8AC039B23F000431B0D1B05002BFE
:106440003FF4D0AC01230135013709931846CAE463
:10645000002F00F06B81079A089EBA421346A8BF2E
:106460003B46D51AFF1A0795002E3FF4AEAC5946AD
:10647000089A2046FCF7B4FB0023079D0893834647
:106480001E46A2E43FF4C0ACC0F13C0339E63146FD
:106490004A462046FCF7A4FB5A46014606462046DB
:1064A000FCF7E8FA594600902046FCF7F1F9089B02
:1064B000B3EB09030893009B9B467FF47EAC01235A
:1064C000089382E403D119F0010F7FF4EDAC554637
:1064D0001AF8013D302BFAD0F5E4049A3123013744
:1064E0001370F0E407EE902AB1EE0C5BB8EEE77B98
:1064F000A6EE075B15EE901A53EC152BA1F1507325
:1065000043EC152BB1EE047B36EE477BB4EEC57B36
:10651000F1EE10FA00F34A81B1EE455BB4EEC57BB3
:10652000F1EE10FA7FF5F3AD00212046FCF7B0F94B
:10653000C8F10007049DD7E400F02581059AC14BFE
:10654000524202F00F0103EBC10393ED006B1311F4
:1065500028EE066B00F08F81BB490222D80708D5D0
:10656000B1EC027B5B1002F1010226EE076BF5D164
:1065700035E55B100831F1E7C2F101030793059B94
:1065800009931F4600230A93FFF72DBB089B099A26
:10659000A9EB03031A44079B09920121204603EB50
:1065A0000A05FCF739FA079BCDF8209057440646B8
:1065B000002B3FF402AC079ABA421346A8BF3B46F1
:1065C000D21AED1A0792FF1AFFF7F7BB009920467F
:1065D000FCF75EF9C8F10007049D002E7FF480AC43
:1065E00082E4049B5E1C88EE047BBDEEC77B0499AD
:1065F00017EE103ABAF1010F03F13003B8EEC76B92
:1066000032460B70A6EE448B7FF45BAB38EE088B02
:10661000B4EEC48B059FF1EE10FA07F10107BC46FA
:1066200008DCB4EE448BF1EE10FA05D117EE103A07
:10663000DB0701D5049945E5154655E4A8460B95B9
:10664000AA46A5E4029B002B7FF48DAEDDE9021281
:10665000C2F31303002B00F0CB80099185E671682B
:106660002046FCF7EFF80546002800F01A81336950
:1066700002339A0006F10C010C30F0F7D5F82946E8
:1066800001222046FCF70CFB804686E50222B0EE94
:10669000485B95E4059F019601374646FFF7F8BB36
:1066A000049924EE053B012881F800E015D0B2EEF4
:1066B000044B049A3146151827EE047BFDEEC76B98
:1066C00016EE902A303201F8012BA942B8EEE65BB3
:1066D00037EE457BF0D1721E0244B6EE006B33EE0E
:1066E000065BB4EEC75BF1EE10FA3FF5E4AC36EEB4
:1066F000436BB4EEC76BF1EE10FA0DDC0D9A002A75
:10670000FFF63FAE059A0E2A3FF73BAE059A03EB24
:10671000C20393ED004B66E71546013A15F8013CBC
:10672000302BF9D00CF10107FFF7DEBB089E002EDD
:106730007FF49DAE079DFFF748BB0C9ADDF82090D3
:10674000C2F13602FFF725BBBAF1000F3FF4CAAE23
:106750000B9800287FF7DBACB2EE044BB1EE0C5B7C
:10676000013207EE902A26EE046B059BB8EEE77B1C
:10677000A6EE075B15EE901A03F1FF3C53EC152BC8
:10678000A1F150734AE40222B0EE486B27E40CF109
:10679000010C31239DE4059F0196AA4639230AF88E
:1067A000013B049A01374646FFF783BB049D312322
:1067B00005F8013B00212046FCF76AF8059F0237E7
:1067C000FFF792BB214B2248002240F2AF11FFF7A6
:1067D0007BF8002A3FF746AD56E5049D312305F8C6
:1067E000013B2046FCF754F8059F0237FFF77CBBBE
:1067F000039B23F000431B0D1B05002B3FF4B4AD9E
:106800000123013501370993AFE57FF43DAD19F060
:10681000010F7FF433AD37E50CF101071546FFF7A3
:1068200063BB009B9BBB01230B939A469846A8E54C
:10683000B9F1390FAFD0002F3FF724AD24E5524610
:10684000FFF7A7BAA80200208002002094280020A9
:1068500098300020019A022A03DC059F9A46FFF730
:10686000F1BA0595DDF82CA037E5019A0595022AC5
:10687000F8DC9A4683E40222FFF7B1BB0CF1010772
:106880001546FFF731BB0021E163FFF772BBDDF86E
:106890000080CDF82C80C24687E5054B0493FFF7B6
:1068A00039B9044B04482A4640F2EF21FFF70CF8AF
:1068B00088300020942800209830002070B50546CC
:1068C00084B05BB11C460F4BD3F8C861234669B155
:1068D0002846B047431C0FD004B070BD094B00F5EB
:1068E0008274D3F8C86123460029F1D10A462846AC
:1068F00001A9B047431CEFD100228A2322602B60FC
:1069000004B070BD9C38002010B582B0049CCDE965
:1069100000344FF0FF3301F075FA02B010BD00BF34
:106920000EB410B583B005AB064C53F8042B01939D
:106930000146206800F008F803B0BDE8104003B03D
:10694000704700BF043B00202DE9F04FC5B00DF1AA
:10695000500A8346049116460021082250461C46E0
:106960000B93FBF70DF9BBF1000F04D0DBF83430CB
:10697000002B00F05287049A536EB2F90C20D9070D
:1069800040F13D81970400F1D485049942F400520E
:1069900023F400538A814B6612B2130740F1BD8085
:1069A000049B1B69002B00F0B88002F01A030A2B2D
:1069B00000F0C2800023CDE91933CDE90E331BAAC4
:1069C000DFF8AC980D93189217460793B0464546EA
:1069D000D9F8CC41FBF728FACDF800A003462A46A7
:1069E00012A95846A047002800F0C580C0F2BB801D
:1069F000129A252A034601D01D44E9E7B5EB0806A3
:106A0000044640F0BC80002319468DF843300893BB
:106A10004FF0FF326B78069205F10108039108F1FF
:106A20000108A3F120025A2A00F2FC80DFE812F0EC
:106A30008603FA00FA007F03FA00FA00FA005F0307
:106A4000FA00FA001F023102FA002A029803FA0043
:106A500091035B005B005B005B005B005B005B0025
:106A60005B005B00FA00FA00FA00FA00FA00FA0094
:106A7000FA00FA00FA00E5013503FA00FA00FA001C
:106A8000FA00FA00FA00FA00FA00FA00FA003702F7
:106A9000FA00FA00FA00B701FA001203FA00FA004D
:106AA000EB05FA00FA00FA00FA00FA00FA00FA0020
:106AB000FA00FA00FA00E5017201FA00FA00FA00A1
:106AC000550372016E00FA003104FA002204060434
:106AD000B4036E00FA00B7016B007102FA00FA000D
:106AE0001C06FA006B00A3F130020023194618F8C7
:106AF000013B01EB810102EB4101A3F13002092AC4
:106B0000F5D908918DE798F8003088E7039B43F0AA
:106B10002003039398F8003081E7049D58462946E6
:106B2000FAF7EAFE002841F02380B5F90C2002F0C4
:106B30001A030A2B7FF43EAF0499B1F90E30002BF3
:106B4000FFF638AF4B6EDD0702D4900540F1BE87EB
:106B5000049923463246584601F03AF807900798C0
:106B600045B0BDE8F08F082200215046FBF708F839
:106B700001231D442CE7B5EB0806044610D01A9BF0
:106B800033441A93199B0133072BC7E900861993E5
:106B900010DC0837079B33440793002C7FF433AF96
:106BA0001A9B002B40F09C87049B0022B3F90C3009
:106BB000199218E0049918AA5846FEF769FA78B9AC
:106BC0001BAFE7E7049918AA5846FEF761FA0028B8
:106BD00000F08C80099B1BB109995846FBF724FDF6
:106BE000049BB3F90C30049A526ED00740F18880B0
:106BF0005B0600F13881079845B0BDE8F08F90053D
:106C000040F1218191047FF5C0AE9F047FF5C5AEB0
:106C1000049B9B899A0500F12681049B986DFBF7E4
:106C2000A3F920E1002BBBD001228DF8AC3000236A
:106C30008DF8433009930A9206932BAD0592DDE956
:106C400019C0039C14F084060146624626D1089BB5
:106C5000059C1C1B002C00F314849DF8433003B3E7
:106C600000260C960132012301317B60072A0DF1C9
:106C70004303CDE919213B6000F39B8308370C9B4C
:106C800063B1013211AB02313B60072A4FF00203BE
:106C9000CDE919217B6000F380830837802E00F056
:106CA0000383069B0A981C1A002C00F33B830A9B63
:106CB0003D6001321944072ACDE919217B6000F3B8
:106CC00061830837039B5C0705D5089B059A9C1ACE
:106CD000002C00F37A83DDE9073205988242ACBFCD
:106CE0009B181B18079300297FF46CAF002319939E
:106CF000099B1BB109995846FBF796FC1BAF66E64A
:106D00009A053FF575AF049CA06DFBF72DF9B4F91A
:106D10000C306DE7039B9B0640F128840B9B0733E7
:106D200023F007031A465B6852F8084B0B921E4685
:106D3000002BC0F2C381069A002A07DB039B23F0D5
:106D40008003039354EA060300F0B0840A2C76F122
:106D5000000380F0028104F13003DBB2069A8DF863
:106D60000F31012A9DF84330B8BF01220592002B54
:106D700000F0D383059B0133002505930123CDE962
:106D800009530DF20F15DDE91921039B13F0840659
:106D9000084694463FF45BAF00230C9362E70B9EDA
:106DA00000228DF8432056F8042B0992002A00F0A7
:106DB0005D85532B00F09484039B13F0100440F086
:106DC0008F84069A002AC0F2658609982146FBF74F
:106DD000B7FA9DF84320099D002800F0AB86431BBD
:106DE0000A9323EAE3730593002A00F09D8601339A
:106DF000069405930B960994C5E70B9A432B02F171
:106E0000040403D0039BD90640F1468408220021E4
:106E100016A8FAF7B5FE0B9B2BAD1A68294616ABE0
:106E20005846FFF74BFD034601330A9000F06B868E
:106E30000A9B23EAE373059300230B948DF84330F8
:106E400009930693FBE6049DA86DFBF78BF8B5F953
:106E50000C206B6E95047FF598AD98047FF59DAD81
:106E6000D9077FF5D5AE4FF0FF330793C3E60B9BF1
:106E700053F8042B0892002A80F25683089A0B9349
:106E800052420892039B43F00403039398F80030A6
:106E9000C5E52B238DF8433098F80030BFE5039B00
:106EA0009D0643F0100040F177830B9B073323F0DE
:106EB00007031A46596852F8083B0B9200228DF8D6
:106EC0004320069A002AC0F2248320F490620392A1
:106ED00053EA010200F0318344AD03F00702DB08FE
:106EE00043EA4173C908303253EA0104284605F8E1
:106EF000012DF2D1039B13F0010340F09F82069A0B
:106F0000099344AB5B1B9A42B8BF1A460A93059299
:106F100095E603998E0600F1A38003990B9A11F070
:106F2000100652F8043B40F04083039911F04001F1
:106F300000F0D3849CB2069B8DF84360002B06DBE7
:106F4000039B23F080030393002C00F03D830A2C65
:106F500076F100030B92FFF4FEAE039B099703F456
:106F600080630020CDF8308044A9DDF8348005909E
:106F70001F46CDF828B025E00590A319BA4843F183
:106F80000003A0FB032C2CF0030202EB9C029B1AD3
:106F9000E31A4FF0CC32A346B64602FB03F266F189
:106FA000000600FB0622A3FB0043BBF10A0F1344BB
:106FB0004FEA54047EF1000E294644EAC3744FEAB6
:106FC00053062ED3059BA84A01330593A31943F119
:106FD00000031046A2FB032525F0030202EB9502F5
:106FE0009B1AE31AA3FB003266F1000500FB0522A1
:106FF0005B0843EAC27303EB8303A4EB4303303320
:1070000001F8013C4D1E002FB7D0059898F80030CC
:107010008342B1D1FF28AFD00A2C76F1000380F073
:10702000808406999DF84330CDF8348044AA521BE1
:107030009142B8BF1146DDE9097BDDF830800A9244
:107040000591002B00F00A84059B01330593002372
:10705000099398E6039B43F010019B0640F1A3823D
:107060000B9B073323F007031A465E6852F8084B60
:107070000B9200238DF84330069B002BC0F2F78261
:1070800021F08003039354EA06037FF45FAE069B6E
:10709000002B00F09E8200245DE6039A42F010036C
:1070A000920600F19C820B9A04320B9903930C68B0
:1070B0000B92E6173346002BBFF63DAE2D238DF81D
:1070C0004330069B644266EB4606002BFFF63EAE5D
:1070D000039B23F08003039338E698F80030682B75
:1070E00000F0F482039A42F04002039297E458467B
:1070F000FEF780FB43680F931846FBF781F90E906B
:1071000004465846FEF776FB826898F800300D92E8
:10711000002C3FF484AC002A3FF481AC1278002AA2
:107120003FF47DAC039A42F48062039277E4039BC0
:1071300043F00103039398F8003070E49DF8432076
:1071400098F80030002A7FF46AAC20228DF84320A2
:1071500065E4039B43F08003039398F800305EE4FA
:10716000404610F8013B2A2B00F0F684A3F13002D0
:10717000092A98BF002100F2AE8410F8013B01EB10
:10718000810102EB4101A3F13002092AF5D941EA5C
:10719000E1720692804644E40B9C069D54F8043B41
:1071A000002247F630019542ADF844108DF8432097
:1071B00018461146C0F25E82039A0B9422F08002B8
:1071C00042F002020392002B00F05B83274A03F097
:1071D0000F030224D35C05948DF80F31030943EAB1
:1071E0000173080953EA111100F0D0840DF20F1554
:1071F00003F00F011B09515C05F8011D43EA007300
:10720000000953EA0001F3D144AB5B1B1A460A9311
:10721000069B9342B8BF1346059A002A00F0BA8431
:10722000DDE91921039C023314F084060593084616
:10723000944600F07C820023099322E5039884069B
:107240003FF533AE03990B9A11F0100152F8043B4D
:1072500040F0B384039C14F0400000F01E839BB206
:107260000B9220462AE600BFCDCCCCCC14290020BE
:107270009C380020039B990640F1B4810B9B079A30
:107280001B681A60D2175A600B9B04330B93FFF7ED
:107290009EBB98F800306C2B00F00E82039A42F0EF
:1072A00010020392FFF7BBBB089B05981C1A002C29
:1072B0007FF7F7AC102CB64B23DD38460C95102623
:1072C000049D1F4604E0103C102C00F1080015DD61
:1072D00001321031072AC0E90076CDE91921F2DD2B
:1072E00018AA29465846FDF7D3FE00287FF472AC51
:1072F000103C102CDDE919211BA8E9DC0C9D3B4654
:10730000074601322144072ACDE919213B607C6000
:1073100000F39482069B0A981C1A002C07F10807B8
:107320007FF7C5AC102C9A4B21DD384610261F463E
:1073300004E0103C102C00F1080016DD0132944BE3
:107340001031072AC0E90036CDE91921F1DD049991
:1073500018AA5846FDF79CFE00287FF43BAC103C71
:10736000102CDDE919211BA8E8DC3B460746013259
:107370002144072ACDE919213B607C6000F3BC80E1
:10738000083794E4049918AA5846FDF781FE0028AE
:107390007FF420AC1A991BAF94E4049918AA5846BC
:1073A000FDF776FE00287FF415ACDDE919211BAF4F
:1073B00074E4049918AA5846FDF76AFE00287FF481
:1073C00009ACDDE919211BAF59E4102C199B714E52
:1073D00021DD3A4610253746049E04E0103C102C6F
:1073E00002F1080215DD01331031072BC2E90075E7
:1073F000CDE91931F2DD18AA31465846FDF748FEAD
:1074000000287FF4E7AB103C102CDDE919311BAAF2
:10741000E9DC3E46174601332144072BC7E90064E7
:10742000CDE919317FF757AC049918AA5846FDF7F2
:107430002FFE00287FF4CEAB1A994CE4302A00F0DE
:10744000F1813023069A05F8013C023844AB1B1A3F
:107450009A42B8BF1A460A9305460592DDE91921FA
:10746000039B13F084060846944600F0A8839DF819
:107470004330002B00F0A683002309930C93FFF701
:10748000F1BB00230C93102C424E624623DD39469B
:1074900010232F46049D04E0103C102C01F108013C
:1074A00017DD01321030072AC1E90063CDE9192048
:1074B000F2DD18AA29465846FDF7EAFD00287FF4B8
:1074C00089AB103C102CDDE919201BA94FF01003EB
:1074D000E7DC3D460F4601322118072ACDE9192184
:1074E0003E607C6000F36C819DF843600837002E9D
:1074F00036D00026FFF7B6BB049918AA5846FDF708
:10750000C7FD00287FF466ABDDE919211BAFFFF74B
:10751000CEBB20F480620392DEE4099301230A9338
:107520000DF20F15FFF78BBB0B9398F80030FFF7A8
:1075300076BA9D047FF531AA95E4069A002A7FF475
:10754000CBAC10F00102059200F0348130238DF8AD
:107550000F31069B0A9209930DF20F15FFF76FBBCF
:107560000C9B002B7FF48DABFFF79BBB039B0B9A0F
:10757000DE0652F8044B3FF598AD039B5D0640F1E3
:10758000A18144F3C0360B9224B23346FFF7D0BB3F
:107590004C320020F40D00200B9B1A1D0B9B0B920C
:1075A0001B6800218AE40B9B1A1D0B9B06981B6825
:1075B0000026B0428DF843601C4657DB21F0800165
:1075C0000391002B7FF4C3AC069B0B92002B7FF43E
:1075D00062AD0A930593099344ADFFF730BB039363
:1075E000FFF79CBB039BDA0600F13B81039B5B0624
:1075F00000F13D82039B9E0540F133810B9B079A6E
:107600001B681A7040E6AC4A039911F0200100F0A3
:10761000B2800B99073121F00701084604464968FA
:1076200054F8080B0B94039E16F00105059500F025
:10763000888050EA010440F0D98000238DF843305F
:10764000069B002BC0F2B281039B23F4906303934B
:1076500000F0068213788DF80F31059B0A93069B84
:1076600005930DF20F15F9E6944ACDE70B920391BD
:10767000FFF76CBB03990B9441F002010391104694
:1076800003F00F018D4A1B09515C8DF80F1100F0BA
:10769000838202210591A9E50B9B1B688DF8AC3014
:1076A000012305930A932BADFFF7C6BB002A00F018
:1076B000CC813023FFF752BB039B43F0200303939D
:1076C00008F1010898F80030FFF7A9B9039B43F4CB
:1076D0000073039308F1010898F80030FFF79FB991
:1076E000099B13930822002116A8FAF749FA069B72
:1076F000002BC0F265810024059725461F460EE049
:107700002BA95846FFF7DAF8411C284400F0FB810A
:10771000B84209DC04F1040400F004820546139A1F
:10772000125916AB002AEBD1059F069557E1089C2C
:10773000059B0996E41A002C7FF7A3AA02230C9359
:10774000A1E6059B8DF84330069B002B27DB039BAE
:1077500023F49063039350EA01035AD10699002958
:1077600000F0648113788DF80F31012305910A939D
:107770000DF20F1572E60B9C54F8040B0B94039C4E
:1077800014F010047FF44FAF039911F0400100F0A2
:10779000C18080B2214646E743F002030393039C75
:1077A00000F00F0304F0020524F48064D35C059517
:1077B000039411E5069B44ADCDE90933FFF73FBAC9
:1077C000049918AA5846FDF763FC064600287FF482
:1077D00001AA9DF84330DDE91921002B68D10C9BEB
:1077E0001BAF002B7FF44DAAFFF75BBA8DF8453035
:1077F00030238DF8443000238DF84330069B002B56
:10780000039BC9DB23F4906343F002030393022339
:10781000059300F00F03D35CDEE45846F9F7A6FCAD
:10782000FFF7A9B8069A44AB5B1B9A42B8BF1A4649
:107830000A93002305920993FFF701BA049918AA45
:107840005846FDF725FC00287FF4C4A9DDE919217D
:107850001BAFFFF726BA099D06930B960993FFF716
:10786000EEB90B9B079A1B681A600DE5069B144D39
:107870000B96062B28BF062305930A930692FFF763
:10788000DEB9002D00F0EE80302301228DF80F319B
:107890000A922B460DF20F15C2E4039C14F40071FA
:1078A00000F0F4800146DBB20B922046FFF706BBE6
:1078B0001BAFFFF7D7B900BF2829002014290020EB
:1078C0003C290020039B0B9298054ABF44F3C01645
:1078D000E61764B23346FFF72BBA039810F400762C
:1078E00040F0CA8006998DF8436000291C46FFF6D7
:1078F0002EAB039820F080000390002B7FF427AB81
:107900000B9200297FF4C7AB0A910591099144AD10
:10791000FFF795B9039C14F4007414BFC0B221465C
:1079200081E60E9A0F99AD1A2846FAF71BFA98F8D5
:1079300001300BB108F10108A44AA31943F1000377
:10794000A2FB030C2CF0030000EB9C001B1AE31AB3
:107950004FF0CC3166F1000603FB01F102FB06118A
:10796000A3FB023001445B0843EAC1744E08A3192B
:1079700043F10003A2FB031020F0030101EB90018F
:107980005B1AE31AA3FB023166F1000002FB00124E
:107990005B0843EAC27303EB8303A4EB4303303376
:1079A00005F8013C0120013DFFF730BB13788DF84D
:1079B0000F3126F480630A9503930DF20F154DE500
:1079C00016AB00930023194613AA5846FEF79CFFF6
:1079D00003460133069000F09680099B1393069BA3
:1079E00043B3632B6ADC002309932BAD08220021EB
:1079F00016A8FAF7C5F8069C16AB009313AA2346FF
:107A000029465846FEF780FF844240F0CF80069911
:107A100000236B5421EAE17205929DF84320002A6D
:107A200068D1CDE90A160692FFF709B9069B0A93B9
:107A300044AD13E59DF84330099D0B96003B18BFFC
:107A400001230593069B0A9308E59DF843303BB15B
:107A5000069BCDE90933012344AD0593FFF793B9A4
:107A6000069BB6E5069B0A9344ADFFF7D9BB0B9B7B
:107A7000079A1B681A8007E4DCB2069B8DF8431056
:107A8000002B0E46BFF65CAAFFF761BA03980B9273
:107A9000FFF714BA099D2846FAF7B2FC9DF8433067
:107AA0000A9020EAE0720592002B3FF4D4AE013236
:107AB000069405920B960994FFF765B9591C584630
:107AC000F8F72CFD0546F0B109908FE7886DFAF7BD
:107AD0004BFAFFF73DB8002280460692FEF7A1BFA1
:107AE000049918AA5846FDF7D3FA00283FF45CA879
:107AF000FFF776B8069A0A92059A0B96013205921C
:107B00000693FFF740B90498B0F90C30426E43F089
:107B10004001D20781813FF5A6A999053FF5A3A9A8
:107B2000FFF7F1B8059F5AE7099D06920B96099257
:107B3000FFF785B842B1069A0B96511C05910A923F
:107B400006900990FFF71FB9069B09920B960A93BE
:107B500005930692FFF773B80B9A98F8013052F824
:107B6000041B0B9241EAE17180460691FEF757BF74
:107B7000049A536EDF073FF576A993899E053FF57A
:107B800072A9906DFAF7F0F9FFF76DB90DF20F15C4
:107B9000FFF73ABB059361E4069B0122012BB8BFB6
:107BA00001230DF20F150A92FFF73ABB049A93894D
:107BB00043F040039381FFF70DB80398EEE4099674
:107BC000FFF745B80993FFF769B800BFCDCCCCCC1F
:107BD0002DE9F04198468B89ADF58D6D23F00203B8
:107BE000ADF80C301AAB009304934FF4806302930A
:107BF00005934B6E1993CB89ADF80E30CB69079383
:107C00004B6A099316460023074616A80D460693AD
:107C1000FAF7A4F93246434669463846FEF794FE21
:107C2000061E6C4607DB69463846FDF769FB0028EF
:107C300018BF4FF0FF36A3895B0603D5AB8943F02D
:107C40004003AB81A06DFAF78BF930460DF58D6DD1
:107C5000BDE8F0812DE9F0478F681D46AF420B6803
:107C60000C46164636D8B1F90CC01CF4906F0ED1F4
:107C70003D46184631462A46F9F7EAFEA368DF1B5F
:107C80002368A7602B4400202360BDE8F0874A6981
:107C9000096902EB42025F1A02EBD2726B1C5210AE
:107CA0003B44934292BF914699461A461CF4806F1A
:107CB000804611D01146F8F731FC824600B32169A5
:107CC0003A46EEF7B1FDA38923F4906343F08003B5
:107CD000A38105E02F46CCE7F8F704FF824658B1B0
:107CE0000AEB0703A9EB0707A760C4F810A0C4F8C4
:107CF000149023602F46BCE721694046FAF794FCB4
:107D0000A3890C2243F04003C8F800204FF0FF3055
:107D1000A381BAE72DE9F04F8BB0DDE91589149FF7
:107D200002901C46B8F1000F4FD01668019600294A
:107D3000C34608BF4FF0FF3700250391924688469F
:107D400007E0019B53F8040B0193013C00284AD043
:107D50006546AF4235D9002C33D0DBF800300493B0
:107D6000DBF804300593019B02981A68D9F8C861C2
:107D70005B4606A9B047431C1CD000EB050CBC4574
:107D800026D8039B002BDCD000280DDD08F1FF3244
:107D9000019E06A902EB000E11F8013B02F8013F1B
:107DA0007245F9D101968044DAF800200432CAF80D
:107DB0000020C6E7029B8A21002219600546CBF805
:107DC000002028460BB0BDE8F08F00F58678ACE7C0
:107DD000D846DDF810A0DDF814B02846C8E900AB9D
:107DE0000BB0BDE8F08F0399D84609B1CAF800007E
:107DF0000CF1FF3500222846C8F800200BB0BDE882
:107E0000F08F00BF10B584B0054C0698009007981D
:107E10000190044800680294FFF77CFF04B010BD95
:107E20009C380020043B00205FF800F0891D0060B2
:107E30005FF800F0351D0060000000000000000049
:047E4000F8B500BFD2
:107E440085F6FE7FA908B100FFFF01080E041C009F
:107E5400180E000071F6FE7FA908B100FFFF0108AB
:107E64000E041C00180E00005DF6FE7FAB029701A5
:107E7400B0B00FB1FFFF010C2E0400003C044A0017
:107E8400460E000008B10181B0B00084000000007B
:107E940035F6FE7FA908B100FFFF010008B101819A
:107EA400B0B00084000000001DF6FE7FB0AF1600E5
:107EB400FF1019011124DE050000E20604EC08019C
:107EC400F20686020000010000000000F9F5FE7FC2
:107ED4008408B101B0B0B000FF100D01040206081F
:107EE400010100000000000008B10181B0B000846D
:107EF4000000000008B10181B0B00084000000005F
:107F0400C5F5FE7FB0AA0100FF102901183030002A
:107F1400006A049E0103702E0000BA0118E20100F9
:107F2400DC010E00000200017D00000000000000E2
:107F340080A7FD1F91F5FE7FB0AB0200FFFF010C8F
:107F44001C046000660400006C04600079F5FE7F88
:107F5400B0AD0400FFFF010F3A048401004A048E0F
:107F640001008A01040000005DF5FE7FB0A8050051
:107F7400FFFF010C0C02000014042A00300400006E
:107F840045F5FE7FB0AF0200FF1019010F320A3C25
:107F940001840136C00100C8010400000100000092
:107FA4000000000008B10181B0B0008400000000AE
:107FB40008B10181B0B000840000000008B1018163
:107FC400B0B0008400000000C4EBFE7F010000009C
:107FD400C8EBFE7F6CFEFF7FF0EBFE7F78FEFF7F39
:107FE40018ECFE7F84FEFF7F6CECFE7FAB1C978059
:107FF400ACECFE7F0100000000EDFE7FB0B0AC8071
:1080040088EDFE7F80FEFF7FD0EDFE7F0100000043
:10801400D8EDFE7FB0AA018028EEFE7F01000000AB
:1080240054F0FE7FB0AB0280FCF0FE7F0100000044
:10803400C8F1FE7F5CFEFF7F3CF2FE7F0100000082
:10804400F0F2FE7FB0B0AA80A8F3FE7F50FEFF7F5F
:10805400E4F3FE7FAB08B1806CF4FE7F4CFEFF7F3F
:10806400E4F8FE7F68FEFF7FECF8FE7F010000006D
:10807400F8F8FE7F74FEFF7FF8F8FE7F78FEFF7F3E
:1080840004F9FE7F010000001CF9FE7FB0B0A88057
:1080940058F9FE7F0100000094F9FE7FB0B0AA8079
:1080A400C0F9FE7FB0B0A88028FAFE7F010000006E
:1080B40010FBFE7FB0B0AC8034FBFE7F01000000FB
:1080C40060FBFE7F3CFEFF7F60FCFE7F0100000042
:1080D400F4FDFE7F60FEFF7F6CFEFE7FB0B0A880E3
:1080E4008CFEFE7FB0AB0280F0FEFE7FB0B0A880B5
:1080F40040FFFE7F010000001800FF7F50FEFF7F5D
:10810400AC00FF7F01000000BC00FF7F5CFEFF7F2E
:10811400E800FF7F010000009C01FF7FB0AA0380FC
:10812400C801FF7F010000004C72FF7F54FEFF7FF7
:108134001C73FF7F01000000D473FF7FB0A902808D
:108144006474FF7FB0B0A880B474FF7F01000000A6
:10815400BC74FF7FB0B0AA80F074FF7FAF76B280AA
:10816400C475FF7FAB3F3A802876FF7F0100000093
:108174003076FF7FB0B0AA806C76FF7F28FEFF7F49
:108184008076FF7F010000002477FF7FAC0FB28070
:10819400AC77FF7FB0AF08804C7AFF7F010000000E
:1081A4005C7AFF7FAC3F0380407DFF7F01000000CD
:1081B400087FFF7F008404801C7FFF7F0100000094
:1081C400187FFF7FB0AD04801082FF7FB0A80380CA
:1081D4003482FF7FDCFDFF7F3882FF7FE0FDFF7F7D
:0881E4004482FF7F010000004E
:1081EC000000000000000000000000000000000083
:1081FC000000000000000000000000000000000073
:10820C000000000000000000000000000000000062
:10821C000000000000000000000000000000000052
:10822C000000000000000000000000000000000042
:10823C000000000000000000000000000000000032
:10824C000000000000000000000000000000000022
:10825C000000000000000000000000000000000012
:10826C000000000000000000000000000000000002
:10827C0000000000000000000000000000000000F2
:10828C0000000000000000000000000000000000E2
:10829C0000000000000000000000000000000000D2
:1082AC0000000000000000000000000000000000C2
:1082BC0000000000000000000000000000000000B2
:1082CC0000000000000000000000000000000000A2
:1082DC000000000000000000000000000000000092
:1082EC000000000000000000000000000000000082
:1082FC000000000000000000000000000000000072
:10830C000000000000000000000000000000000061
:10831C000000000000000000000000000000000051
:10832C000000000000000000000000000000000041
:10833C000000000000000000000000000000000031
:10834C000000000000000000000000000000000021
:10835C000000000000000000000000000000000011
:10836C000000000000000000000000000000000001
:10837C0000000000000000000000000000000000F1
:10838C0000000000000000000000000000000000E1
:10839C0000000000000000000000000000000000D1
:1083AC0000000000000000000000000000000000C1
:1083BC0000000000000000000000000000000000B1
:1083CC0000000000000000000000000000000000A1
:1083DC000000000000000000000000000000000091
:1083EC000000000000000000000000000000000081
:1083FC000000000000000000000000000000000071
:10840C000000000000000000000000000000000060
:10841C000000000000000000000000000000000050
:10842C000000000000000000000000000000000040
:10843C000000000000000000000000000000000030
:10844C000000000000000000000000000000000020
:10845C000000000000000000000000000000000010
:10846C000080E03779C34143176E05B5B5B8934624
:10847C00F5F93FE9034F384D321D30F94877825AF0
:10848C003CBF737FDD4F1575000000000000F03F0E
:10849C0000000000000024400000000000005940D3
:1084AC000000000000408F40000000000088C34026
:1084BC0000000000006AF8400000000080842E419B
:1084CC0000000000D01263410000000084D79741E7
:1084DC000000000065CDCD41000000205FA00242ED
:1084EC00000000E876483742000000A2941A6D4262
:1084FC00000040E59C30A2420000901EC4BCD64255
:10850C0000003426F56B0C430080E03779C34143FF
:10851C0000A0D8855734764300C84E676DC1AB4375
:10852C00003D9160E458E143408CB5781DAF154493
:10853C0050EFE2D6E41A4B4492D54D06CFF080446E
:10854C00F64AE1C7022DB544B49DD9794378EA4483
:10855C0000000101000101010102010102020102FE
:10856C0003010203020204020205020205030206D1
:10857C0003020703020704030704030705040705A6
:10858C000407060507060607060607070707070080
:10859C0000000000000000000000000800000000C7
:1085AC000000000000000000E0220020E422002077
:1085BC00E8220020FF007801800143028801870136
:1085CC008C018B01920191019501F60199019801A1
:1085DC009A013D029E012002A801A701AD01AC0148
:1085EC00B001AF01B901B801BD01BC01BF01F70178
:1085FC00C601C401C901C701CC01CA01DD018E014C
:10860C00F301F101F501F4013A02652C3C023B0245
:10861C003E02662C42024102530281015402860141
:10862C005602890157028A0159028F015B0290019F
:10863C00600293016302940168029701690296013A
:10864C006B02622C6F029C0172029D0175029F01EC
:10865C007D02642C8002A6018302A9018802AE016E
:10866C00890244028A02B1018B02B2018C024502DA
:10867C009202B7017B03FD037C03FE037D03FF0322
:10868C00AC038603C203A303CC038C03CD038E037C
:10869C00CE038F03F203F903F803F703FB03FA038A
:1086AC00CF04C0047D1D632C511F591F531F5B1F2A
:1086BC00551F5D1F571F5F1F781FF81F791FF91F6C
:1086CC00B31FBC1FCC1FC31FE51FEC1FFC1FF31FE8
:1086DC004E21322184218321612C602C762C752C27
:1086EC006100E01AE000E017F800E007000101303B
:1086FC0032010106390101104A01012E79010106EE
:10870C0082010104A0010106B3010104CD01011095
:10871C00DE010112F8010128220201124602010AAF
:10872C00AD03DB03B103E011C303E009D803011867
:10873C003004E0205004B010600401228A04013699
:10874C00C104010ED00401446105D026001E01961F
:10875C00A01E015A001F0808101F0806201F080839
:10876C00301F0808401F0806601F0808701F4A02C7
:10877C00721F5604761F64027A1F70027C1F7E02E1
:10878C00801F0808901F0808A01F0808B01F0802C7
:10879C00D01F0802E01F08027021F010D024E61A46
:1087AC00302CD02F672C0106802C0164002D002664
:1087BC0041FFE01A1F1C1F1E1F1E1F1F1E1F1E1F06
:1087CC001F1C1F1E1F1E1F1F1E1F1E1F6CC00F40B5
:1087DC00030000000E0D0000652201002A36000087
:1087EC00140000001300000001000000F4841F407E
:1087FC002B320000140000001300000001000000E8
:10880C00F8841F402D3100001400000013000000FC
:10881C0001000000F0841F402CFFFF00140000003A
:10882C00000000000000000001000000000000003B
:10883C00EC841F4000000000000000006CC00F40E2
:10884C0030000000100F000065220100012700001D
:10885C0017000000120000000001000014851F40EA
:10886C001AFF0000120000000000000001000000D0
:10887C0018851F401BFF00001200000000000000C4
:10888C000100000010851F400026FF0017000000AB
:10889C0012000000000000000101000001000000B7
:1088AC000C851F400C851F40000000006CC00F4061
:1088BC00C0000000504F0000412301000CFF0000DD
:1088CC0013000000000000000000000024851F4081
:1088DC000BFF00001300000000000000000000006F
:1088EC0028851F400DFF0000130000000000000051
:1088FC000000000020851F400A2524001300000002
:10890C001200000012000000010203000000000031
:10891C001C851F400000000000000000E00B002040
:10892C00C40700200C0C0020E4070020BC0700202A
:10893C00E00B0020080800200C0C00202C08002064
:10894C00440700200C0C0020540800207C07002059
:10895C000C0C0020800800207C070020E00B00207D
:10896C00AC0800200C0C0020C8080020B407002024
:10897C000C0C0020D8080020840700200C0C0020D0
:10898C00EC080020840700200C0C002000090020BB
:10899C00B4070020E00B002014090020E00B00209D
:1089AC00240900204E31305F5F637878616269760C
:1089BC003131355F5F666F726365645F756E7769C1
:1089CC006E6445004E31305F5F6378786162697622
:1089DC003131375F5F636C6173735F747970655F9E
:1089EC00696E666F450000004E31305F5F637878CA
:1089FC00616269763131395F5F666F726569676E86
:108A0C005F657863657074696F6E45004E31305FD9
:108A1C005F637878616269763132305F5F73695F6A
:108A2C00636C6173735F747970655F696E666F45B3
:108A3C00000000002A4E31325F474C4F42414C5FE0
:108A4C005F4E5F31323173797374656D5F6572722D
:108A5C006F725F63617465676F7279450000000027
:108A6C002A4E31325F474C4F42414C5F5F4E5F3173
:108A7C00323267656E657269635F6572726F725FC1
:108A8C0063617465676F7279450000004E537433EF
:108A9C005F563231346572726F725F6361746567F1
:108AAC006F72794500000000537431316C6F676947
:108ABC00635F6572726F7200537431326C656E67EE
:108ACC0074685F6572726F7200000000537431320B
:108ADC006F75745F6F665F72616E67650000000092
:108AEC00537431336261645F657863657074696F68
:108AFC006E000000537439657863657074696F6E2D
:108B0C0000000000537439747970655F696E666F8C
:108B1C0000000000000000000000000005660000DE
:108B2C0079250000BD2E0000BD290000D5540000A1
:108B3C00C1290000C5290000000000000000000051
:108B4C000D600000DD260000BD300000B1290000E2
:108B5C0065560000B5290000B9290000000000008E
:108B6C0000000000155A000041280000DD2B000019
:108B7C00A5290000F5570000A9290000AD29000027
:108B8C00000000000000000025730000FD720000D2
:108B9C00296D0000D572000059730000217200008D
:108BAC003D710000000000000000000061FD0000AD
:108BBC006DFD000065FD000009FE0000650501006B
:108BCC0095040100F10401008903010075FF000008
:108BDC00990901008DFC0000F1FC00003506010034
:108BEC0079FC00007DFC000085FC000089FC000085
:108BFC008DFF000049070100BD070100A50201001F
:108C0C0071FC000081FC000099080100CD050100F9
:108C1C007DFD00000000000000000000792A01002A
:108C2C00552F0100512F01004D2F0100492F01003C
:108C3C00452F0100412F01003D2F010000000000D5
:108C4C00000000008D6F0000F1730000296D000022
:108C5C003970000061700000E16F000011710000BC
:108C6C004D750000F57500000000000000000000CC
:108C7C0025730000FD720000296D0000D572000004
:108C8C0059730000217200003D71000000000000CB
:108C9C0000000000357400007574000009720000BB
:108CAC0011730000A5730000F9700000E972000058
:108CBC00856D0000BD740000C1700000DD70000007
:108CCC005D6D0000316D00005D6E0000597200009A
:108CDC0055710000156E00001D6F0000AD6E000098
:108CEC00C16D000081720000000000000000000057
:108CFC0021380100812A0100296D00002D6D000032
:108D0C002138010021380100213801000000000049
:108D1C0000000000DDA9000065AA000075AA000093
:108D2C0079AC00003DAC000089AB0000EDAB00005D
:108D3C003DAB0000EDAC0000B1AC0000FDAD00009F
:108D4C00D9AE0000D9A9000000000000000000000E
:108D5C00750B0100790B0100E9090100650F010099
:108D6C009D1A0100DD12010015F30000A50B010096
:108D7C00811A01006D1B010065130100FDEA000062
:108D8C00E5140100050B0100110B0100DD090100C8
:108D9C00E1090100E50901001D0B0100410B010077
:108DAC00650B0100E10F0100890B0100C90D0100E9
:108DBC002D100100ED100100000000004407002000
:108DCC00F96301000D640100F55C0100F55C010024
:108DDC0089640100B96301006D640100296401001C
:108DEC00ED6301000000000058070020D55B010076
:108DFC00E95B0100F55C0100F55C01008964010090
:108E0C00B9630100C55C0100415C0100055C010017
:108E1C000000000064070020E9610100BD62010050
:108E2C005D610100C962010015620100656101000C
:108E3C00FD620100F56101000000000070070020D8
:108E4C0059610100B162010039610100C962010080
:108E5C0015620100ED61010041610100F561010045
:108E6C000000000084070020315E0100F15E01006B
:108E7C002D5E01000000000090070020715E0100D3
:108E8C00395F01002D5E0100000000009C070020EE
:108E9C00B15E0100815F01002D5E01000000000049
:108EAC00A807002009540100155401000D540100BD
:108EBC00D8399D270054EA2A00A4781F007B9A1702
:108ECC00002020202020202020202828282828208E
:108EDC002020202020202020202020202020202086
:108EEC0020881010101010101010101010101010EE
:108EFC0010040404040404040404041010101010DE
:108F0C0010104141414141410101010101010101A7
:108F1C0001010101010101010101010110101010F9
:108F2C001010424242424242020202020202020279
:108F3C0002020202020202020202020210101010CD
:108F4C0020000000000000000000000000000000F5
:108F5C000000000000000000000000000000000005
:108F6C0000000000000000000000000000000000F5
:108F7C0000000000000000000000000000000000E5
:108F8C0000000000000000000000000000000000D5
:108F9C0000000000000000000000000000000000C5
:108FAC0000000000000000000000000000000000B5
:108FBC0000000000000000000000000000000000A5
:108FCC000000000020202020202020202020202015
:108FDC002020202020202020202020202020202085
:108FEC0020202020C82600200B000000C8260020CE
:108FFC000B00000000000000D4260020040000003C
:10900C00DC2600200700000007000000E4260020FA
:10901C0004000000EC26002004000000000000000A
:10902C00F426002006000000F426002006000000B4
:10903C0008000000FC2600200B000000FC2600208D
:10904C000B000000080000000827002005000000AD
:10905C000827002005000000080000001027002051
:10906C000A000000102700200A0000000800000081
:10907C001C2700200D0000001C2700200D00000004
:10908C00000000002C270020030000002C270020EB
:10909C000300000001000000302700200C0000003D
:1090AC004027002008000000020000000000000023
:1090BC0000000000000000000000000000000000A4
:1090CC00283000200400000028300020040000009C
:1090DC00030000004C2700200D0000004C2700204E
:1090EC000D000000040000005C27002008000000B8
:1090FC005C2700200800000000000000682700200A
:10910C001100000068270020110000000000000082
:10911C000000000000000000000000000000000043
:10912C000000000000000000000000000000000033
:10913C000000000000000000000000000000000023
:10914C000000000000000000000000007C27002050
:10915C00050000007C270020050000000000000036
:10916C00842700200E000000842700200E00000041
:10917C0000000000000000000000000000000000E3
:10918C0000000000000000009427002004000000F4
:10919C009427002004000000090000009C270020F8
:1091AC0007000000E426002004000000000000007E
:1091BC00A427002009000000283000200400000033
:1091CC0005000000B027002012000000B02700208E
:1091DC001200000006000000E81900200300000047
:1091EC00E81900200300000000000000C427002044
:1091FC0009000000C4270020090000000000000046
:10920C00D027002009000000D02700200900000012
:10921C0000000000DC2700200A000000DC270020F2
:10922C000A00000000000000E827002004000000F5
:10923C00E82700200400000008000000F0270020B0
:10924C0007000000F02700200700000000000000CD
:10925C00F827002008000000F82700200800000074
:10926C000000000004280020080000000428002052
:10927C000800000000000000701F0020110000001A
:10928C00701F0020110000000000000010280020BA
:10929C000600000010280020060000000800000056
:1092AC00182800200F000000182800200F000000D4
:1092BC00080000007C240020802400200200000014
:1092CC0002000000842400208824002001000000FB
:1092DC00020000008C2400209422002002000000D8
:1092EC0002000000902400209424002001000000C3
:1092FC0001000000982400209424002001000000AC
:10930C0002000000142800209C240020080000000B
:10931C0001000000A8240020AC240020090000005B
:10932C0001000000B82400209C240020080000004C
:10933C0001000000BC240020C02400200A00000012
:10934C00020000004C210020CC2400200200000070
:10935C0002000000D0240020D424002001000000D2
:10936C0002000000D8240020DC24002001000000B2
:10937C0001000000E0240020E42400200200000092
:10938C0002000000E8240020EC240020060000006D
:10939C0003000000F4240020F82400200900000041
:1093AC000100000004250020082500200C0000000E
:1093BC0002000000182500201C25002001000000E0
:1093CC00010000002025002088240020010000005E
:1093DC0002000000242500202825002007000000A2
:1093EC000100000030250020342500200200000080
:1093FC000200000038250020882600200100000013
:10940C00020000003C250020402500200100000047
:10941C000200000044250020F0240020020000007F
:10942C0002000000482500204C250020020000000E
:10943C0002000000502500205425002001000000EF
:10944C0002000000582500205C25002002000000CE
:10945C000200000060250020E81900200300000035
:10946C000300000064250020E81900200300000020
:10947C000300000068250020E8190020030000000C
:10948C00020000006C250020E819002003000000F9
:10949C0002000000F42B00207025002002000000C8
:1094AC000200000074250020901F00200200000024
:1094BC000100000078250020C023002001000000DE
:1094CC0002000000502100207C250020020000003A
:1094DC0002000000802500208425002003000000ED
:1094EC0002000000242D002088250020020000002E
:1094FC00020000008C250020902500200B000000AD
:10950C00010000009C250020A02500200200000086
:10951C0002000000A4250020A82500200100000066
:10952C0002000000AC250020B02500200200000045
:10953C0002000000B4250020B82500200200000025
:10954C0002000000BC2500206C1C00200100000063
:10955C0002000000C02500201C2500200100000096
:10956C0002000000C4250020C825002002000000D5
:10957C0001000000CC250020D025002005000000B3
:10958C0003000000D8250020DC250020020000008C
:10959C0002000000C02700206C1C0020010000000D
:1095AC0001000000E0250020E4250020010000005F
:1095BC0001000000E8250020EC250020030000003D
:1095CC0003000000F0250020F42500200800000016
:1095DC0001000000002600200426002002000000EC
:1095EC0002000000082600200C26002002000000CB
:1095FC0002000000902D0020102600200100000029
:10960C000200000014260020182600200200000092
:10961C00020000001C260020202600200100000073
:10962C000200000024260020282600200300000051
:10963C00020000002C260020302600200200000032
:10964C00010000003426002020260020010000002C
:10965C0001000000382600203C26002002000000FB
:10966C0002000000542100204026002001000000D0
:10967C0003000000442600204826002002000000C1
:10968C00020000004C2600205026002003000000A1
:10969C000200000054260020582600201000000074
:1096AC00020000006C260020702600200100000043
:1096BC000200000074260020782600200200000022
:1096CC00020000007C2600208026002009000000FB
:1096DC00010000008C2600208026002009000000DC
:1096EC000100000090260020942600200B000000B2
:1096FC00020000003C220020A026002003000000F5
:10970C0002000000C8240020A4260020070000004E
:10971C0001000000AC260020A42600200700000059
:10972C0001000000B0260020B42600200500000037
:10973C0000000000BC260020C0260020060000000F
:10974C00010000000000000000000000000000000C
:10975C000000000000000042C8801F40B8821F407B
:10976C000800000000000042C4801F40B4821F406B
:10977C000400000000C0004224801F4014821F40DF
:10978C001000000000C0004228801F4018821F40BB
:10979C002000000000C000422C801F401C821F4093
:1097AC004000000000C0004234801F4024821F4053
:1097BC00000100000040004264811F4054831F40A0
:1097CC00000400000040004280811F4070831F4055
:1097DC0000000200004000427C811F406C831F404F
:1097EC00000001000040004268811F4058831F4068
:1097FC0000080000004000423C811F402C831F40A9
:10980C00010000000040004244811F4034831F408F
:10981C00040000000040004240811F4030831F4084
:10982C00020000000040004248811F4038831F4066
:10983C00080000000000004204811F40F4821F4019
:10984C00000004000000004208811F40F8821F4005
:10985C00000008000000004218811F4008831F40D0
:10986C00000080000000004214811F4004831F4050
:10987C00000040000000004200811F40F0821F40A9
:10988C000000020000000042FC801F40EC821F40E0
:10989C00000001000000004224811F4014831F407F
:1098AC00000000040000004228811F4018831F4064
:1098BC0000000008000000421C811F400C831F4068
:1098CC00000000010000004220811F4010831F4057
:1098DC000000000200000042EC801F40DC821F40B0
:1098EC000010000000000042F0801F40E0821F408A
:1098FC00002000000000004234811F4024831F40E0
:10990C00000000400000004238811F4028831F40A7
:10991C00000000800080004294801F4084821F4021
:10992C000000040000C0004290801F4080821F4055
:10993C000000008000800042A8801F4098821F40D9
:10994C000000800000800042A4801F4094821F40D1
:10995C0000004000004000426C811F405C831F40AF
:10996C000010000000C0004230801F4020821F40C9
:10997C008000000000400042B0811F40A0831F40C7
:10998C000000002000400042AC811F409C831F401F
:10999C00000000100040004284811F4074831F406F
:1099AC00000004000040004288811F4078831F4063
:1099BC0000000800000000422C811F401C831F4047
:1099CC00000000100000004230811F4020831F4027
:1099DC0000000020000000420C811F40FC821F4050
:1099EC00000010000000004210811F4000831F4047
:1099FC000000200000800042C8811F40B8831F4037
:109A0C000080000000800042C4811F40B4831F40CE
:109A1C000040000000800042C0811F40B0831F4006
:109A2C000020000000800042BC811F40AC831F401E
:109A3C000010000000800042D0811F40C0831F40F6
:109A4C000000020000800042CC811F40BC831F40FC
:109A5C000000010000C0004274801F4064821F405F
:109A6C000000000100C0004280801F4070821F4037
:109A7C000000000800C0004284801F4074821F4018
:109A8C000000001000C000426C801F405C821F4030
:109A9C000000400000C000427C801F406C821F40D0
:109AAC000000000400C0004278801F4068821F4004
:109ABC000000000200C0004288801F4078821F40D6
:109ACC000000002005000000190000007D000000CF
:109ADC0007080C0B06050F000D0E01028384070806
:109AEC000C0B06050F000D0E01028384FFFFFFFF18
:109AFC00FFFFFFFFFFFF8182090A0000426F6F74B6
:109B0C00696E672E2E2E0000426F6F746564000024
:109B1C000A0D7261775F61707073313A200000003A
:109B2C000A0D7261775F61707073323A2000000029
:109B3C000A0D7261775F6272616B653A20000000FA
:109B4C0054726163746976652073797374656D20E2
:109B5C0064697361626C65642C2077616974696EE9
:109B6C006720666F7220545320766F6C7461676542
:109B7C00000000004661696C656420746F20626FA0
:109B8C006F742C204552524F523A2000456E74652A
:109B9C0072696E672054524143544956455F53597C
:109BAC005354454D5F454E455247495A4544000074
:109BBC004361722069732077616974696E67206FE5
:109BCC006E206472697665722E2E2E004661696C69
:109BDC00656420746F20656E746572205452414325
:109BEC00544956455F53595354454D5F5052454364
:109BFC0048415247494E472C204552524F523A2029
:109C0C0000000000456E746572696E672054524105
:109C1C0043544956455F53595354454D5F454E4146
:109C2C00424C45440000000043617220697320706F
:109C3C00726570696E6720746F2052697000000045
:109C4C004661696C656420746F20656E7465722062
:109C5C0054524143544956455F53595354454D5FF3
:109C6C00454E41424C45442C204552524F523A20CD
:109C7C0000000000536F6D657468696E672069732E
:109C8C006E277420736166652C206C656176696E35
:109C9C006720454E455247495A45442C204552525F
:109CAC004F523A2000000000526561647920746FB5
:109CBC0020526970000000004661696C6564207474
:109CCC006F20656E7465722052454144595F544F44
:109CDC005F44524956452C204552524F523A20006F
:109CEC00536F6D657468696E672069736E27742095
:109CFC00736166652C206C656176696E67205254C1
:109D0C00442C204552524F523A20000041626F724F
:109D1C0074696E67206C61756E63682C20455252B5
:109D2C004F523A200000000045786974696E672034
:109D3C006C61756E6368000062617369635F737454
:109D4C0072696E673A20636F6E73747275637469AF
:109D5C006F6E2066726F6D206E756C6C206973204F
:109D6C006E6F742076616C6964000000544F525120
:109D7C0055455F4C494D49545F4E4D5F783130002D
:109D8C00534F46545F4D4F544F525F52504D5F4CA2
:109D9C00494D49545F783130000000004D41585F07
:109DAC004D4F544F525F52504D5F4C494D49545F8B
:109DBC00783130004252414B455F53504545445F2A
:109DCC0052504D5F78313000504F5745525F4C49DF
:109DDC004D49545F4B575F7831300000494E564522
:109DEC00525445525F4348415247455F4C494D4997
:109DFC0054000000494E5645525445525F44495355
:109E0C004348415247455F4C494D495400000000BE
:109E1C0061727261793A3A61743A205F5F6E202800
:109E2C00776869636820697320257A7529203E3D1F
:109E3C00205F4E6D20287768696368206973202540
:109E4C007A7529004D44595F000000002D00000078
:109E5C005F484D535F0000002E63737600000000D6
:109E6C0044657669636520697320746F6F20736D28
:109E7C00616C6C0D0A00000057726974696E672082
:109E8C00464154200000000057726974696E6720C7
:109E9C00757063617365207461626C650D0A0000F6
:109EAC0057726974696E6720726F6F740D0A0000C7
:109EBC00466F726D617420646F6E650D0A00000050
:109ECC00466F726D6174206661696C65640D0A0081
:109EDC00455846415400000042616420636C757320
:109EEC0074657220636F756E740D0A004361726441
:109EFC0020697320746F6F20736D616C6C2E0D0A6A
:109F0C0000000000466F726D617420446F6E650D29
:109F1C000A000000466F726D6174204661696C65C1
:109F2C00640D0A006E6F7420656E6F756768207320
:109F3C007061636520666F7220666F726D6174204C
:109F4C00657870616E73696F6E2028506C656173F3
:109F5C0065207375626D69742066756C6C20627512
:109F6C0067207265706F72742061742068747470ED
:109F7C00733A2F2F6763632E676E752E6F72672F80
:109F8C00627567732F293A0A2020202000000000F8
:109F9C003031323334353637383900006261736909
:109FAC00635F737472696E673A3A5F4D5F63726593
:109FBC0061746500474C49424358585F54554E41B3
:109FCC00424C4553000000006F626A5F73697A650A
:109FDC00000000006F626A5F636F756E74000000B2
:109FEC00676C69626378782E65685F706F6F6C0060
:109FFC007374643A3A6261645F657863657074691E
:10A00C006F6E00007465726D696E617465206361BA
:10A01C006C6C6564207265637572736976656C79B6
:10A02C000A0000007465726D696E6174652063616D
:10A03C006C6C6564206166746572207468726F77ED
:10A04C00696E6720616E20696E7374616E63652042
:10A05C006F66202700000000270A00007465726DEF
:10A06C00696E6174652063616C6C656420776974DA
:10A07C00686F757420616E20616374697665206504
:10A08C007863657074696F6E0A0000002020776831
:10A09C00617428293A20200062617369635F7374CC
:10A0AC0072696E673A3A5F535F636F6E7374727561
:10A0BC006374206E756C6C206E6F742076616C69A5
:10A0CC006400000062617369635F737472696E6728
:10A0DC003A3A5F535F6372656174650067656E65DC
:10A0EC007269630073797374656D0000556E6B6EE5
:10A0FC006F776E206572726F72000000256400002D
:10A10C005F474C4F42414C5F0000000028616E6F6E
:10A11C006E796D6F7573206E616D657370616365BB
:10A12C00290000006175746F000000006465636CA9
:10A13C0074797065286175746F2900007374726985
:10A14C006E67206C69746572616C000073746400D6
:10A15C006465636C74797065286E756C6C70747260
:10A16C00290000005B6162693A0000002C200000AD
:10A17C003A3A00007B64656661756C7420617267A5
:10A18C00230000007D3A3A006175746F3A000000BC
:10A19C0074656D706C61746520706172616D65744D
:10A1AC006572206F626A65637420666F72200000AE
:10A1BC00696E697469616C697A657220666F722068
:10A1CC006D6F64756C652000767461626C652066D9
:10A1DC006F72200056545420666F722000000000ED
:10A1EC00636F6E737472756374696F6E20767461CD
:10A1FC00626C6520666F7220000000002D696E2D68
:10A20C000000000074797065696E666F20666F726D
:10A21C002000000074797065696E666F206E616D48
:10A22C006520666F7220000074797065696E666FC8
:10A23C0020666E20666F7220000000006E6F6E2D1F
:10A24C007669727475616C207468756E6B20746FAE
:10A25C0020000000636F76617269616E7420726514
:10A26C007475726E207468756E6B20746F200000AC
:10A27C006A61766120436C61737320666F72200093
:10A28C006775617264207661726961626C652066C3
:10A29C006F722000544C5320696E69742066756E81
:10A2AC006374696F6E20666F72200000544C5320EB
:10A2BC00777261707065722066756E6374696F6E0B
:10A2CC0020666F72200000007265666572656E63B1
:10A2DC00652074656D706F726172792023000000C7
:10A2EC0068696464656E20616C69617320666F7265
:10A2FC00200000006E6F6E2D7472616E736163745A
:10A30C00696F6E20636C6F6E6520666F7220000043
:10A31C006F70657261746F72000000006F7065720F
:10A32C0061746F72200000003E280000636C000016
:10A33C006978000071750000203A20006E65772066
:10A34C0000000000756C00006C6C0000756C6C00FB
:10A35C0066616C7365000000747275650000000026
:10A36C006A617661207265736F7572636520000097
:10A37C006465636C74797065202800007468697377
:10A38C00000000007B7061726D230000676C6F62CF
:10A39C00616C20636F6E7374727563746F7273206B
:10A3AC006B6579656420746F20000000676C6F62C8
:10A3BC00616C2064657374727563746F7273206B57
:10A3CC006579656420746F20000000007B6C616D02
:10A3DC0062646100292300007B756E6E616D65649B
:10A3EC002074797065230000205B636C6F6E6520B0
:10A3FC00000000005B667269656E645D0000000021
:10A40C00747970656E616D650000000074656D7027
:10A41C006C6174650000000020636C617373000054
:10A42C002072657175697265732000002072657306
:10A43C00747269637400000020766F6C6174696CCF
:10A44C006500000020636F6E7374000020747261ED
:10A45C006E73616374696F6E5F7361666500000093
:10A46C00206E6F65786365707400000020746872EC
:10A47C006F77000026260000205F436F6D706C65BF
:10A48C0078000000205F496D6167696E6172790028
:10A49C003A3A2A00205F5F766563746F7228000079
:10A4AC007468697320000000282E2E2E0000000016
:10A4BC002E2E2E2900000000202E2E2E2000000013
:10A4CC0024540000244E0000245454007374643A45
:10A4DC003A616C6C6F6361746F720000616C6C6FCD
:10A4EC006361746F720000007374643A3A62617352
:10A4FC0069635F737472696E6700000062617369EF
:10A50C00635F737472696E67000000007374643A61
:10A51C003A737472696E67007374643A3A62617369
:10A52C0069635F737472696E673C636861722C2037
:10A53C007374643A3A636861725F747261697473BC
:10A54C003C636861723E2C207374643A3A616C6CA3
:10A55C006F6361746F723C636861723E203E0000F1
:10A56C007374643A3A6973747265616D000000002B
:10A57C007374643A3A62617369635F697374726588
:10A58C00616D3C636861722C207374643A3A636841
:10A59C0061725F7472616974733C636861723E20AE
:10A5AC003E00000062617369635F69737472656178
:10A5BC006D0000007374643A3A6F73747265616D68
:10A5CC00000000007374643A3A62617369635F6FF0
:10A5DC0073747265616D3C636861722C2073746472
:10A5EC003A3A636861725F7472616974733C636850
:10A5FC0061723E203E00000062617369635F6F739D
:10A60C00747265616D0000007374643A3A696F731B
:10A61C00747265616D0000007374643A3A62617320
:10A62C0069635F696F73747265616D3C63686172B5
:10A63C002C207374643A3A636861725F7472616956
:10A64C0074733C636861723E203E00006261736902
:10A65C00635F696F73747265616D0000614E000019
:10A66C00263D0000615300003D00000061610000C8
:10A67C006164000026000000616E0000616C696777
:10A68C006E6F66200000000061770000636F5F61F1
:10A69C007761697420000000617A00006363000038
:10A6AC00636F6E73745F636173740000282900001C
:10A6BC00636D00002C000000636F00007E00000042
:10A6CC00645600002F3D0000645800005B2E2E2EB7
:10A6DC005D3D00006461000064656C6574655B5DE4
:10A6EC00200000006463000064796E616D69635F33
:10A6FC006361737400000000646500002A000000B0
:10A70C0064690000646C000064656C65746520000D
:10A71C00647300002E2A000064740000647600004C
:10A72C002F00000064780000654F00005E3D0000C3
:10A73C00656F00005E000000657100003D3D00008B
:10A74C00664C000066520000666C000066720000E9
:10A75C003E3D000067730000677400005B5D000005
:10A76C006C5300003C3C3D003C3D00006C6900001B
:10A77C006F70657261746F72222220006C7300001E
:10A78C003C3C00006C7400003C0000006D49000073
:10A79C002D3D00006D4C00002A3D00006D6900004D
:10A7AC006D6C00006D6D00002D2D00006E610000C1
:10A7BC006E65775B5D0000006E650000213D00005A
:10A7CC006E740000210000006E7700006E6577004B
:10A7DC006E7800006E6F6578636570740000000021
:10A7EC006F5200007C3D00006F6F00007C7C00000D
:10A7FC007C000000704C00002B3D0000706C0000D1
:10A80C002B000000706D00002D3E2A0070700000BF
:10A81C002B2B000070730000707400002D3E0000A4
:10A82C003F000000724D0000253D000072530000F7
:10A83C003E3E3D00726300007265696E7465727015
:10A84C007265745F6361737400000000726D0000C8
:10A85C0025000000727300003E3E000073500000A3
:10A86C0073697A656F662E2E2E000000735A0000F5
:10A87C00736300007374617469635F636173740064
:10A88C003C3D3E0073697A656F662000737A000068
:10A89C00747200007468726F7700000074770000A7
:10A8AC007468726F772000007369676E656420634B
:10A8BC0068617200626F6F6C00000000626F6F6CF9
:10A8CC0065616E00636861720000000062797465F6
:10A8DC0000000000646F75626C6500006C6F6E6741
:10A8EC0020646F75626C6500666C6F6174000000AB
:10A8FC005F5F666C6F61743132380000756E73691E
:10A90C00676E65642063686172000000696E740094
:10A91C00756E7369676E656420696E740000000063
:10A92C00756E7369676E656400000000756E7369FF
:10A93C00676E6564206C6F6E670000005F5F696E08
:10A94C007431323800000000756E7369676E65648F
:10A95C00205F5F696E7431323800000073686F726B
:10A96C0074000000756E7369676E65642073686FA0
:10A97C0072740000766F6964000000007763686190
:10A98C00725F74006C6F6E67206C6F6E67000000F6
:10A99C00756E7369676E6564206C6F6E67206C6F83
:10A9AC006E670000646563696D616C333200000092
:10A9BC00646563696D616C363400000064656369BD
:10A9CC006D616C313238000068616C66000000000B
:10A9DC0063686172385F74006368617231365F74EA
:10A9EC00000000006368617233325F740000000085
:10A9FC005F466C6F617400007374643A3A62666C03
:10AA0C006F617431365F7400303132333435363720
:10AA1C0038396162636465666768696A6B6C6D6E10
:10AA2C006F707172737475767778797A00000000A4
:10AA3C004C435F434F4C4C41544500004C435F43E7
:10AA4C0054595045000000004C435F4D4F4E455447
:10AA5C00415259004C435F4E554D455249430000FD
:10AA6C004C435F54494D45004C435F4D4553534156
:10AA7C004745530042616C6C6F632073756363656B
:10AA8C0065646564000000002F646174612F6A6561
:10AA9C006E6B696E732F776F726B73706163652F5A
:10AAAC00474E552D746F6F6C636861696E2F6172C0
:10AABC006D2D31342F7372632F6E65776C69622D37
:10AACC0063796777696E2F6E65776C69622F6C6935
:10AADC0062632F7374646C69622F6D707265632E80
:10AAEC0063000000494E4600696E66004E414E0000
:10AAFC006E616E003031323334353637383961623D
:10AB0C00636465660000000030313233343536370B
:10AB1C00383941424344454600000000286E756CAC
:10AB2C006C2900003000000053756363657373007B
:10AB3C004E6F74206F776E65720000004E6F20733D
:10AB4C007563682066696C65206F72206469726534
:10AB5C0063746F72790000004E6F20737563682008
:10AB6C0070726F6365737300496E74657272757081
:10AB7C007465642073797374656D2063616C6C000B
:10AB8C00492F4F206572726F720000004E6F207358
:10AB9C0075636820646576696365206F72206164F3
:10ABAC006472657373000000417267206C69737482
:10ABBC0020746F6F206C6F6E6700000045786563C2
:10ABCC0020666F726D6174206572726F7200000086
:10ABDC00536F636B657420616C726561647920637B
:10ABEC006F6E6E65637465640000000042616420E2
:10ABFC0066696C65206E756D626572004E6F2063C0
:10AC0C0068696C6472656E0044657374696E617416
:10AC1C00696F6E20616464726573732072657175FF
:10AC2C0069726564000000004E6F206D6F726520C4
:10AC3C0070726F6365737365730000004E6F7420E0
:10AC4C00656E6F7567682073706163650000000046
:10AC5C005065726D697373696F6E2064656E69659A
:10AC6C006400000042616420616464726573730067
:10AC7C00446576696365206F72207265736F7572B7
:10AC8C00636520627573790046696C652065786927
:10AC9C007374730043726F73732D646576696365A7
:10ACAC00206C696E6B0000004E6F2073756368201A
:10ACBC0064657669636500004E6F74206120646979
:10ACCC00726563746F727900486F737420697320B6
:10ACDC00646F776E00000000436F6E6E656374697D
:10ACEC006F6E20616C726561647920696E20707280
:10ACFC006F67726573730000497320612064697219
:10AD0C006563746F72790000496E76616C696420BA
:10AD1C00617267756D656E74000000004E65747726
:10AD2C006F726B20696E74657266616365206973FE
:10AD3C00206E6F7420636F6E666967757265640050
:10AD4C00436F6E6E656374696F6E2061626F7274AF
:10AD5C006564206279206E6574776F726B000000F9
:10AD6C00546F6F206D616E79206F70656E2066690F
:10AD7C006C657320696E2073797374656D000000C7
:10AD8C0046696C652064657363726970746F7220B8
:10AD9C0076616C756520746F6F206C6172676500ED
:10ADAC004E6F7420612063686172616374657220F8
:10ADBC006465766963650000546578742066696C17
:10ADCC00652062757379000046696C6520746F6F3D
:10ADDC00206C617267650000486F73742069732082
:10ADEC00756E726561636861626C65004E6F20738D
:10ADFC0070616365206C656674206F6E2064657687
:10AE0C00696365004E6F7420737570706F72746532
:10AE1C0064000000496C6C6567616C207365656B40
:10AE2C0000000000526561642D6F6E6C79206669BC
:10AE3C006C652073797374656D000000546F6F201E
:10AE4C006D616E79206C696E6B73000042726F6B72
:10AE5C00656E2070697065004D617468656D617414
:10AE6C0069637320617267756D656E74206F75749C
:10AE7C00206F6620646F6D61696E206F6620667549
:10AE8C006E6374696F6E0000526573756C74207418
:10AE9C006F6F206C61726765000000004E6F206D53
:10AEAC00657373616765206F66206465736972658D
:10AEBC0064207479706500004964656E7469666914
:10AECC0065722072656D6F7665640000496C6C6507
:10AEDC0067616C20627974652073657175656E634A
:10AEEC0065000000446561646C6F636B00000000DA
:10AEFC004E6574776F726B20697320756E72656125
:10AF0C00636861626C6500004E6F206C6F636B0050
:10AF1C004E6F7420612073747265616D00000000C7
:10AF2C0053747265616D20696F63746C2074696D04
:10AF3C00656F7574000000004E6F2073747265614C
:10AF4C006D207265736F75726365730056697274E8
:10AF5C0075616C206369726375697420697320670D
:10AF6C006F6E650050726F746F636F6C20657272D8
:10AF7C006F720000556E6B6E6F776E2070726F740F
:10AF8C006F636F6C000000004D756C7469686F70B6
:10AF9C0020617474656D7074656400004261642096
:10AFAC006D6573736167650046756E6374696F6E6A
:10AFBC00206E6F7420696D706C656D656E74656460
:10AFCC00000000004469726563746F7279206E6FC3
:10AFDC007420656D7074790046696C65206F722001
:10AFEC0070617468206E616D6520746F6F206C6F7A
:10AFFC006E670000546F6F206D616E792073796DF0
:10B00C00626F6C6963206C696E6B73004E6F2062AB
:10B01C00756666657220737061636520617661691F
:10B02C006C61626C650000004E6F2064617461009D
:10B03C00416464726573732066616D696C79206E0E
:10B04C006F7420737570706F7274656420627920F0
:10B05C0070726F746F636F6C2066616D696C7900D0
:10B06C0050726F746F636F6C2077726F6E672074A1
:10B07C0079706520666F7220736F636B6574000066
:10B08C00536F636B6574206F7065726174696F6E5A
:10B09C00206F6E206E6F6E2D736F636B6574000086
:10B0AC0050726F746F636F6C206E6F742061766179
:10B0BC00696C61626C650000436F6E6E65637469E8
:10B0CC006F6E20726566757365640000436F6E6EFB
:10B0DC00656374696F6E2072657365742062792084
:10B0EC0070656572000000004164647265737320C2
:10B0FC00616C726561647920696E207573650000FE
:10B10C0041646472657373206E6F7420617661693B
:10B11C006C61626C65000000536F667477617265D8
:10B12C002063617573656420636F6E6E656374690B
:10B13C006F6E2061626F727400000000536F636B5E
:10B14C006574206973206E6F7420636F6E6E656317
:10B15C0074656400536F636B657420697320616C54
:10B16C00726561647920636F6E6E656374656400EB
:10B17C004F7065726174696F6E2063616E63656C8C
:10B18C00656400005374617465206E6F7420726581
:10B19C00636F76657261626C650000005072657653
:10B1AC00696F7573206F776E6572206469656400D2
:10B1BC004F7065726174696F6E206E6F7420737559
:10B1CC0070706F72746564206F6E20736F636B6543
:10B1DC007400000056616C756520746F6F206C6193
:10B1EC0072676520666F7220646566696E6564209F
:10B1FC006461746120747970650000004D6573732F
:10B20C0061676520746F6F206C6F6E6700000000C3
:10B21C00436F6E6E656374696F6E2074696D6564DF
:10B22C00206F7574000000002C2066756E637469C5
:10B23C006F6E3A2000000000617373657274696F61
:10B24C006E2022257322206661696C65643A206643
:10B25C00696C6520222573222C206C696E65202573
:10B26C0064257325730A0000496E66696E697479EA
:10B27C00000000004E614E002F646174612F6A65FE
:10B28C006E6B696E732F776F726B73706163652F62
:10B29C00474E552D746F6F6C636861696E2F6172C8
:10B2AC006D2D31342F7372632F6E65776C69622D3F
:10B2BC0063796777696E2F6E65776C69622F6C693D
:10B2CC0062632F7374646C69622F64746F612E6394
:10B2DC0000000000740000006C1F00200300000040
:10B2EC006C1F0020030000000000000000000000A4
:10B2FC0061000000EC2200200E000000EC22002077
:10B30C000E000000FC22002009000000620000007A
:10B31C000823002011000000082300201100000069
:10B32C001C2300200C000000730000002C230020C4
:10B33C000B00000038230020460000001C230020D6
:10B34C000C00000069000000802300200C000000AD
:10B35C009023002031000000C42300200D000000C9
:10B36C006F000000D42300200C000000E423002018
:10B37C0031000000182400200D00000064000000C3
:10B38C00282400200D00000038240020320000008A
:10B39C006C2400200E00000000010000083B00207F
:10B3AC001200000000060000F41E00600A000000FD
:10B3BC0000020000901E0060620000000007000008
:10B3CC002C1E006062000000EE030000483B0020D1
:10B3DC0012000000000004EE203B002028000000BA
:10B3EC0000030000281E0060000000000103090497
:10B3FC00101E00600000000002030904F81D00602C
:10B40C000000000003030904B83B0020000000000A
:10B41C000000000000000000000000003030303060
:10B42C003030303030303030303030303030303010
:10B43C0030303030303030303030303000000000C0
:10B44C00000000000000000060320020603200208C
:10B45C0068320020683200207032002070320020E8
:10B46C007832002078320020803200208032002098
:10B47C008832002088320020903200209032002048
:10B48C009832002098320020A0320020A0320020F8
:10B49C00A8320020A8320020B0320020B0320020A8
:10B4AC00B8320020B8320020C0320020C032002058
:10B4BC00C8320020C8320020D0320020D032002008
:10B4CC00D8320020D8320020E0320020E0320020B8
:10B4DC00E8320020E8320020F0320020F032002068
:10B4EC00F8320020F8320020003300200033002016
:10B4FC0008330020083300201033002010330020C4
:10B50C001833002018330020203300202033002073
:10B51C002833002028330020303300203033002023
:10B52C0038330020383300204033002040330020D3
:10B53C004833002048330020503300205033002083
:10B54C005833002058330020603300206033002033
:10B55C0068330020683300207033002070330020E3
:10B56C007833002078330020803300208033002093
:10B57C008833002088330020903300209033002043
:10B58C009833002098330020A0330020A0330020F3
:10B59C00A8330020A8330020B0330020B0330020A3
:10B5AC00B8330020B8330020C0330020C033002053
:10B5BC00C8330020C8330020D0330020D033002003
:10B5CC00D8330020D8330020E0330020E0330020B3
:10B5DC00E8330020E8330020F0330020F033002063
:10B5EC00F8330020F8330020003400200034002011
:10B5FC0008340020083400201034002010340020BF
:10B60C00183400201834002020340020203400206E
:10B61C00283400202834002030340020303400201E
:10B62C0038340020383400204034002040340020CE
:10B63C00483400204834002050340020503400207E
:10B64C00583400205834002060340020603400202E
:10B65C0068340020683400207034002070340020DE
:10B66C00783400207834002080340020803400208E
:10B67C00883400208834002090340020903400203E
:10B68C009834002098340020A0340020A0340020EE
:10B69C00A8340020A8340020B0340020B03400209E
:10B6AC00B8340020B8340020C0340020C03400204E
:10B6BC00C8340020C8340020D0340020D0340020FE
:10B6CC00D8340020D8340020E0340020E0340020AE
:10B6DC00E8340020E8340020F0340020F03400205E
:10B6EC00F8340020F834002000350020003500200C
:10B6FC0008350020083500201035002010350020BA
:10B70C001835002018350020203500202035002069
:10B71C002835002028350020303500203035002019
:10B72C0038350020383500204035002040350020C9
:10B73C004835002048350020503500205035002079
:10B74C005835002058350020603500206035002029
:10B75C0068350020683500207035002070350020D9
:10B76C007835002078350020803500208035002089
:10B77C008835002088350020903500209035002039
:10B78C009835002098350020A0350020A0350020E9
:10B79C00A8350020A8350020B0350020B035002099
:10B7AC00B8350020B8350020C0350020C035002049
:10B7BC00C8350020C8350020D0350020D0350020F9
:10B7CC00D8350020D8350020E0350020E0350020A9
:10B7DC00E8350020E8350020F0350020F035002059
:10B7EC00F8350020F8350020003600200036002007
:10B7FC0008360020083600201036002010360020B5
:10B80C001836002018360020203600202036002064
:10B81C002836002028360020303600203036002014
:10B82C0038360020383600204036002040360020C4
:10B83C004836002048360020503600205036002074
:10B84C005836002058360020000000005802032013
:10B85C00C0020320280303200000000000000000A9
:10B86C0000000000000000000000000000000000CC
:10B87C0000000000000000000000000000000000BC
:10B88C0000000000000000000000000000000000AC
:10B89C00000000000000000000000000000000009C
:10B8AC00000000000000000000000000000000008C
:10B8BC00000000000000000000000000000000007C
:10B8CC00000000000000000000000000000000006C
:10B8DC00000000000000000000000000000000005C
:10B8EC0001000000000000000E33CDAB34126DE6F9
:10B8FC00ECDE05000B000000000000000000000062
:10B90C00000000000000000000000000000000002B
:10B91C00000000000000000000000000000000001B
:10B92C00000000000000000000000000000000000B
:10B93C0000000000000000000000000000000000FB
:10B94C0000000000000000000000000000000000EB
:10B95C0000000000000000000000000000000000DB
:10B96C0000000000000000000000000000000000CB
:10B97C0000000000000000000000000000000000BB
:10B98C0000000000000000000000000000000000AB
:10B99C00000000000000000000000000000000009B
:10B9AC00000000000000000000000000000000008B
:10B9BC00000000000000000000000000000000007B
:10B9CC00000000000000000000000000000000006B
:10B9DC00000000000000000000000000000000005B
:10B9EC00000000000000000000000000000000004B
:10B9FC00000000000000000000000000000000003B
:10BA0C00000000000000000000000000000000002A
:10BA1C00000000000000000000000000000000001A
:10BA2C00000000000000000000000000000000000A
:10BA3C0000000000000000000000000000000000FA
:10BA4C0000000000000000000029DE07007B9A17B0
:10BA5C003C0A002000000000E80300000000000089
:10BA6C00255D0100595A0100380C0020600C0020A3
:10BA7C00140203208030202000000000430000004E
:10BA8C0000000000000000000000000000000000AA
:10BA9C000000000000000000000000004300000057
:10BAAC00000000000000000000000000000000008A
:10BABC000000000000000000000000004300000037
:10BACC00000000000000000000000000000000006A
:10BADC000000000000000000000000004300000017
:10BAEC00000000000000000000000000000000004A
:10BAFC0000000000000000000000000043000000F7
:10BB0C000000000000000000000000000000000029
:10BB1C0000000000000000000000000043000000D6
:10BB2C000000000000000000000000000000000009
:10BB3C0000000000000000000000000043000000B6
:10BB4C0000000000000000000000000000000000E9
:10BB5C000000000000000000000000004300000096
:10BB6C0000000000000000000000000000000000C9
:10BB7C0000000000000000000000000000000000B9
:10BB8C0000000000000000000000000000000000A9
:10BB9C000000000000000000000000000000000099
:10BBAC000000000000000000000000000000000089
:10BBBC000000000000000000000000000000000079
:10BBCC000000000000000000000000000000000069
:10BBDC000000000000000000000000000000000059
:10BBEC000000000000000000000000000000000049
:10BBFC000000000000000000000000000000000039
:10BC0C000000000000000000000000000000000028
:10BC1C000000000000000000000000000000000018
:10BC2C000000000000000000000000000000000008
:10BC3C0000000000000000000000000000000000F8
:10BC4C0000000000FD1002001909020000000000B5
:10BC5C00E00C002088260020201D0020201D002044
:10BC6C00201D0020201D0020201D0020201D002054
:10BC7C00201D0020201D0020201D0020FFFFFFFFA5
:10BC8C00FFFFFFFFFFFFFFFFFFFF0000010041531D
:10BC9C0043494900000000000000000000000000C3
:10BCAC0000000000000000000000000000004153F4
:10BCBC0043494900000000000000000000000000A3
:10BCCC000000000000000000000000000000000068
:10BCDC00FFFFFFFF00000200000000000300000057
:10BCEC00580203206836002012010002EF020140C6
:10BCFC00C01683048002010203010000C803032064
:10BD0C0028000000000104000100000000000000F9
:10BD1C00020157494E55534200000000000000003C
:10BD2C00000000000000000012034D00530046000C
:10BD3C005400310030003000F8000000000000001A
:10BD4C0000000000000000080000000000000000DF
:10BD5C0000000000000000000000000000000008CF
:10BD6C0000000000000000000000000000000000C7
:10BD7C0000000000000000080000000000000000AF
:10BD8C0000000000640A002000000000E80300002E
:10BD9C0000000000000000000C0300000000000088
:10BDAC0000000000000000000000000000000A2954
:10BDBC000000000000000000000000000000000077
:10BDCC000000000000000000000000000000000067
:10BDDC000000000000000000000000000000000057
:10BDEC000000000000000000000000000000000047
:10BDFC000000000000000000000000000000000037
:10BE0C000000000000000000000000000000000026
:10BE1C000000000000000000000000000000000016
:10BE2C000000000000000000000000000000000006
:10BE3C0000000000000000000000000000000000F6
:10BE4C0000000000000000000000000000000000E6
:10BE5C0000000000000000000000000000000000D6
:10BE6C0000000000000000000000000000000000C6
:10BE7C0000000000000000000000000000000000B6
:10BE8C0000000000000000000000000000000000A6
:10BE9C000000000000000000000000000000000096
:10BEAC000000000000000000000000000000000086
:10BEBC000000000000000000000000000000000076
:10BECC000000000000000000000000000000000066
:10BEDC000000000000000000000000000000000056
:10BEEC000000000000000000000000000000000046
:10BEFC000000000000000000000000000000000036
:10BF0C000000000000000000000000000000000025
:10BF1C000000000000000000000000000000000015
:10BF2C000000000000000000000000000000000005
:10BF3C0000000000000000000000000000000000F5
:10BF4C0000000000000000000000000000000000E5
:10BF5C0000000000000000000000000000000000D5
:10BF6C0000000000000000000000000000000000C5
:10BF7C0000000000000000000000000000000000B5
:10BF8C0000000000000000000000000000000000A5
:10BF9C000000000000000000000000000000000095
:10BFAC000000000000000000000000000000000085
:10BFBC000000000000000000000000000000000075
:10BFCC000000000000000000000000000000000065
:10BFDC000000000000000000000000000000000055
:10BFEC000000000000000000000000000000000045
:10BFFC000000000000000000000000000000000035
:10C00C000000000000000000000000000000000024
:10C01C000000000000000000000000000000000014
:10C02C000000000000000000000000000000000004
:10C03C0000000000000000000000000000000000F4
:10C04C0000000000000000000000000000000000E4
:10C05C0000000000000000000000000000000000D4
:10C06C0000000000000000000000000000000000C4
:10C07C0000000000000000000000000000000000B4
:10C08C0000000000000000000000000000000000A4
:10C09C000000000000000000000000000000000094
:10C0AC00FFFFFFFFFFFFFFFFFFFFFFFFFFFFFFFF94
:10C0BC00FFFFFFFFFFFFFFFFFFFFFFFFFFFFFFFF84
:10C0CC00FFFFFFFFFFFFFFFFFFFFFFFFFFFFFFFF74
:10C0DC00FFFFFFFFFFFFFFFFFFFFFFFFFFFFFFFF64
:10C0EC00FFFFFFFFFFFFFFFFFFFFFFFFFFFFFFFF54
:10C0FC00FFFFFFFFFFFFFFFFFFFFFFFFFFFFFFFF44
:10C10C00FFFFFFFFFFFFFFFFFFFFFFFFFFFFFFFF33
:10C11C00FFFFFFFFFFFFFFFFFFFFFFFFFFFFFFFF23
:10C12C00FFFFFFFFFFFFFFFFFFFFFFFFFFFFFFFF13
:10C13C00FFFFFFFFFFFFFFFFFFFFFFFFFFFFFFFF03
:10C14C00FFFFFFFFFFFFFFFFFFFFFFFFFFFFFFFFF3
:10C15C00FFFFFFFFFFFFFFFFFFFFFFFFFFFFFFFFE3
:10C16C00FFFFFFFFFFFFFFFFFFFFFFFFFFFFFFFFD3
:10C17C00FFFFFFFFFFFFFFFFFFFFFFFFFFFFFFFFC3
:10C18C00FFFFFFFFFFFFFFFFFFFFFFFFFFFFFFFFB3
:10C19C00FFFFFFFFFFFFFFFFFFFFFFFFFFFFFFFFA3
:10C1AC00FFFFFFFFFFFFFFFFFFFFFFFFFFFFFFFF93
:10C1BC00FFFFFFFFFFFFFFFFFFFFFFFFFFFFFFFF83
:10C1CC00FFFFFFFFFFFFFFFFFFFFFFFFFFFFFFFF73
:10C1DC00FFFFFFFFFFFFFFFFFFFFFFFFFFFFFFFF63
:10C1EC00FFFFFFFFFFFFFFFFFFFFFFFFFFFFFFFF53
:10C1FC00FFFFFFFFFFFFFFFFFFFFFFFFFFFFFFFF43
:10C20C00FFFFFFFFFFFFFFFFFFFFFFFFFFFFFFFF32
:10C21C00FFFFFFFFFFFFFFFFFFFFFFFFFFFFFFFF22
:10C22C00FFFFFFFFFFFFFFFFFFFFFFFFFFFFFFFF12
:10C23C00FFFFFFFFFFFFFFFFFFFFFFFFFFFFFFFF02
:10C24C00FFFFFFFFFFFFFFFFFFFFFFFFFFFFFFFFF2
:10C25C00FFFFFFFFFFFFFFFFFFFFFFFFFFFFFFFFE2
:10C26C00FFFFFFFFFFFFFFFFFFFFFFFFFFFFFFFFD2
:10C27C00FFFFFFFFFFFFFFFFFFFFFFFFFFFFFFFFC2
:10C28C00FFFFFFFFFFFFFFFFFFFFFFFFFFFFFFFFB2
:10C29C00FFFFFFFFFFFFFFFFFFFFFFFFFFFFFFFFA2
:10C2AC00FFFFFFFFFFFFFFFFFFFFFFFFFFFFFFFF92
:10C2BC00FFFFFFFFFFFFFFFFFFFFFFFFFFFFFFFF82
:10C2CC00FFFFFFFFFFFFFFFFFFFFFFFFFFFFFFFF72
:10C2DC00FFFFFFFFFFFFFFFFFFFFFFFFFFFFFFFF62
:10C2EC00FFFFFFFFFFFFFFFFFFFFFFFFFFFFFFFF52
:10C2FC00FFFFFFFFFFFFFFFFFFFFFFFFFFFFFFFF42
:10C30C00FFFFFFFFFFFFFFFFFFFFFFFFFFFFFFFF31
:10C31C00FFFFFFFFFFFFFFFFFFFFFFFFFFFFFFFF21
:10C32C00FFFFFFFFFFFFFFFFFFFFFFFFFFFFFFFF11
:10C33C00FFFFFFFFFFFFFFFFFFFFFFFFFFFFFFFF01
:10C34C00FFFFFFFFFFFFFFFFFFFFFFFFFFFFFFFFF1
:10C35C00FFFFFFFFFFFFFFFFFFFFFFFFFFFFFFFFE1
:10C36C00FFFFFFFFFFFFFFFFFFFFFFFFFFFFFFFFD1
:10C37C00FFFFFFFFFFFFFFFFFFFFFFFFFFFFFFFFC1
:10C38C00FFFFFFFFFFFFFFFFFFFFFFFFFFFFFFFFB1
:10C39C00FFFFFFFFFFFFFFFFFFFFFFFFFFFFFFFFA1
:10C3AC00FFFFFFFFFFFFFFFFFFFFFFFFFFFFFFFF91
:10C3BC00FFFFFFFFFFFFFFFFFFFFFFFFFFFFFFFF81
:10C3CC00FFFFFFFFFFFFFFFFFFFFFFFFFFFFFFFF71
:10C3DC00FFFFFFFFFFFFFFFFFFFFFFFFFFFFFFFF61
:10C3EC00FFFFFFFFFFFFFFFFFFFFFFFFFFFFFFFF51
:10C3FC00FFFFFFFF00000000000000000000000035
:10C40C000000000000000000000000000000000020
:10C41C000000000000000000000000000000000010
:10C42C000000000000000000000000000000000000
:10C43C0000000000000000000000000000000000F0
:10C44C0000000000000000000000000000000000E0
:10C45C0000000000000000000000000000000000D0
:10C46C0000000000000000000000000000000000C0
:10C47C0000000000000000000000000000000000B0
:10C48C0000000000000000000000000000000000A0
:10C49C000000000000000000000000000000000090
:10C4AC000000000000000000000000000000000080
:10C4BC000000000000000000000000000000000070
:10C4CC000000000000000000000000000000000060
:10C4DC000000000000000000000000000000000050
:10C4EC000000000000000000000000000000000040
:10C4FC000000000000000000000000000000000030
:10C50C00000000000000000000000000000000001F
:10C51C00000000000000000000000000000000000F
:10C52C0000000000000000000000000000000000FF
:10C53C0000000000000000000000000000000000EF
:10C54C0000000000000000000000000000000000DF
:10C55C0000000000000000000000000000000000CF
:10C56C0000000000000000000000000000000000BF
:10C57C0000000000000000000000000000000000AF
:10C58C00000000000000000000000000000000009F
:10C59C00000000000000000000000000000000008F
:10C5AC00000000000000000000000000000000007F
:10C5BC00000000000000000000000000000000006F
:10C5CC00000000000000000000000000000000005F
:10C5DC00000000000000000000000000000000004F
:10C5EC00000000000000000000000000000000003F
:10C5FC00000000000000000000000000000000002F
:10C60C00000000000000000000000000000000001E
:10C61C00000000000000000000000000000000000E
:10C62C0000000000000000000000000000000000FE
:10C63C0000000000000000000000000000000000EE
:10C64C0000000000000000000000000000000000DE
:10C65C0000000000000000000000000000000000CE
:10C66C0000000000000000000000000000000000BE
:10C67C0000000000000000000000000000000000AE
:10C68C00000000000000000000000000000000009E
:10C69C00000000000000000000000000000000008E
:10C6AC00000000000000000000000000000000007E
:10C6BC00000000000000000000000000000000006E
:10C6CC00000000000000000000000000000000005E
:10C6DC00000000000000000000000000000000004E
:10C6EC00000000000000000000000000000000003E
:10C6FC00000000000000000000000000000000002E
:10C70C00000000000000000000000000000000001D
:10C71C00000000000000000000000000000000000D
:10C72C0000000000000000000000000000000000FD
:10C73C0000000000000000000000000000000000ED
:10C74C0000000000000000000000000000000000DD
:10C75C0000000000000000000000000000000000CD
:10C76C0000000000000000000000000000000000BD
:10C77C0000000000000000000000000000000000AD
:10C78C00000000000000000000000000000000009D
:10C79C00000000000000000000000000000000008D
:10C7AC00000000000000000000000000000000007D
:10C7BC00000000000000000000000000000000006D
:10C7CC00000000000000000000000000000000005D
:10C7DC00000000000000000000000000000000004D
:10C7EC00000000000000000000000000000000003D
:10C7FC00000000000000000000000000000000002D
:10C80C00000000000000000000000000000000001C
:10C81C00000000000000000000000000000000000C
:10C82C0000000000000000000000000000000000FC
:10C83C0000000000000000000000000000000000EC
:10C84C0000000000000000000000000000000000DC
:10C85C0000000000000000000000000000000000CC
:10C86C0000000000000000000000000000000000BC
:10C87C0000000000000000000000000000000000AC
:10C88C00000000000000000000000000000000009C
:10C89C00000000000000000000000000000000008C
:10C8AC00000000000000000000000000000000007C
:10C8BC00000000000000000000000000000000006C
:10C8CC00000000000000000000000000000000005C
:10C8DC00000000000000000000000000000000004C
:10C8EC00000000000000000000000000000000003C
:10C8FC00000000000000000000000000000000002C
:10C90C00000000000000000000000000000000001B
:10C91C00000000000000000000000000000000000B
:10C92C0000000000000000000000000000000000FB
:10C93C0000000000000000000000000000000000EB
:10C94C0000000000000000000000000000000000DB
:10C95C0000000000000000000000000000000000CB
:10C96C0000000000000000000000000000000000BB
:10C97C0000000000000000000000000000000000AB
:10C98C00000000000000000000000000000000009B
:10C99C00000000000000000000000000000000008B
:10C9AC00000000000000000000000000000000007B
:10C9BC00000000000000000000000000000000006B
:10C9CC00000000000000000000000000000000005B
:10C9DC00000000000000000000000000000000004B
:10C9EC00000000000000000000000000000000003B
:10C9FC00000000000000000000000000000000002B
:10CA0C00000000000000000000000000000000001A
:10CA1C00000000000000000000000000000000000A
:10CA2C0000000000000000000000000000000000FA
:10CA3C0000000000000000000000000000000000EA
:10CA4C0000000000000000000000000000000000DA
:10CA5C0000000000000000000000000000000000CA
:10CA6C0000000000000000000000000000000000BA
:10CA7C0000000000000000000000000000000000AA
:10CA8C00000000000000000000000000000000009A
:10CA9C00000000000000000000000000000000008A
:10CAAC00000000000000000000000000000000007A
:10CABC00000000000000000000000000000000006A
:10CACC00000000000000000000000000000000005A
:10CADC00000000000000000000000000000000004A
:10CAEC00000000000000000000000000000000003A
:10CAFC00000000000000000000000000000000002A
:10CB0C000000000000000000000000000000000019
:10CB1C000000000000000000000000000000000009
:10CB2C0000000000000000000000000000000000F9
:10CB3C0000000000000000000000000000000000E9
:10CB4C0000000000000000000000000000000000D9
:10CB5C0000000000000000000000000000000000C9
:10CB6C0000000000000000000000000000000000B9
:10CB7C0000000000000000000000000000000000A9
:10CB8C000000000000000000000000000000000099
:10CB9C000000000000000000000000000000000089
:10CBAC000000000000000000000000000000000079
:10CBBC000000000000000000000000000000000069
:10CBCC000000000000000000000000000000000059
:10CBDC000000000000000000000000000000000049
:10CBEC000000000000000000000000000000000039
:10CBFC000000000000000000000000000000000029
:10CC0C000000000000000000000000000000000018
:10CC1C000000000000000000000000000000000008
:10CC2C0000000000000000000000000000000000F8
:10CC3C0000000000000000000000000000000000E8
:10CC4C0000000000000000000000000000000000D8
:10CC5C0000000000000000000000000000000000C8
:10CC6C0000000000000000000000000000000000B8
:10CC7C0000000000000000000000000000000000A8
:10CC8C000000000000000000000000000000000098
:10CC9C000000000000000000000000000000000088
:10CCAC000000000000000000000000000000000078
:10CCBC000000000000000000000000000000000068
:10CCCC000000000000000000000000000000000058
:10CCDC000000000000000000000000000000000048
:10CCEC000000000000000000000000000000000038
:10CCFC000000000000000000000000000000000028
:10CD0C000000000000000000000000000000000017
:10CD1C000000000000000000000000000000000007
:10CD2C0000000000000000000000000000000000F7
:10CD3C0000000000000000000000000000000000E7
:10CD4C0000000000000000000000000000000000D7
:10CD5C0000000000000000000000000000000000C7
:10CD6C0000000000000000000000000000000000B7
:10CD7C0000000000000000000000000000000000A7
:10CD8C000000000000000000000000000000000097
:10CD9C000000000000000000000000000000000087
:10CDAC000000000000000000000000000000000077
:10CDBC000000000000000000000000000000000067
:10CDCC000000000000000000000000000000000057
:10CDDC000000000000000000000000000000000047
:10CDEC000000000000000000000000000000000037
:10CDFC000000000000000000000000000000000027
:10CE0C000000000000000000000000000000000016
:10CE1C000000000000000000000000000000000006
:10CE2C0000000000000000000000000000000000F6
:10CE3C0000000000000000000000000000000000E6
:10CE4C0000000000000000000000000000000000D6
:10CE5C0000000000000000000000000000000000C6
:10CE6C0000000000000000000000000000000000B6
:10CE7C0000000000000000000000000000000000A6
:10CE8C000000000000000000000000000000000096
:10CE9C000000000000000000000000000000000086
:10CEAC000000000000000000000000000000000076
:10CEBC000000000000000000000000000000000066
:10CECC000000000000000000000000000000000056
:10CEDC000000000000000000000000000000000046
:10CEEC000000000000000000000000000000000036
:10CEFC000000000000000000000000000000000026
:10CF0C000000000000000000000000000000000015
:10CF1C000000000000000000000000000000000005
:10CF2C0000000000000000000000000000000000F5
:10CF3C0000000000000000000000000000000000E5
:10CF4C0000000000000000000000000000000000D5
:10CF5C0000000000000000000000000000000000C5
:10CF6C0000000000000000000000000000000000B5
:10CF7C0000000000000000000000000000000000A5
:10CF8C000000000000000000000000000000000095
:10CF9C000000000000000000000000000000000085
:10CFAC000000000000000000000000000000000075
:10CFBC000000000000000000000000000000000065
:10CFCC000000000000000000000000000000000055
:10CFDC000000000000000000000000000000000045
:10CFEC000000000000000000000000000000000035
:04CFFC000000000031
:040000056000100087
:00000001FF
